2025-12-04 20:28:05,511 - [cli.py] - INFO - Initializing Application...
2025-12-04 20:28:05,511 - [core.analyzer.py] - INFO - Starting analysis on ./data/input/MarkRutte
2025-12-04 20:28:05,511 - [core.analyzer.py] - INFO - Analyzing single image: ./data/input/img11.jpg
2025-12-04 20:28:29,390 - [cli.py] - INFO - Initializing Application...
2025-12-04 20:28:29,390 - [core.analyzer.py] - INFO - Starting analysis on ./data/input/MarkRutte
2025-12-04 20:28:29,390 - [core.analyzer.py] - INFO - Analyzing single image: ./data/input/img11.jpg
2025-12-05 15:38:03,776 - [cli.py] - INFO - Initializing Application...
2025-12-05 15:38:03,776 - [cli.py] - ERROR - You must provide either --image or --video input.
2025-12-05 15:41:55,556 - [cli.py] - INFO - Initializing Application...
2025-12-05 15:41:55,556 - [core.analyzer.py] - INFO - Starting analysis on None
2025-12-05 15:41:55,556 - [core.analyzer.py] - INFO - Analyzing single image: ./data/input/img11.jpg
2025-12-05 15:41:56,373 - [core.analyzer.py] - INFO - Finished image: img11.jpg
2025-12-05 15:55:52,704 - [cli.py] - INFO - Initializing Application...
2025-12-05 15:55:52,704 - [core.analyzer.py] - INFO - Starting analysis on ./data/input/Mr
2025-12-05 15:55:52,704 - [core.analyzer.py] - INFO - Analyzing video: ./data/input/Mr
2025-12-05 15:55:52,704 - [VideoProcessor] - ERROR - Could not open source: Mr
2025-12-05 15:58:43,460 - [cli.py] - INFO - Initializing Application...
2025-12-05 15:58:43,460 - [core.analyzer.py] - INFO - Starting analysis on ./data/input/MarkRutte/MarkRutte_MatthijsNieuwkerk.mp4
2025-12-05 15:58:43,460 - [core.analyzer.py] - INFO - Analyzing video: ./data/input/MarkRutte/MarkRutte_MatthijsNieuwkerk.mp4
2025-12-05 15:58:43,617 - [VideoProcessor] - INFO - Starting processing: MarkRutte_MatthijsNieuwkerk.mp4 (FPS: 25.00)
2025-12-05 15:58:43,929 - [core.frame.py] - ERROR - Error analyzing InMemoryFrame: 'NoneType' object has no attribute 'get'
2025-12-05 15:58:44,390 - [core.frame.py] - ERROR - Error analyzing InMemoryFrame: 'NoneType' object has no attribute 'get'
2025-12-05 15:58:44,421 - [core.frame.py] - ERROR - Error analyzing InMemoryFrame: 'NoneType' object has no attribute 'get'
2025-12-05 15:58:44,585 - [core.frame.py] - ERROR - Error analyzing InMemoryFrame: 'NoneType' object has no attribute 'get'
2025-12-05 15:58:44,620 - [core.frame.py] - ERROR - Error analyzing InMemoryFrame: 'NoneType' object has no attribute 'get'
2025-12-05 15:58:44,650 - [core.frame.py] - ERROR - Error analyzing InMemoryFrame: 'NoneType' object has no attribute 'get'
2025-12-05 15:58:44,878 - [VideoProcessor] - INFO - Processed 10 frames...
2025-12-05 15:58:45,311 - [VideoProcessor] - INFO - Processed 20 frames...
2025-12-05 15:58:45,500 - [core.frame.py] - ERROR - Error analyzing InMemoryFrame: 'NoneType' object has no attribute 'get'
2025-12-05 15:58:45,521 - [core.frame.py] - ERROR - Error analyzing InMemoryFrame: 'NoneType' object has no attribute 'get'
2025-12-05 15:58:45,601 - [core.frame.py] - ERROR - Error analyzing InMemoryFrame: 'NoneType' object has no attribute 'get'
2025-12-05 15:58:45,633 - [core.frame.py] - ERROR - Error analyzing InMemoryFrame: 'NoneType' object has no attribute 'get'
2025-12-05 15:58:45,659 - [core.frame.py] - ERROR - Error analyzing InMemoryFrame: 'NoneType' object has no attribute 'get'
2025-12-05 15:58:45,719 - [core.frame.py] - ERROR - Error analyzing InMemoryFrame: 'NoneType' object has no attribute 'get'
2025-12-05 15:58:45,887 - [VideoProcessor] - INFO - Processed 30 frames...
2025-12-05 15:58:46,112 - [core.frame.py] - ERROR - Error analyzing InMemoryFrame: 'NoneType' object has no attribute 'get'
2025-12-05 15:58:46,139 - [core.frame.py] - ERROR - Error analyzing InMemoryFrame: 'NoneType' object has no attribute 'get'
2025-12-05 15:58:46,183 - [core.frame.py] - ERROR - Error analyzing InMemoryFrame: 'NoneType' object has no attribute 'get'
2025-12-05 15:58:46,212 - [core.frame.py] - ERROR - Error analyzing InMemoryFrame: 'NoneType' object has no attribute 'get'
2025-12-05 15:58:46,367 - [core.frame.py] - ERROR - Error analyzing InMemoryFrame: 'NoneType' object has no attribute 'get'
2025-12-05 15:58:46,451 - [VideoProcessor] - INFO - Processed 40 frames...
2025-12-05 15:58:46,902 - [VideoProcessor] - INFO - Processed 50 frames...
2025-12-05 15:58:47,419 - [VideoProcessor] - INFO - Processed 60 frames...
2025-12-05 15:58:47,683 - [core.frame.py] - ERROR - Error analyzing InMemoryFrame: 'NoneType' object has no attribute 'get'
2025-12-05 15:58:47,847 - [VideoProcessor] - INFO - Processed 70 frames...
2025-12-05 15:58:48,216 - [core.frame.py] - ERROR - Error analyzing InMemoryFrame: 'NoneType' object has no attribute 'get'
2025-12-05 15:58:48,244 - [core.frame.py] - ERROR - Error analyzing InMemoryFrame: 'NoneType' object has no attribute 'get'
2025-12-05 15:58:48,368 - [VideoProcessor] - INFO - Processed 80 frames...
2025-12-05 15:58:48,632 - [core.frame.py] - ERROR - Error analyzing InMemoryFrame: 'NoneType' object has no attribute 'get'
2025-12-05 15:58:48,654 - [core.frame.py] - ERROR - Error analyzing InMemoryFrame: 'NoneType' object has no attribute 'get'
2025-12-05 15:58:48,722 - [core.frame.py] - ERROR - Error analyzing InMemoryFrame: 'NoneType' object has no attribute 'get'
2025-12-05 15:58:48,742 - [core.frame.py] - ERROR - Error analyzing InMemoryFrame: 'NoneType' object has no attribute 'get'
2025-12-05 15:58:48,868 - [VideoProcessor] - INFO - Processed 90 frames...
2025-12-05 15:58:49,032 - [VideoProcessor] - INFO - Finished MarkRutte_MatthijsNieuwkerk.mp4. Total detections: 93
2025-12-05 16:04:56,474 - [cli.py] - INFO - Initializing Application...
2025-12-05 16:04:56,474 - [core.analyzer.py] - INFO - Starting analysis on ./data/input/MarkRutte/MarkRutte_MatthijsNieuwkerk.mp4
2025-12-05 16:04:56,474 - [core.analyzer.py] - INFO - Analyzing video: ./data/input/MarkRutte/MarkRutte_MatthijsNieuwkerk.mp4
2025-12-05 16:04:56,484 - [VideoProcessor] - INFO - Starting processing: MarkRutte_MatthijsNieuwkerk.mp4 (FPS: 25.00)
2025-12-05 16:04:56,820 - [core.frame.py] - WARNING - No face detected in frame: InMemoryFrame
2025-12-05 16:04:57,278 - [core.frame.py] - WARNING - No face detected in frame: InMemoryFrame
2025-12-05 16:04:57,306 - [core.frame.py] - WARNING - No face detected in frame: InMemoryFrame
2025-12-05 16:04:57,460 - [core.frame.py] - WARNING - No face detected in frame: InMemoryFrame
2025-12-05 16:04:57,485 - [core.frame.py] - WARNING - No face detected in frame: InMemoryFrame
2025-12-05 16:04:57,519 - [core.frame.py] - WARNING - No face detected in frame: InMemoryFrame
2025-12-05 16:04:57,750 - [VideoProcessor] - INFO - Processed 10 frames...
2025-12-05 16:04:58,214 - [VideoProcessor] - INFO - Processed 20 frames...
2025-12-05 16:04:58,392 - [core.frame.py] - WARNING - No face detected in frame: InMemoryFrame
2025-12-05 16:04:58,422 - [core.frame.py] - WARNING - No face detected in frame: InMemoryFrame
2025-12-05 16:04:58,490 - [core.frame.py] - WARNING - No face detected in frame: InMemoryFrame
2025-12-05 16:04:58,518 - [core.frame.py] - WARNING - No face detected in frame: InMemoryFrame
2025-12-05 16:04:58,552 - [core.frame.py] - WARNING - No face detected in frame: InMemoryFrame
2025-12-05 16:04:58,617 - [core.frame.py] - WARNING - No face detected in frame: InMemoryFrame
2025-12-05 16:04:58,767 - [VideoProcessor] - INFO - Processed 30 frames...
2025-12-05 16:04:58,995 - [core.frame.py] - WARNING - No face detected in frame: InMemoryFrame
2025-12-05 16:04:59,026 - [core.frame.py] - WARNING - No face detected in frame: InMemoryFrame
2025-12-05 16:04:59,060 - [core.frame.py] - WARNING - No face detected in frame: InMemoryFrame
2025-12-05 16:04:59,099 - [core.frame.py] - WARNING - No face detected in frame: InMemoryFrame
2025-12-05 16:04:59,249 - [core.frame.py] - WARNING - No face detected in frame: InMemoryFrame
2025-12-05 16:04:59,336 - [VideoProcessor] - INFO - Processed 40 frames...
2025-12-05 16:04:59,786 - [VideoProcessor] - INFO - Processed 50 frames...
2025-12-05 16:05:00,307 - [VideoProcessor] - INFO - Processed 60 frames...
2025-12-05 16:05:00,604 - [core.frame.py] - WARNING - No face detected in frame: InMemoryFrame
2025-12-05 16:05:00,767 - [VideoProcessor] - INFO - Processed 70 frames...
2025-12-05 16:05:01,139 - [core.frame.py] - WARNING - No face detected in frame: InMemoryFrame
2025-12-05 16:05:01,166 - [core.frame.py] - WARNING - No face detected in frame: InMemoryFrame
2025-12-05 16:05:01,281 - [VideoProcessor] - INFO - Processed 80 frames...
2025-12-05 16:05:01,548 - [core.frame.py] - WARNING - No face detected in frame: InMemoryFrame
2025-12-05 16:05:01,574 - [core.frame.py] - WARNING - No face detected in frame: InMemoryFrame
2025-12-05 16:05:01,638 - [core.frame.py] - WARNING - No face detected in frame: InMemoryFrame
2025-12-05 16:05:01,658 - [core.frame.py] - WARNING - No face detected in frame: InMemoryFrame
2025-12-05 16:05:01,784 - [VideoProcessor] - INFO - Processed 90 frames...
2025-12-05 16:05:01,938 - [VideoProcessor] - INFO - Finished MarkRutte_MatthijsNieuwkerk.mp4. Total detections: 93
2025-12-05 16:09:14,109 - [cli.py] - INFO - Initializing Application...
2025-12-05 16:09:14,109 - [core.analyzer.py] - INFO - Starting analysis on ./data/input/MarkRutte/MarkRutte_MatthijsNieuwkerk.mp4
2025-12-05 16:09:14,109 - [core.analyzer.py] - INFO - Analyzing video: ./data/input/MarkRutte/MarkRutte_MatthijsNieuwkerk.mp4
2025-12-05 16:09:14,124 - [VideoProcessor] - INFO - Starting processing: MarkRutte_MatthijsNieuwkerk.mp4 (FPS: 25.00)
2025-12-05 16:09:14,420 - [core.frame.py] - WARNING - No face detected in frame: InMemoryFrame
2025-12-05 16:12:34,031 - [core.frame.py] - WARNING - No face detected in frame: InMemoryFrame
2025-12-05 16:12:36,530 - [core.frame.py] - WARNING - No face detected in frame: InMemoryFrame
2025-12-05 16:12:43,132 - [core.frame.py] - WARNING - No face detected in frame: InMemoryFrame
2025-12-05 16:12:43,828 - [core.frame.py] - WARNING - No face detected in frame: InMemoryFrame
2025-12-05 16:12:47,999 - [core.frame.py] - WARNING - No face detected in frame: InMemoryFrame
2025-12-05 16:16:28,710 - [cli.py] - INFO - Initializing Application...
2025-12-05 16:16:28,710 - [core.analyzer.py] - INFO - Starting analysis on ./data/input/MarkRutte/MarkRutte_MatthijsNieuwkerk.mp4
2025-12-05 16:16:28,710 - [core.analyzer.py] - INFO - Analyzing video: ./data/input/MarkRutte/MarkRutte_MatthijsNieuwkerk.mp4
2025-12-05 16:16:28,726 - [VideoProcessor] - INFO - Starting processing: MarkRutte_MatthijsNieuwkerk.mp4 (FPS: 25.00)
2025-12-05 16:16:29,022 - [core.frame.py] - WARNING - No face detected in frame: InMemoryFrame
2025-12-05 16:16:29,706 - [core.frame.py] - WARNING - No face detected in frame: InMemoryFrame
2025-12-05 16:16:29,729 - [core.frame.py] - WARNING - No face detected in frame: InMemoryFrame
2025-12-05 16:16:29,908 - [core.frame.py] - WARNING - No face detected in frame: InMemoryFrame
2025-12-05 16:16:29,942 - [core.frame.py] - WARNING - No face detected in frame: InMemoryFrame
2025-12-05 16:16:29,976 - [core.frame.py] - WARNING - No face detected in frame: InMemoryFrame
2025-12-05 16:16:30,227 - [VideoProcessor] - INFO - Processed 10 frames...
2025-12-05 16:16:30,726 - [VideoProcessor] - INFO - Processed 20 frames...
2025-12-05 16:16:30,928 - [core.frame.py] - WARNING - No face detected in frame: InMemoryFrame
2025-12-05 16:16:30,957 - [core.frame.py] - WARNING - No face detected in frame: InMemoryFrame
2025-12-05 16:16:31,030 - [core.frame.py] - WARNING - No face detected in frame: InMemoryFrame
2025-12-05 16:16:31,060 - [core.frame.py] - WARNING - No face detected in frame: InMemoryFrame
2025-12-05 16:16:31,092 - [core.frame.py] - WARNING - No face detected in frame: InMemoryFrame
2025-12-05 16:16:31,160 - [core.frame.py] - WARNING - No face detected in frame: InMemoryFrame
2025-12-05 16:16:31,327 - [VideoProcessor] - INFO - Processed 30 frames...
2025-12-05 16:16:31,566 - [core.frame.py] - WARNING - No face detected in frame: InMemoryFrame
2025-12-05 16:16:31,592 - [core.frame.py] - WARNING - No face detected in frame: InMemoryFrame
2025-12-05 16:16:31,630 - [core.frame.py] - WARNING - No face detected in frame: InMemoryFrame
2025-12-05 16:16:31,663 - [core.frame.py] - WARNING - No face detected in frame: InMemoryFrame
2025-12-05 16:16:31,825 - [core.frame.py] - WARNING - No face detected in frame: InMemoryFrame
2025-12-05 16:16:31,926 - [VideoProcessor] - INFO - Processed 40 frames...
2025-12-05 16:16:32,413 - [VideoProcessor] - INFO - Processed 50 frames...
2025-12-05 16:16:33,027 - [VideoProcessor] - INFO - Processed 60 frames...
2025-12-05 16:16:33,347 - [core.frame.py] - WARNING - No face detected in frame: InMemoryFrame
2025-12-05 16:16:33,506 - [VideoProcessor] - INFO - Processed 70 frames...
2025-12-05 16:16:33,932 - [core.frame.py] - WARNING - No face detected in frame: InMemoryFrame
2025-12-05 16:16:33,964 - [core.frame.py] - WARNING - No face detected in frame: InMemoryFrame
2025-12-05 16:16:34,097 - [VideoProcessor] - INFO - Processed 80 frames...
2025-12-05 16:16:34,419 - [core.frame.py] - WARNING - No face detected in frame: InMemoryFrame
2025-12-05 16:16:34,444 - [core.frame.py] - WARNING - No face detected in frame: InMemoryFrame
2025-12-05 16:16:34,518 - [core.frame.py] - WARNING - No face detected in frame: InMemoryFrame
2025-12-05 16:16:34,544 - [core.frame.py] - WARNING - No face detected in frame: InMemoryFrame
2025-12-05 16:16:34,691 - [VideoProcessor] - INFO - Processed 90 frames...
2025-12-05 16:16:34,870 - [VideoProcessor] - INFO - Finished MarkRutte_MatthijsNieuwkerk.mp4. Total detections: 93
2025-12-05 17:22:01,673 - [cli.py] - INFO - Initializing Application...
2025-12-05 17:22:01,673 - [core.analyzer.py] - INFO - Starting analysis on ./data/input/MarkRutte/MarkRutte_MariekeElsinga.mkv
2025-12-05 17:22:01,673 - [core.analyzer.py] - INFO - Analyzing video: ./data/input/MarkRutte/MarkRutte_MariekeElsinga.mkv
2025-12-05 17:22:01,698 - [VideoProcessor] - INFO - Starting processing: MarkRutte_MariekeElsinga.mkv (FPS: 25.00)
2025-12-05 17:22:04,691 - [VideoProcessor] - INFO - Processed 10 frames...
2025-12-05 17:22:06,956 - [VideoProcessor] - INFO - Processed 20 frames...
2025-12-05 17:22:09,223 - [VideoProcessor] - INFO - Processed 30 frames...
2025-12-05 17:22:11,643 - [VideoProcessor] - INFO - Processed 40 frames...
2025-12-05 17:22:14,123 - [VideoProcessor] - INFO - Processed 50 frames...
2025-12-05 17:22:14,765 - [core.frame.py] - WARNING - No face detected in frame: InMemoryFrame
2025-12-05 17:22:14,962 - [core.frame.py] - WARNING - No face detected in frame: InMemoryFrame
2025-12-05 17:22:15,149 - [core.frame.py] - WARNING - No face detected in frame: InMemoryFrame
2025-12-05 17:22:15,167 - [VideoProcessor] - INFO - Finished MarkRutte_MariekeElsinga.mkv. Total detections: 52
2025-12-05 17:27:35,076 - [cli.py] - INFO - Initializing Application...
2025-12-05 17:27:35,076 - [core.analyzer.py] - INFO - Starting analysis on ./data/input/MarkRutte/MarkRutte_MariekeElsinga.mkv
2025-12-05 17:27:35,076 - [core.analyzer.py] - INFO - Analyzing video: ./data/input/MarkRutte/MarkRutte_MariekeElsinga.mkv
2025-12-05 17:27:35,091 - [VideoProcessor] - INFO - Starting processing: MarkRutte_MariekeElsinga.mkv (FPS: 25.00)
2025-12-05 17:27:38,670 - [VideoProcessor] - INFO - Finished MarkRutte_MariekeElsinga.mkv. Total detections: 3
2025-12-05 17:38:26,505 - [cli.py] - INFO - Initializing Application...
2025-12-05 17:38:26,505 - [core.analyzer.py] - INFO - Starting analysis on ./data/input/MarkRutte/MarkRutte_MariekeElsinga.mkv
2025-12-05 17:38:26,505 - [core.analyzer.py] - INFO - Analyzing video: ./data/input/MarkRutte/MarkRutte_MariekeElsinga.mkv
2025-12-05 17:38:26,528 - [VideoProcessor] - INFO - Starting processing: MarkRutte_MariekeElsinga.mkv (FPS: 25.00)
2025-12-05 17:38:28,802 - [VideoProcessor] - INFO - Processed 10 frames...
2025-12-05 17:38:29,623 - [core.frame.py] - WARNING - No face detected in frame: InMemoryFrame
2025-12-05 17:38:29,774 - [core.frame.py] - WARNING - No face detected in frame: InMemoryFrame
2025-12-05 17:38:30,760 - [VideoProcessor] - INFO - Processed 20 frames...
2025-12-05 17:38:32,587 - [VideoProcessor] - INFO - Processed 30 frames...
2025-12-05 17:38:34,523 - [VideoProcessor] - INFO - Processed 40 frames...
2025-12-05 17:38:36,444 - [VideoProcessor] - INFO - Processed 50 frames...
2025-12-05 17:38:38,413 - [VideoProcessor] - INFO - Processed 60 frames...
2025-12-05 17:38:40,373 - [VideoProcessor] - INFO - Processed 70 frames...
2025-12-05 17:38:42,216 - [VideoProcessor] - INFO - Processed 80 frames...
2025-12-05 17:38:44,033 - [VideoProcessor] - INFO - Processed 90 frames...
2025-12-05 17:38:45,898 - [VideoProcessor] - INFO - Processed 100 frames...
2025-12-05 17:38:47,760 - [VideoProcessor] - INFO - Processed 110 frames...
2025-12-05 17:38:49,808 - [VideoProcessor] - INFO - Processed 120 frames...
2025-12-05 17:38:51,712 - [VideoProcessor] - INFO - Processed 130 frames...
2025-12-05 17:38:53,585 - [VideoProcessor] - INFO - Processed 140 frames...
2025-12-05 17:38:55,621 - [VideoProcessor] - INFO - Processed 150 frames...
2025-12-05 17:38:57,607 - [VideoProcessor] - INFO - Processed 160 frames...
2025-12-05 17:38:59,515 - [VideoProcessor] - INFO - Processed 170 frames...
2025-12-05 17:39:01,723 - [VideoProcessor] - INFO - Processed 180 frames...
2025-12-05 17:39:04,133 - [VideoProcessor] - INFO - Processed 190 frames...
2025-12-05 17:39:06,501 - [VideoProcessor] - INFO - Processed 200 frames...
2025-12-05 17:39:08,735 - [VideoProcessor] - INFO - Processed 210 frames...
2025-12-05 17:39:10,502 - [VideoProcessor] - INFO - Processed 220 frames...
2025-12-05 17:39:12,258 - [VideoProcessor] - INFO - Processed 230 frames...
2025-12-05 17:39:14,159 - [VideoProcessor] - INFO - Processed 240 frames...
2025-12-05 17:39:15,093 - [core.frame.py] - WARNING - No face detected in frame: InMemoryFrame
2025-12-05 17:39:15,259 - [core.frame.py] - WARNING - No face detected in frame: InMemoryFrame
2025-12-05 17:39:15,408 - [core.frame.py] - WARNING - No face detected in frame: InMemoryFrame
2025-12-05 17:39:16,078 - [core.frame.py] - WARNING - No face detected in frame: InMemoryFrame
2025-12-05 17:39:16,653 - [VideoProcessor] - INFO - Processed 250 frames...
2025-12-05 17:39:18,679 - [VideoProcessor] - INFO - Processed 260 frames...
2025-12-05 17:39:20,830 - [VideoProcessor] - INFO - Processed 270 frames...
2025-12-05 17:39:22,877 - [VideoProcessor] - INFO - Processed 280 frames...
2025-12-05 17:39:25,264 - [VideoProcessor] - INFO - Processed 290 frames...
2025-12-05 17:39:25,763 - [core.frame.py] - WARNING - No face detected in frame: InMemoryFrame
2025-12-05 17:39:25,990 - [core.frame.py] - WARNING - No face detected in frame: InMemoryFrame
2025-12-05 17:39:27,164 - [core.frame.py] - WARNING - No face detected in frame: InMemoryFrame
2025-12-05 17:39:27,395 - [core.frame.py] - WARNING - No face detected in frame: InMemoryFrame
2025-12-05 17:39:27,615 - [core.frame.py] - WARNING - No face detected in frame: InMemoryFrame
2025-12-05 17:39:28,582 - [VideoProcessor] - INFO - Processed 300 frames...
2025-12-05 17:39:30,536 - [VideoProcessor] - INFO - Processed 310 frames...
2025-12-05 17:39:31,165 - [core.frame.py] - WARNING - No face detected in frame: InMemoryFrame
2025-12-05 17:39:31,434 - [core.frame.py] - WARNING - No face detected in frame: InMemoryFrame
2025-12-05 17:39:31,655 - [core.frame.py] - WARNING - No face detected in frame: InMemoryFrame
2025-12-05 17:39:31,849 - [core.frame.py] - WARNING - No face detected in frame: InMemoryFrame
2025-12-05 17:39:32,072 - [core.frame.py] - WARNING - No face detected in frame: InMemoryFrame
2025-12-05 17:39:32,269 - [core.frame.py] - WARNING - No face detected in frame: InMemoryFrame
2025-12-05 17:39:32,449 - [core.frame.py] - WARNING - No face detected in frame: InMemoryFrame
2025-12-05 17:39:32,620 - [core.frame.py] - WARNING - No face detected in frame: InMemoryFrame
2025-12-05 17:39:32,787 - [core.frame.py] - WARNING - No face detected in frame: InMemoryFrame
2025-12-05 17:39:32,957 - [core.frame.py] - WARNING - No face detected in frame: InMemoryFrame
2025-12-05 17:39:33,135 - [core.frame.py] - WARNING - No face detected in frame: InMemoryFrame
2025-12-05 17:39:33,313 - [core.frame.py] - WARNING - No face detected in frame: InMemoryFrame
2025-12-05 17:39:33,491 - [core.frame.py] - WARNING - No face detected in frame: InMemoryFrame
2025-12-05 17:39:33,656 - [core.frame.py] - WARNING - No face detected in frame: InMemoryFrame
2025-12-05 17:39:33,832 - [core.frame.py] - WARNING - No face detected in frame: InMemoryFrame
2025-12-05 17:39:33,855 - [VideoProcessor] - INFO - Finished MarkRutte_MariekeElsinga.mkv. Total detections: 312
2025-12-05 18:59:25,014 - [cli.py] - INFO - Initializing Application...
2025-12-05 18:59:25,014 - [core.analyzer.py] - INFO - Starting analysis on ./data/input/MarkRutte/MarkRutte_MariekeElsinga.mkv
2025-12-05 18:59:25,014 - [core.analyzer.py] - INFO - Analyzing video: ./data/input/MarkRutte/MarkRutte_MariekeElsinga.mkv
2025-12-05 18:59:25,098 - [VideoProcessor] - INFO - Starting processing: MarkRutte_MariekeElsinga.mkv (FPS: 25.00)
2025-12-05 18:59:28,129 - [VideoProcessor] - INFO - Processed 10 frames...
2025-12-05 18:59:30,436 - [VideoProcessor] - INFO - Processed 20 frames...
2025-12-05 18:59:32,849 - [VideoProcessor] - INFO - Processed 30 frames...
2025-12-05 18:59:35,488 - [VideoProcessor] - INFO - Processed 40 frames...
2025-12-05 18:59:38,158 - [VideoProcessor] - INFO - Processed 50 frames...
2025-12-05 18:59:38,947 - [core.frame.py] - WARNING - No face detected in frame: InMemoryFrame
2025-12-05 18:59:39,162 - [core.frame.py] - WARNING - No face detected in frame: InMemoryFrame
2025-12-05 18:59:39,355 - [core.frame.py] - WARNING - No face detected in frame: InMemoryFrame
2025-12-05 18:59:39,370 - [VideoProcessor] - INFO - Finished MarkRutte_MariekeElsinga.mkv. Total detections: 52
2025-12-05 19:02:50,183 - [cli.py] - INFO - Initializing Application...
2025-12-05 19:02:50,183 - [core.analyzer.py] - INFO - Starting analysis on ./data/input/MarkRutte/MarkRutte_MariekeElsinga.mkv
2025-12-05 19:02:50,183 - [core.analyzer.py] - INFO - Analyzing video: ./data/input/MarkRutte/MarkRutte_MariekeElsinga.mkv
2025-12-05 19:02:50,204 - [VideoProcessor] - INFO - Starting processing: MarkRutte_MariekeElsinga.mkv (FPS: 25.00)
2025-12-05 19:02:53,061 - [VideoProcessor] - INFO - Processed 10 frames...
2025-12-05 19:02:55,339 - [VideoProcessor] - INFO - Processed 20 frames...
2025-12-05 19:02:57,588 - [VideoProcessor] - INFO - Processed 30 frames...
2025-12-05 19:02:59,916 - [VideoProcessor] - INFO - Processed 40 frames...
2025-12-05 19:03:02,206 - [VideoProcessor] - INFO - Processed 50 frames...
2025-12-05 19:03:02,791 - [core.frame.py] - WARNING - No face detected in frame: InMemoryFrame
2025-12-05 19:03:02,982 - [core.frame.py] - WARNING - No face detected in frame: InMemoryFrame
2025-12-05 19:03:03,166 - [core.frame.py] - WARNING - No face detected in frame: InMemoryFrame
2025-12-05 19:03:03,169 - [VideoProcessor] - INFO - Finished MarkRutte_MariekeElsinga.mkv. Total detections: 52
2025-12-05 19:04:40,350 - [cli.py] - INFO - Initializing Application...
2025-12-05 19:04:40,350 - [core.analyzer.py] - INFO - Starting analysis on ./data/input/MarkRutte/MarkRutte_MariekeElsinga.mkv
2025-12-05 19:04:40,350 - [core.analyzer.py] - INFO - Analyzing video: ./data/input/MarkRutte/MarkRutte_MariekeElsinga.mkv
2025-12-05 19:04:40,363 - [VideoProcessor] - INFO - Starting processing: MarkRutte_MariekeElsinga.mkv (FPS: 25.00)
2025-12-05 19:04:43,149 - [VideoProcessor] - INFO - Processed 10 frames...
2025-12-05 19:04:45,372 - [VideoProcessor] - INFO - Processed 20 frames...
2025-12-05 19:04:47,759 - [VideoProcessor] - INFO - Processed 30 frames...
2025-12-05 19:04:50,251 - [VideoProcessor] - INFO - Processed 40 frames...
2025-12-05 19:04:52,588 - [VideoProcessor] - INFO - Processed 50 frames...
2025-12-05 19:04:53,177 - [core.frame.py] - WARNING - No face detected in frame: InMemoryFrame
2025-12-05 19:04:53,362 - [core.frame.py] - WARNING - No face detected in frame: InMemoryFrame
2025-12-05 19:04:53,546 - [core.frame.py] - WARNING - No face detected in frame: InMemoryFrame
2025-12-05 19:04:53,561 - [VideoProcessor] - INFO - Finished MarkRutte_MariekeElsinga.mkv. Total detections: 52
2025-12-06 11:25:38,375 - [cli.py] - INFO - Initializing Application...
2025-12-06 11:26:07,124 - [cli.py] - INFO - Initializing Application...
2025-12-06 11:35:09,921 - [cli.py] - INFO - Initializing Application...
2025-12-06 11:35:09,922 - [core.analyzer.py] - INFO - Starting analysis on ./data/input/MarkRutte/MarkRutte_MatthijsNieuwkerk.mp4
2025-12-06 11:35:09,922 - [core.analyzer.py] - INFO - Analyzing video: ./data/input/MarkRutte/MarkRutte_MatthijsNieuwkerk.mp4
2025-12-06 11:35:10,002 - [VideoProcessor] - INFO - Starting processing: MarkRutte_MatthijsNieuwkerk.mp4 (FPS: 25.00)
2025-12-06 11:35:10,358 - [core.frame.py] - WARNING - No face detected in frame: InMemoryFrame
2025-12-06 11:35:10,873 - [core.frame.py] - WARNING - No face detected in frame: InMemoryFrame
2025-12-06 11:35:10,917 - [core.frame.py] - WARNING - No face detected in frame: InMemoryFrame
2025-12-06 11:35:10,948 - [core.frame.py] - WARNING - No face detected in frame: InMemoryFrame
2025-12-06 11:35:11,024 - [core.frame.py] - WARNING - No face detected in frame: InMemoryFrame
2025-12-06 11:35:11,293 - [core.frame.py] - WARNING - No face detected in frame: InMemoryFrame
2025-12-06 11:35:11,320 - [core.frame.py] - WARNING - No face detected in frame: InMemoryFrame
2025-12-06 11:35:11,353 - [core.frame.py] - WARNING - No face detected in frame: InMemoryFrame
2025-12-06 11:35:11,383 - [core.frame.py] - WARNING - No face detected in frame: InMemoryFrame
2025-12-06 11:35:11,413 - [core.frame.py] - WARNING - No face detected in frame: InMemoryFrame
2025-12-06 11:35:11,444 - [core.frame.py] - WARNING - No face detected in frame: InMemoryFrame
2025-12-06 11:35:11,471 - [core.frame.py] - WARNING - No face detected in frame: InMemoryFrame
2025-12-06 11:35:11,537 - [core.frame.py] - WARNING - No face detected in frame: InMemoryFrame
2025-12-06 11:35:11,578 - [VideoProcessor] - INFO - Processed 10 frames...
2025-12-06 11:35:11,612 - [core.frame.py] - WARNING - No face detected in frame: InMemoryFrame
2025-12-06 11:35:11,612 - [VideoProcessor] - INFO - Processed 10 frames...
2025-12-06 11:35:11,645 - [core.frame.py] - WARNING - No face detected in frame: InMemoryFrame
2025-12-06 11:35:11,646 - [VideoProcessor] - INFO - Processed 10 frames...
2025-12-06 11:35:12,038 - [VideoProcessor] - INFO - Processed 20 frames...
2025-12-06 11:35:12,473 - [VideoProcessor] - INFO - Processed 30 frames...
2025-12-06 11:35:12,874 - [VideoProcessor] - INFO - Processed 40 frames...
2025-12-06 11:35:13,328 - [VideoProcessor] - INFO - Processed 50 frames...
2025-12-06 11:35:13,413 - [core.frame.py] - WARNING - No face detected in frame: InMemoryFrame
2025-12-06 11:35:13,447 - [core.frame.py] - WARNING - No face detected in frame: InMemoryFrame
2025-12-06 11:35:13,760 - [core.frame.py] - WARNING - No face detected in frame: InMemoryFrame
2025-12-06 11:35:13,797 - [core.frame.py] - WARNING - No face detected in frame: InMemoryFrame
2025-12-06 11:35:13,863 - [core.frame.py] - WARNING - No face detected in frame: InMemoryFrame
2025-12-06 11:35:13,883 - [core.frame.py] - WARNING - No face detected in frame: InMemoryFrame
2025-12-06 11:35:13,919 - [core.frame.py] - WARNING - No face detected in frame: InMemoryFrame
2025-12-06 11:35:13,947 - [core.frame.py] - WARNING - No face detected in frame: InMemoryFrame
2025-12-06 11:35:13,967 - [core.frame.py] - WARNING - No face detected in frame: InMemoryFrame
2025-12-06 11:35:14,013 - [VideoProcessor] - INFO - Processed 60 frames...
2025-12-06 11:35:14,048 - [core.frame.py] - WARNING - No face detected in frame: InMemoryFrame
2025-12-06 11:35:14,048 - [VideoProcessor] - INFO - Processed 60 frames...
2025-12-06 11:35:14,071 - [core.frame.py] - WARNING - No face detected in frame: InMemoryFrame
2025-12-06 11:35:14,071 - [VideoProcessor] - INFO - Processed 60 frames...
2025-12-06 11:35:14,105 - [core.frame.py] - WARNING - No face detected in frame: InMemoryFrame
2025-12-06 11:35:14,105 - [VideoProcessor] - INFO - Processed 60 frames...
2025-12-06 11:35:14,167 - [core.frame.py] - WARNING - No face detected in frame: InMemoryFrame
2025-12-06 11:35:14,196 - [core.frame.py] - WARNING - No face detected in frame: InMemoryFrame
2025-12-06 11:35:14,230 - [core.frame.py] - WARNING - No face detected in frame: InMemoryFrame
2025-12-06 11:35:14,344 - [core.frame.py] - WARNING - No face detected in frame: InMemoryFrame
2025-12-06 11:35:14,365 - [core.frame.py] - WARNING - No face detected in frame: InMemoryFrame
2025-12-06 11:35:14,404 - [core.frame.py] - WARNING - No face detected in frame: InMemoryFrame
2025-12-06 11:35:14,431 - [core.frame.py] - WARNING - No face detected in frame: InMemoryFrame
2025-12-06 11:35:14,453 - [core.frame.py] - WARNING - No face detected in frame: InMemoryFrame
2025-12-06 11:35:14,485 - [core.frame.py] - WARNING - No face detected in frame: InMemoryFrame
2025-12-06 11:35:14,512 - [core.frame.py] - WARNING - No face detected in frame: InMemoryFrame
2025-12-06 11:35:14,531 - [core.frame.py] - WARNING - No face detected in frame: InMemoryFrame
2025-12-06 11:35:14,566 - [core.frame.py] - WARNING - No face detected in frame: InMemoryFrame
2025-12-06 11:35:14,596 - [core.frame.py] - WARNING - No face detected in frame: InMemoryFrame
2025-12-06 11:35:14,614 - [core.frame.py] - WARNING - No face detected in frame: InMemoryFrame
2025-12-06 11:35:14,652 - [core.frame.py] - WARNING - No face detected in frame: InMemoryFrame
2025-12-06 11:35:14,680 - [core.frame.py] - WARNING - No face detected in frame: InMemoryFrame
2025-12-06 11:35:14,704 - [core.frame.py] - WARNING - No face detected in frame: InMemoryFrame
2025-12-06 11:35:14,731 - [core.frame.py] - WARNING - No face detected in frame: InMemoryFrame
2025-12-06 11:35:14,764 - [core.frame.py] - WARNING - No face detected in frame: InMemoryFrame
2025-12-06 11:35:14,796 - [core.frame.py] - WARNING - No face detected in frame: InMemoryFrame
2025-12-06 11:35:14,814 - [core.frame.py] - WARNING - No face detected in frame: InMemoryFrame
2025-12-06 11:35:14,847 - [core.frame.py] - WARNING - No face detected in frame: InMemoryFrame
2025-12-06 11:35:14,926 - [core.frame.py] - WARNING - No face detected in frame: InMemoryFrame
2025-12-06 11:35:14,990 - [core.frame.py] - WARNING - No face detected in frame: InMemoryFrame
2025-12-06 11:35:15,017 - [core.frame.py] - WARNING - No face detected in frame: InMemoryFrame
2025-12-06 11:35:15,037 - [core.frame.py] - WARNING - No face detected in frame: InMemoryFrame
2025-12-06 11:35:15,225 - [VideoProcessor] - INFO - Processed 70 frames...
2025-12-06 11:35:15,371 - [core.frame.py] - WARNING - No face detected in frame: InMemoryFrame
2025-12-06 11:35:15,396 - [core.frame.py] - WARNING - No face detected in frame: InMemoryFrame
2025-12-06 11:35:15,430 - [core.frame.py] - WARNING - No face detected in frame: InMemoryFrame
2025-12-06 11:35:15,691 - [VideoProcessor] - INFO - Processed 80 frames...
2025-12-06 11:35:16,072 - [VideoProcessor] - INFO - Processed 90 frames...
2025-12-06 11:35:16,426 - [VideoProcessor] - INFO - Processed 100 frames...
2025-12-06 11:35:16,792 - [core.frame.py] - WARNING - No face detected in frame: InMemoryFrame
2025-12-06 11:35:16,817 - [core.frame.py] - WARNING - No face detected in frame: InMemoryFrame
2025-12-06 11:35:16,848 - [core.frame.py] - WARNING - No face detected in frame: InMemoryFrame
2025-12-06 11:35:16,870 - [core.frame.py] - WARNING - No face detected in frame: InMemoryFrame
2025-12-06 11:35:16,914 - [VideoProcessor] - INFO - Processed 110 frames...
2025-12-06 11:35:17,294 - [VideoProcessor] - INFO - Processed 120 frames...
2025-12-06 11:35:17,613 - [core.frame.py] - WARNING - No face detected in frame: InMemoryFrame
2025-12-06 11:35:17,637 - [core.frame.py] - WARNING - No face detected in frame: InMemoryFrame
2025-12-06 11:35:17,672 - [core.frame.py] - WARNING - No face detected in frame: InMemoryFrame
2025-12-06 11:35:17,698 - [core.frame.py] - WARNING - No face detected in frame: InMemoryFrame
2025-12-06 11:35:17,720 - [core.frame.py] - WARNING - No face detected in frame: InMemoryFrame
2025-12-06 11:35:17,754 - [core.frame.py] - WARNING - No face detected in frame: InMemoryFrame
2025-12-06 11:35:17,784 - [core.frame.py] - WARNING - No face detected in frame: InMemoryFrame
2025-12-06 11:35:17,808 - [core.frame.py] - WARNING - No face detected in frame: InMemoryFrame
2025-12-06 11:35:17,837 - [core.frame.py] - WARNING - No face detected in frame: InMemoryFrame
2025-12-06 11:35:17,907 - [core.frame.py] - WARNING - No face detected in frame: InMemoryFrame
2025-12-06 11:35:17,931 - [core.frame.py] - WARNING - No face detected in frame: InMemoryFrame
2025-12-06 11:35:17,965 - [core.frame.py] - WARNING - No face detected in frame: InMemoryFrame
2025-12-06 11:35:17,987 - [core.frame.py] - WARNING - No face detected in frame: InMemoryFrame
2025-12-06 11:35:18,019 - [core.frame.py] - WARNING - No face detected in frame: InMemoryFrame
2025-12-06 11:35:18,049 - [core.frame.py] - WARNING - No face detected in frame: InMemoryFrame
2025-12-06 11:35:18,070 - [core.frame.py] - WARNING - No face detected in frame: InMemoryFrame
2025-12-06 11:35:18,098 - [core.frame.py] - WARNING - No face detected in frame: InMemoryFrame
2025-12-06 11:35:18,132 - [core.frame.py] - WARNING - No face detected in frame: InMemoryFrame
2025-12-06 11:35:18,152 - [core.frame.py] - WARNING - No face detected in frame: InMemoryFrame
2025-12-06 11:35:18,187 - [core.frame.py] - WARNING - No face detected in frame: InMemoryFrame
2025-12-06 11:35:18,215 - [core.frame.py] - WARNING - No face detected in frame: InMemoryFrame
2025-12-06 11:35:18,247 - [core.frame.py] - WARNING - No face detected in frame: InMemoryFrame
2025-12-06 11:35:18,271 - [core.frame.py] - WARNING - No face detected in frame: InMemoryFrame
2025-12-06 11:35:18,299 - [core.frame.py] - WARNING - No face detected in frame: InMemoryFrame
2025-12-06 11:35:18,337 - [VideoProcessor] - INFO - Processed 130 frames...
2025-12-06 11:35:18,365 - [core.frame.py] - WARNING - No face detected in frame: InMemoryFrame
2025-12-06 11:35:18,365 - [VideoProcessor] - INFO - Processed 130 frames...
2025-12-06 11:35:18,400 - [core.frame.py] - WARNING - No face detected in frame: InMemoryFrame
2025-12-06 11:35:18,401 - [VideoProcessor] - INFO - Processed 130 frames...
2025-12-06 11:35:18,425 - [core.frame.py] - WARNING - No face detected in frame: InMemoryFrame
2025-12-06 11:35:18,425 - [VideoProcessor] - INFO - Processed 130 frames...
2025-12-06 11:35:18,454 - [core.frame.py] - WARNING - No face detected in frame: InMemoryFrame
2025-12-06 11:35:18,454 - [VideoProcessor] - INFO - Processed 130 frames...
2025-12-06 11:35:18,482 - [core.frame.py] - WARNING - No face detected in frame: InMemoryFrame
2025-12-06 11:35:18,482 - [VideoProcessor] - INFO - Processed 130 frames...
2025-12-06 11:35:18,509 - [core.frame.py] - WARNING - No face detected in frame: InMemoryFrame
2025-12-06 11:35:18,509 - [VideoProcessor] - INFO - Processed 130 frames...
2025-12-06 11:35:18,537 - [core.frame.py] - WARNING - No face detected in frame: InMemoryFrame
2025-12-06 11:35:18,537 - [VideoProcessor] - INFO - Processed 130 frames...
2025-12-06 11:35:18,647 - [core.frame.py] - WARNING - No face detected in frame: InMemoryFrame
2025-12-06 11:35:18,667 - [core.frame.py] - WARNING - No face detected in frame: InMemoryFrame
2025-12-06 11:35:18,701 - [core.frame.py] - WARNING - No face detected in frame: InMemoryFrame
2025-12-06 11:35:18,720 - [core.frame.py] - WARNING - No face detected in frame: InMemoryFrame
2025-12-06 11:35:18,749 - [core.frame.py] - WARNING - No face detected in frame: InMemoryFrame
2025-12-06 11:35:18,848 - [core.frame.py] - WARNING - No face detected in frame: InMemoryFrame
2025-12-06 11:35:18,882 - [core.frame.py] - WARNING - No face detected in frame: InMemoryFrame
2025-12-06 11:35:18,915 - [core.frame.py] - WARNING - No face detected in frame: InMemoryFrame
2025-12-06 11:35:18,984 - [core.frame.py] - WARNING - No face detected in frame: InMemoryFrame
2025-12-06 11:35:19,015 - [core.frame.py] - WARNING - No face detected in frame: InMemoryFrame
2025-12-06 11:35:19,086 - [core.frame.py] - WARNING - No face detected in frame: InMemoryFrame
2025-12-06 11:35:19,159 - [core.frame.py] - WARNING - No face detected in frame: InMemoryFrame
2025-12-06 11:35:19,187 - [core.frame.py] - WARNING - No face detected in frame: InMemoryFrame
2025-12-06 11:35:19,216 - [core.frame.py] - WARNING - No face detected in frame: InMemoryFrame
2025-12-06 11:35:19,249 - [core.frame.py] - WARNING - No face detected in frame: InMemoryFrame
2025-12-06 11:35:19,270 - [core.frame.py] - WARNING - No face detected in frame: InMemoryFrame
2025-12-06 11:35:19,299 - [core.frame.py] - WARNING - No face detected in frame: InMemoryFrame
2025-12-06 11:35:19,333 - [core.frame.py] - WARNING - No face detected in frame: InMemoryFrame
2025-12-06 11:35:19,366 - [core.frame.py] - WARNING - No face detected in frame: InMemoryFrame
2025-12-06 11:35:19,388 - [core.frame.py] - WARNING - No face detected in frame: InMemoryFrame
2025-12-06 11:35:19,416 - [core.frame.py] - WARNING - No face detected in frame: InMemoryFrame
2025-12-06 11:35:19,449 - [core.frame.py] - WARNING - No face detected in frame: InMemoryFrame
2025-12-06 11:35:19,469 - [core.frame.py] - WARNING - No face detected in frame: InMemoryFrame
2025-12-06 11:35:19,504 - [core.frame.py] - WARNING - No face detected in frame: InMemoryFrame
2025-12-06 11:35:19,536 - [core.frame.py] - WARNING - No face detected in frame: InMemoryFrame
2025-12-06 11:35:19,555 - [core.frame.py] - WARNING - No face detected in frame: InMemoryFrame
2025-12-06 11:35:19,588 - [core.frame.py] - WARNING - No face detected in frame: InMemoryFrame
2025-12-06 11:35:19,621 - [core.frame.py] - WARNING - No face detected in frame: InMemoryFrame
2025-12-06 11:35:19,649 - [core.frame.py] - WARNING - No face detected in frame: InMemoryFrame
2025-12-06 11:35:19,682 - [core.frame.py] - WARNING - No face detected in frame: InMemoryFrame
2025-12-06 11:35:19,704 - [core.frame.py] - WARNING - No face detected in frame: InMemoryFrame
2025-12-06 11:35:19,737 - [core.frame.py] - WARNING - No face detected in frame: InMemoryFrame
2025-12-06 11:35:19,766 - [core.frame.py] - WARNING - No face detected in frame: InMemoryFrame
2025-12-06 11:35:19,786 - [core.frame.py] - WARNING - No face detected in frame: InMemoryFrame
2025-12-06 11:35:19,820 - [core.frame.py] - WARNING - No face detected in frame: InMemoryFrame
2025-12-06 11:35:19,847 - [core.frame.py] - WARNING - No face detected in frame: InMemoryFrame
2025-12-06 11:35:19,871 - [core.frame.py] - WARNING - No face detected in frame: InMemoryFrame
2025-12-06 11:35:19,899 - [core.frame.py] - WARNING - No face detected in frame: InMemoryFrame
2025-12-06 11:35:19,922 - [core.frame.py] - WARNING - No face detected in frame: InMemoryFrame
2025-12-06 11:35:19,955 - [core.frame.py] - WARNING - No face detected in frame: InMemoryFrame
2025-12-06 11:35:19,982 - [core.frame.py] - WARNING - No face detected in frame: InMemoryFrame
2025-12-06 11:35:20,012 - [core.frame.py] - WARNING - No face detected in frame: InMemoryFrame
2025-12-06 11:35:20,037 - [core.frame.py] - WARNING - No face detected in frame: InMemoryFrame
2025-12-06 11:35:20,066 - [core.frame.py] - WARNING - No face detected in frame: InMemoryFrame
2025-12-06 11:35:20,138 - [core.frame.py] - WARNING - No face detected in frame: InMemoryFrame
2025-12-06 11:35:20,213 - [VideoProcessor] - INFO - Processed 140 frames...
2025-12-06 11:35:20,238 - [core.frame.py] - WARNING - No face detected in frame: InMemoryFrame
2025-12-06 11:35:20,238 - [VideoProcessor] - INFO - Processed 140 frames...
2025-12-06 11:35:20,298 - [core.frame.py] - WARNING - No face detected in frame: InMemoryFrame
2025-12-06 11:35:20,335 - [core.frame.py] - WARNING - No face detected in frame: InMemoryFrame
2025-12-06 11:35:20,366 - [core.frame.py] - WARNING - No face detected in frame: InMemoryFrame
2025-12-06 11:35:20,546 - [core.frame.py] - WARNING - No face detected in frame: InMemoryFrame
2025-12-06 11:35:20,617 - [core.frame.py] - WARNING - No face detected in frame: InMemoryFrame
2025-12-06 11:35:20,794 - [VideoProcessor] - INFO - Processed 150 frames...
2025-12-06 11:35:21,193 - [VideoProcessor] - INFO - Processed 160 frames...
2025-12-06 11:35:21,578 - [VideoProcessor] - INFO - Processed 170 frames...
2025-12-06 11:35:21,963 - [VideoProcessor] - INFO - Processed 180 frames...
2025-12-06 11:35:22,347 - [VideoProcessor] - INFO - Processed 190 frames...
2025-12-06 11:35:22,740 - [VideoProcessor] - INFO - Processed 200 frames...
2025-12-06 11:35:22,916 - [core.frame.py] - WARNING - No face detected in frame: InMemoryFrame
2025-12-06 11:35:22,990 - [core.frame.py] - WARNING - No face detected in frame: InMemoryFrame
2025-12-06 11:35:23,082 - [core.frame.py] - WARNING - No face detected in frame: InMemoryFrame
2025-12-06 11:35:23,248 - [VideoProcessor] - INFO - Processed 210 frames...
2025-12-06 11:35:23,797 - [VideoProcessor] - INFO - Processed 220 frames...
2025-12-06 11:35:24,364 - [VideoProcessor] - INFO - Processed 230 frames...
2025-12-06 11:35:24,890 - [VideoProcessor] - INFO - Processed 240 frames...
2025-12-06 11:35:25,428 - [VideoProcessor] - INFO - Processed 250 frames...
2025-12-06 11:35:26,012 - [VideoProcessor] - INFO - Processed 260 frames...
2025-12-06 11:35:26,598 - [VideoProcessor] - INFO - Processed 270 frames...
2025-12-06 11:35:27,254 - [VideoProcessor] - INFO - Processed 280 frames...
2025-12-06 11:35:27,721 - [VideoProcessor] - INFO - Processed 290 frames...
2025-12-06 11:35:28,082 - [VideoProcessor] - INFO - Processed 300 frames...
2025-12-06 11:35:28,459 - [VideoProcessor] - INFO - Processed 310 frames...
2025-12-06 11:35:28,829 - [VideoProcessor] - INFO - Processed 320 frames...
2025-12-06 11:35:29,214 - [VideoProcessor] - INFO - Processed 330 frames...
2025-12-06 11:35:29,581 - [VideoProcessor] - INFO - Processed 340 frames...
2025-12-06 11:35:29,948 - [VideoProcessor] - INFO - Processed 350 frames...
2025-12-06 11:35:30,331 - [VideoProcessor] - INFO - Processed 360 frames...
2025-12-06 11:35:30,706 - [VideoProcessor] - INFO - Processed 370 frames...
2025-12-06 11:35:31,077 - [VideoProcessor] - INFO - Processed 380 frames...
2025-12-06 11:35:31,466 - [VideoProcessor] - INFO - Processed 390 frames...
2025-12-06 11:35:31,844 - [VideoProcessor] - INFO - Processed 400 frames...
2025-12-06 11:35:32,218 - [VideoProcessor] - INFO - Processed 410 frames...
2025-12-06 11:35:32,581 - [VideoProcessor] - INFO - Processed 420 frames...
2025-12-06 11:35:32,938 - [VideoProcessor] - INFO - Processed 430 frames...
2025-12-06 11:35:33,308 - [VideoProcessor] - INFO - Processed 440 frames...
2025-12-06 11:35:33,657 - [VideoProcessor] - INFO - Processed 450 frames...
2025-12-06 11:35:34,013 - [VideoProcessor] - INFO - Processed 460 frames...
2025-12-06 11:35:34,366 - [VideoProcessor] - INFO - Processed 470 frames...
2025-12-06 11:35:34,729 - [VideoProcessor] - INFO - Processed 480 frames...
2025-12-06 11:35:35,078 - [VideoProcessor] - INFO - Processed 490 frames...
2025-12-06 11:35:35,431 - [VideoProcessor] - INFO - Processed 500 frames...
2025-12-06 11:35:35,786 - [VideoProcessor] - INFO - Processed 510 frames...
2025-12-06 11:35:36,135 - [VideoProcessor] - INFO - Processed 520 frames...
2025-12-06 11:35:36,466 - [core.frame.py] - WARNING - No face detected in frame: InMemoryFrame
2025-12-06 11:35:36,505 - [VideoProcessor] - INFO - Processed 530 frames...
2025-12-06 11:35:36,525 - [core.frame.py] - WARNING - No face detected in frame: InMemoryFrame
2025-12-06 11:35:36,525 - [VideoProcessor] - INFO - Processed 530 frames...
2025-12-06 11:35:36,834 - [VideoProcessor] - INFO - Processed 540 frames...
2025-12-06 11:35:37,174 - [VideoProcessor] - INFO - Processed 550 frames...
2025-12-06 11:35:37,506 - [VideoProcessor] - INFO - Processed 560 frames...
2025-12-06 11:35:37,819 - [VideoProcessor] - INFO - Processed 570 frames...
2025-12-06 11:35:38,152 - [VideoProcessor] - INFO - Processed 580 frames...
2025-12-06 11:35:38,496 - [VideoProcessor] - INFO - Processed 590 frames...
2025-12-06 11:35:38,820 - [core.frame.py] - WARNING - No face detected in frame: InMemoryFrame
2025-12-06 11:35:38,839 - [core.frame.py] - WARNING - No face detected in frame: InMemoryFrame
2025-12-06 11:35:38,861 - [core.frame.py] - WARNING - No face detected in frame: InMemoryFrame
2025-12-06 11:35:38,888 - [core.frame.py] - WARNING - No face detected in frame: InMemoryFrame
2025-12-06 11:35:38,912 - [core.frame.py] - WARNING - No face detected in frame: InMemoryFrame
2025-12-06 11:35:38,939 - [VideoProcessor] - INFO - Processed 600 frames...
2025-12-06 11:35:38,974 - [core.frame.py] - WARNING - No face detected in frame: InMemoryFrame
2025-12-06 11:35:38,974 - [VideoProcessor] - INFO - Processed 600 frames...
2025-12-06 11:35:38,995 - [core.frame.py] - WARNING - No face detected in frame: InMemoryFrame
2025-12-06 11:35:38,995 - [VideoProcessor] - INFO - Processed 600 frames...
2025-12-06 11:35:39,024 - [core.frame.py] - WARNING - No face detected in frame: InMemoryFrame
2025-12-06 11:35:39,024 - [VideoProcessor] - INFO - Processed 600 frames...
2025-12-06 11:35:39,045 - [core.frame.py] - WARNING - No face detected in frame: InMemoryFrame
2025-12-06 11:35:39,045 - [VideoProcessor] - INFO - Processed 600 frames...
2025-12-06 11:35:39,106 - [core.frame.py] - WARNING - No face detected in frame: InMemoryFrame
2025-12-06 11:35:39,126 - [core.frame.py] - WARNING - No face detected in frame: InMemoryFrame
2025-12-06 11:35:39,145 - [core.frame.py] - WARNING - No face detected in frame: InMemoryFrame
2025-12-06 11:35:39,173 - [core.frame.py] - WARNING - No face detected in frame: InMemoryFrame
2025-12-06 11:35:39,190 - [core.frame.py] - WARNING - No face detected in frame: InMemoryFrame
2025-12-06 11:35:39,223 - [core.frame.py] - WARNING - No face detected in frame: InMemoryFrame
2025-12-06 11:35:39,246 - [core.frame.py] - WARNING - No face detected in frame: InMemoryFrame
2025-12-06 11:35:39,272 - [core.frame.py] - WARNING - No face detected in frame: InMemoryFrame
2025-12-06 11:35:39,295 - [core.frame.py] - WARNING - No face detected in frame: InMemoryFrame
2025-12-06 11:35:39,316 - [core.frame.py] - WARNING - No face detected in frame: InMemoryFrame
2025-12-06 11:35:39,345 - [core.frame.py] - WARNING - No face detected in frame: InMemoryFrame
2025-12-06 11:35:39,363 - [core.frame.py] - WARNING - No face detected in frame: InMemoryFrame
2025-12-06 11:35:39,390 - [core.frame.py] - WARNING - No face detected in frame: InMemoryFrame
2025-12-06 11:35:39,411 - [core.frame.py] - WARNING - No face detected in frame: InMemoryFrame
2025-12-06 11:35:39,435 - [core.frame.py] - WARNING - No face detected in frame: InMemoryFrame
2025-12-06 11:35:39,460 - [core.frame.py] - WARNING - No face detected in frame: InMemoryFrame
2025-12-06 11:35:39,479 - [core.frame.py] - WARNING - No face detected in frame: InMemoryFrame
2025-12-06 11:35:39,507 - [core.frame.py] - WARNING - No face detected in frame: InMemoryFrame
2025-12-06 11:35:39,528 - [core.frame.py] - WARNING - No face detected in frame: InMemoryFrame
2025-12-06 11:35:39,556 - [core.frame.py] - WARNING - No face detected in frame: InMemoryFrame
2025-12-06 11:35:39,678 - [core.frame.py] - WARNING - No face detected in frame: InMemoryFrame
2025-12-06 11:35:39,749 - [core.frame.py] - WARNING - No face detected in frame: InMemoryFrame
2025-12-06 11:35:39,936 - [VideoProcessor] - INFO - Processed 610 frames...
2025-12-06 11:35:40,001 - [core.frame.py] - WARNING - No face detected in frame: InMemoryFrame
2025-12-06 11:35:40,025 - [core.frame.py] - WARNING - No face detected in frame: InMemoryFrame
2025-12-06 11:35:40,046 - [core.frame.py] - WARNING - No face detected in frame: InMemoryFrame
2025-12-06 11:35:40,106 - [core.frame.py] - WARNING - No face detected in frame: InMemoryFrame
2025-12-06 11:35:40,387 - [VideoProcessor] - INFO - Processed 620 frames...
2025-12-06 11:35:40,420 - [core.frame.py] - WARNING - No face detected in frame: InMemoryFrame
2025-12-06 11:35:40,421 - [VideoProcessor] - INFO - Processed 620 frames...
2025-12-06 11:35:40,442 - [core.frame.py] - WARNING - No face detected in frame: InMemoryFrame
2025-12-06 11:35:40,442 - [VideoProcessor] - INFO - Processed 620 frames...
2025-12-06 11:35:40,465 - [core.frame.py] - WARNING - No face detected in frame: InMemoryFrame
2025-12-06 11:35:40,465 - [VideoProcessor] - INFO - Processed 620 frames...
2025-12-06 11:35:40,491 - [core.frame.py] - WARNING - No face detected in frame: InMemoryFrame
2025-12-06 11:35:40,491 - [VideoProcessor] - INFO - Processed 620 frames...
2025-12-06 11:35:40,521 - [core.frame.py] - WARNING - No face detected in frame: InMemoryFrame
2025-12-06 11:35:40,521 - [VideoProcessor] - INFO - Processed 620 frames...
2025-12-06 11:35:40,546 - [core.frame.py] - WARNING - No face detected in frame: InMemoryFrame
2025-12-06 11:35:40,546 - [VideoProcessor] - INFO - Processed 620 frames...
2025-12-06 11:35:40,563 - [core.frame.py] - WARNING - No face detected in frame: InMemoryFrame
2025-12-06 11:35:40,563 - [VideoProcessor] - INFO - Processed 620 frames...
2025-12-06 11:35:40,623 - [core.frame.py] - WARNING - No face detected in frame: InMemoryFrame
2025-12-06 11:35:40,691 - [core.frame.py] - WARNING - No face detected in frame: InMemoryFrame
2025-12-06 11:35:40,708 - [core.frame.py] - WARNING - No face detected in frame: InMemoryFrame
2025-12-06 11:35:40,730 - [core.frame.py] - WARNING - No face detected in frame: InMemoryFrame
2025-12-06 11:35:40,759 - [core.frame.py] - WARNING - No face detected in frame: InMemoryFrame
2025-12-06 11:35:40,780 - [core.frame.py] - WARNING - No face detected in frame: InMemoryFrame
2025-12-06 11:35:40,801 - [core.frame.py] - WARNING - No face detected in frame: InMemoryFrame
2025-12-06 11:35:40,856 - [core.frame.py] - WARNING - No face detected in frame: InMemoryFrame
2025-12-06 11:35:40,889 - [core.frame.py] - WARNING - No face detected in frame: InMemoryFrame
2025-12-06 11:35:40,913 - [core.frame.py] - WARNING - No face detected in frame: InMemoryFrame
2025-12-06 11:35:40,937 - [core.frame.py] - WARNING - No face detected in frame: InMemoryFrame
2025-12-06 11:35:40,960 - [core.frame.py] - WARNING - No face detected in frame: InMemoryFrame
2025-12-06 11:35:40,980 - [core.frame.py] - WARNING - No face detected in frame: InMemoryFrame
2025-12-06 11:35:41,006 - [core.frame.py] - WARNING - No face detected in frame: InMemoryFrame
2025-12-06 11:35:41,058 - [core.frame.py] - WARNING - No face detected in frame: InMemoryFrame
2025-12-06 11:35:41,091 - [core.frame.py] - WARNING - No face detected in frame: InMemoryFrame
2025-12-06 11:35:41,112 - [core.frame.py] - WARNING - No face detected in frame: InMemoryFrame
2025-12-06 11:35:41,138 - [core.frame.py] - WARNING - No face detected in frame: InMemoryFrame
2025-12-06 11:35:41,167 - [core.frame.py] - WARNING - No face detected in frame: InMemoryFrame
2025-12-06 11:35:41,194 - [core.frame.py] - WARNING - No face detected in frame: InMemoryFrame
2025-12-06 11:35:41,219 - [core.frame.py] - WARNING - No face detected in frame: InMemoryFrame
2025-12-06 11:35:41,240 - [core.frame.py] - WARNING - No face detected in frame: InMemoryFrame
2025-12-06 11:35:41,263 - [core.frame.py] - WARNING - No face detected in frame: InMemoryFrame
2025-12-06 11:35:41,293 - [core.frame.py] - WARNING - No face detected in frame: InMemoryFrame
2025-12-06 11:35:41,326 - [core.frame.py] - WARNING - No face detected in frame: InMemoryFrame
2025-12-06 11:35:41,346 - [core.frame.py] - WARNING - No face detected in frame: InMemoryFrame
2025-12-06 11:35:41,378 - [core.frame.py] - WARNING - No face detected in frame: InMemoryFrame
2025-12-06 11:35:41,407 - [core.frame.py] - WARNING - No face detected in frame: InMemoryFrame
2025-12-06 11:35:41,428 - [core.frame.py] - WARNING - No face detected in frame: InMemoryFrame
2025-12-06 11:35:41,457 - [core.frame.py] - WARNING - No face detected in frame: InMemoryFrame
2025-12-06 11:35:41,479 - [core.frame.py] - WARNING - No face detected in frame: InMemoryFrame
2025-12-06 11:35:41,512 - [core.frame.py] - WARNING - No face detected in frame: InMemoryFrame
2025-12-06 11:35:41,540 - [core.frame.py] - WARNING - No face detected in frame: InMemoryFrame
2025-12-06 11:35:41,564 - [core.frame.py] - WARNING - No face detected in frame: InMemoryFrame
2025-12-06 11:35:41,595 - [core.frame.py] - WARNING - No face detected in frame: InMemoryFrame
2025-12-06 11:35:41,627 - [core.frame.py] - WARNING - No face detected in frame: InMemoryFrame
2025-12-06 11:35:41,657 - [core.frame.py] - WARNING - No face detected in frame: InMemoryFrame
2025-12-06 11:35:41,679 - [core.frame.py] - WARNING - No face detected in frame: InMemoryFrame
2025-12-06 11:35:41,712 - [core.frame.py] - WARNING - No face detected in frame: InMemoryFrame
2025-12-06 11:35:41,744 - [core.frame.py] - WARNING - No face detected in frame: InMemoryFrame
2025-12-06 11:35:41,765 - [core.frame.py] - WARNING - No face detected in frame: InMemoryFrame
2025-12-06 11:35:41,791 - [core.frame.py] - WARNING - No face detected in frame: InMemoryFrame
2025-12-06 11:35:41,824 - [core.frame.py] - WARNING - No face detected in frame: InMemoryFrame
2025-12-06 11:35:41,846 - [core.frame.py] - WARNING - No face detected in frame: InMemoryFrame
2025-12-06 11:35:41,873 - [core.frame.py] - WARNING - No face detected in frame: InMemoryFrame
2025-12-06 11:35:41,905 - [core.frame.py] - WARNING - No face detected in frame: InMemoryFrame
2025-12-06 11:35:41,927 - [core.frame.py] - WARNING - No face detected in frame: InMemoryFrame
2025-12-06 11:35:41,958 - [core.frame.py] - WARNING - No face detected in frame: InMemoryFrame
2025-12-06 11:35:41,988 - [core.frame.py] - WARNING - No face detected in frame: InMemoryFrame
2025-12-06 11:35:42,014 - [core.frame.py] - WARNING - No face detected in frame: InMemoryFrame
2025-12-06 11:35:42,040 - [core.frame.py] - WARNING - No face detected in frame: InMemoryFrame
2025-12-06 11:35:42,061 - [core.frame.py] - WARNING - No face detected in frame: InMemoryFrame
2025-12-06 11:35:42,095 - [core.frame.py] - WARNING - No face detected in frame: InMemoryFrame
2025-12-06 11:35:42,123 - [core.frame.py] - WARNING - No face detected in frame: InMemoryFrame
2025-12-06 11:35:42,152 - [core.frame.py] - WARNING - No face detected in frame: InMemoryFrame
2025-12-06 11:35:42,175 - [core.frame.py] - WARNING - No face detected in frame: InMemoryFrame
2025-12-06 11:35:42,212 - [core.frame.py] - WARNING - No face detected in frame: InMemoryFrame
2025-12-06 11:35:42,240 - [core.frame.py] - WARNING - No face detected in frame: InMemoryFrame
2025-12-06 11:35:42,272 - [core.frame.py] - WARNING - No face detected in frame: InMemoryFrame
2025-12-06 11:35:42,293 - [core.frame.py] - WARNING - No face detected in frame: InMemoryFrame
2025-12-06 11:35:42,328 - [core.frame.py] - WARNING - No face detected in frame: InMemoryFrame
2025-12-06 11:35:42,357 - [core.frame.py] - WARNING - No face detected in frame: InMemoryFrame
2025-12-06 11:35:42,389 - [core.frame.py] - WARNING - No face detected in frame: InMemoryFrame
2025-12-06 11:35:42,462 - [core.frame.py] - WARNING - No face detected in frame: InMemoryFrame
2025-12-06 11:35:42,490 - [core.frame.py] - WARNING - No face detected in frame: InMemoryFrame
2025-12-06 11:35:42,523 - [core.frame.py] - WARNING - No face detected in frame: InMemoryFrame
2025-12-06 11:35:42,558 - [core.frame.py] - WARNING - No face detected in frame: InMemoryFrame
2025-12-06 11:35:42,656 - [core.frame.py] - WARNING - No face detected in frame: InMemoryFrame
2025-12-06 11:35:42,696 - [core.frame.py] - WARNING - No face detected in frame: InMemoryFrame
2025-12-06 11:35:42,731 - [core.frame.py] - WARNING - No face detected in frame: InMemoryFrame
2025-12-06 11:35:42,778 - [core.frame.py] - WARNING - No face detected in frame: InMemoryFrame
2025-12-06 11:35:42,922 - [VideoProcessor] - INFO - Processed 630 frames...
2025-12-06 11:35:43,154 - [core.frame.py] - WARNING - No face detected in frame: InMemoryFrame
2025-12-06 11:35:43,176 - [core.frame.py] - WARNING - No face detected in frame: InMemoryFrame
2025-12-06 11:35:43,356 - [VideoProcessor] - INFO - Processed 640 frames...
2025-12-06 11:35:43,722 - [VideoProcessor] - INFO - Processed 650 frames...
2025-12-06 11:35:44,129 - [core.frame.py] - WARNING - No face detected in frame: InMemoryFrame
2025-12-06 11:35:44,161 - [core.frame.py] - WARNING - No face detected in frame: InMemoryFrame
2025-12-06 11:35:44,180 - [core.frame.py] - WARNING - No face detected in frame: InMemoryFrame
2025-12-06 11:35:44,208 - [core.frame.py] - WARNING - No face detected in frame: InMemoryFrame
2025-12-06 11:35:44,230 - [core.frame.py] - WARNING - No face detected in frame: InMemoryFrame
2025-12-06 11:35:44,261 - [VideoProcessor] - INFO - Processed 660 frames...
2025-12-06 11:35:44,293 - [core.frame.py] - WARNING - No face detected in frame: InMemoryFrame
2025-12-06 11:35:44,294 - [VideoProcessor] - INFO - Processed 660 frames...
2025-12-06 11:35:44,314 - [core.frame.py] - WARNING - No face detected in frame: InMemoryFrame
2025-12-06 11:35:44,314 - [VideoProcessor] - INFO - Processed 660 frames...
2025-12-06 11:35:44,331 - [core.frame.py] - WARNING - No face detected in frame: InMemoryFrame
2025-12-06 11:35:44,331 - [VideoProcessor] - INFO - Processed 660 frames...
2025-12-06 11:35:44,477 - [core.frame.py] - WARNING - No face detected in frame: InMemoryFrame
2025-12-06 11:35:44,505 - [core.frame.py] - WARNING - No face detected in frame: InMemoryFrame
2025-12-06 11:35:44,530 - [core.frame.py] - WARNING - No face detected in frame: InMemoryFrame
2025-12-06 11:35:44,548 - [core.frame.py] - WARNING - No face detected in frame: InMemoryFrame
2025-12-06 11:35:44,579 - [core.frame.py] - WARNING - No face detected in frame: InMemoryFrame
2025-12-06 11:35:44,604 - [core.frame.py] - WARNING - No face detected in frame: InMemoryFrame
2025-12-06 11:35:44,626 - [core.frame.py] - WARNING - No face detected in frame: InMemoryFrame
2025-12-06 11:35:44,648 - [core.frame.py] - WARNING - No face detected in frame: InMemoryFrame
2025-12-06 11:35:44,673 - [core.frame.py] - WARNING - No face detected in frame: InMemoryFrame
2025-12-06 11:35:44,695 - [core.frame.py] - WARNING - No face detected in frame: InMemoryFrame
2025-12-06 11:35:44,715 - [core.frame.py] - WARNING - No face detected in frame: InMemoryFrame
2025-12-06 11:35:44,842 - [core.frame.py] - WARNING - No face detected in frame: InMemoryFrame
2025-12-06 11:35:44,908 - [core.frame.py] - WARNING - No face detected in frame: InMemoryFrame
2025-12-06 11:35:44,990 - [core.frame.py] - WARNING - No face detected in frame: InMemoryFrame
2025-12-06 11:35:45,034 - [VideoProcessor] - INFO - Processed 670 frames...
2025-12-06 11:35:45,057 - [core.frame.py] - WARNING - No face detected in frame: InMemoryFrame
2025-12-06 11:35:45,057 - [VideoProcessor] - INFO - Processed 670 frames...
2025-12-06 11:35:45,079 - [core.frame.py] - WARNING - No face detected in frame: InMemoryFrame
2025-12-06 11:35:45,079 - [VideoProcessor] - INFO - Processed 670 frames...
2025-12-06 11:35:45,094 - [core.frame.py] - WARNING - No face detected in frame: InMemoryFrame
2025-12-06 11:35:45,094 - [VideoProcessor] - INFO - Processed 670 frames...
2025-12-06 11:35:45,158 - [core.frame.py] - WARNING - No face detected in frame: InMemoryFrame
2025-12-06 11:35:45,255 - [core.frame.py] - WARNING - No face detected in frame: InMemoryFrame
2025-12-06 11:35:45,277 - [core.frame.py] - WARNING - No face detected in frame: InMemoryFrame
2025-12-06 11:35:45,391 - [core.frame.py] - WARNING - No face detected in frame: InMemoryFrame
2025-12-06 11:35:45,455 - [core.frame.py] - WARNING - No face detected in frame: InMemoryFrame
2025-12-06 11:35:45,478 - [core.frame.py] - WARNING - No face detected in frame: InMemoryFrame
2025-12-06 11:35:45,494 - [core.frame.py] - WARNING - No face detected in frame: InMemoryFrame
2025-12-06 11:35:45,613 - [VideoProcessor] - INFO - Processed 680 frames...
2025-12-06 11:35:45,986 - [VideoProcessor] - INFO - Processed 690 frames...
2025-12-06 11:35:46,386 - [VideoProcessor] - INFO - Processed 700 frames...
2025-12-06 11:35:46,755 - [VideoProcessor] - INFO - Processed 710 frames...
2025-12-06 11:35:47,082 - [VideoProcessor] - INFO - Processed 720 frames...
2025-12-06 11:35:47,435 - [VideoProcessor] - INFO - Processed 730 frames...
2025-12-06 11:35:47,771 - [VideoProcessor] - INFO - Processed 740 frames...
2025-12-06 11:35:48,145 - [VideoProcessor] - INFO - Processed 750 frames...
2025-12-06 11:35:48,482 - [VideoProcessor] - INFO - Processed 760 frames...
2025-12-06 11:35:48,846 - [VideoProcessor] - INFO - Processed 770 frames...
2025-12-06 11:35:49,172 - [VideoProcessor] - INFO - Processed 780 frames...
2025-12-06 11:35:49,511 - [VideoProcessor] - INFO - Processed 790 frames...
2025-12-06 11:35:49,856 - [VideoProcessor] - INFO - Processed 800 frames...
2025-12-06 11:35:50,221 - [VideoProcessor] - INFO - Processed 810 frames...
2025-12-06 11:35:50,574 - [VideoProcessor] - INFO - Processed 820 frames...
2025-12-06 11:35:50,923 - [VideoProcessor] - INFO - Processed 830 frames...
2025-12-06 11:35:51,252 - [VideoProcessor] - INFO - Processed 840 frames...
2025-12-06 11:35:51,604 - [VideoProcessor] - INFO - Processed 850 frames...
2025-12-06 11:35:51,949 - [VideoProcessor] - INFO - Processed 860 frames...
2025-12-06 11:35:52,253 - [VideoProcessor] - INFO - Processed 870 frames...
2025-12-06 11:35:52,573 - [VideoProcessor] - INFO - Processed 880 frames...
2025-12-06 11:35:52,611 - [core.frame.py] - WARNING - No face detected in frame: InMemoryFrame
2025-12-06 11:35:52,611 - [VideoProcessor] - INFO - Processed 880 frames...
2025-12-06 11:35:52,644 - [core.frame.py] - WARNING - No face detected in frame: InMemoryFrame
2025-12-06 11:35:52,644 - [VideoProcessor] - INFO - Processed 880 frames...
2025-12-06 11:35:52,676 - [core.frame.py] - WARNING - No face detected in frame: InMemoryFrame
2025-12-06 11:35:52,676 - [VideoProcessor] - INFO - Processed 880 frames...
2025-12-06 11:35:52,700 - [core.frame.py] - WARNING - No face detected in frame: InMemoryFrame
2025-12-06 11:35:52,700 - [VideoProcessor] - INFO - Processed 880 frames...
2025-12-06 11:35:52,735 - [core.frame.py] - WARNING - No face detected in frame: InMemoryFrame
2025-12-06 11:35:52,735 - [VideoProcessor] - INFO - Processed 880 frames...
2025-12-06 11:35:52,761 - [core.frame.py] - WARNING - No face detected in frame: InMemoryFrame
2025-12-06 11:35:52,761 - [VideoProcessor] - INFO - Processed 880 frames...
2025-12-06 11:35:52,800 - [core.frame.py] - WARNING - No face detected in frame: InMemoryFrame
2025-12-06 11:35:52,800 - [VideoProcessor] - INFO - Processed 880 frames...
2025-12-06 11:35:52,828 - [core.frame.py] - WARNING - No face detected in frame: InMemoryFrame
2025-12-06 11:35:52,828 - [VideoProcessor] - INFO - Processed 880 frames...
2025-12-06 11:35:52,860 - [core.frame.py] - WARNING - No face detected in frame: InMemoryFrame
2025-12-06 11:35:52,861 - [VideoProcessor] - INFO - Processed 880 frames...
2025-12-06 11:35:52,884 - [core.frame.py] - WARNING - No face detected in frame: InMemoryFrame
2025-12-06 11:35:52,884 - [VideoProcessor] - INFO - Processed 880 frames...
2025-12-06 11:35:52,917 - [core.frame.py] - WARNING - No face detected in frame: InMemoryFrame
2025-12-06 11:35:52,917 - [VideoProcessor] - INFO - Processed 880 frames...
2025-12-06 11:35:52,950 - [core.frame.py] - WARNING - No face detected in frame: InMemoryFrame
2025-12-06 11:35:52,950 - [VideoProcessor] - INFO - Processed 880 frames...
2025-12-06 11:35:52,980 - [core.frame.py] - WARNING - No face detected in frame: InMemoryFrame
2025-12-06 11:35:52,980 - [VideoProcessor] - INFO - Processed 880 frames...
2025-12-06 11:35:53,010 - [core.frame.py] - WARNING - No face detected in frame: InMemoryFrame
2025-12-06 11:35:53,010 - [VideoProcessor] - INFO - Processed 880 frames...
2025-12-06 11:35:53,034 - [core.frame.py] - WARNING - No face detected in frame: InMemoryFrame
2025-12-06 11:35:53,034 - [VideoProcessor] - INFO - Processed 880 frames...
2025-12-06 11:35:53,067 - [core.frame.py] - WARNING - No face detected in frame: InMemoryFrame
2025-12-06 11:35:53,067 - [VideoProcessor] - INFO - Processed 880 frames...
2025-12-06 11:35:53,166 - [core.frame.py] - WARNING - No face detected in frame: InMemoryFrame
2025-12-06 11:35:53,193 - [core.frame.py] - WARNING - No face detected in frame: InMemoryFrame
2025-12-06 11:35:53,226 - [core.frame.py] - WARNING - No face detected in frame: InMemoryFrame
2025-12-06 11:35:53,250 - [core.frame.py] - WARNING - No face detected in frame: InMemoryFrame
2025-12-06 11:35:53,283 - [core.frame.py] - WARNING - No face detected in frame: InMemoryFrame
2025-12-06 11:35:53,316 - [core.frame.py] - WARNING - No face detected in frame: InMemoryFrame
2025-12-06 11:35:53,345 - [core.frame.py] - WARNING - No face detected in frame: InMemoryFrame
2025-12-06 11:35:53,378 - [core.frame.py] - WARNING - No face detected in frame: InMemoryFrame
2025-12-06 11:35:53,398 - [core.frame.py] - WARNING - No face detected in frame: InMemoryFrame
2025-12-06 11:35:53,433 - [core.frame.py] - WARNING - No face detected in frame: InMemoryFrame
2025-12-06 11:35:53,461 - [core.frame.py] - WARNING - No face detected in frame: InMemoryFrame
2025-12-06 11:35:53,494 - [core.frame.py] - WARNING - No face detected in frame: InMemoryFrame
2025-12-06 11:35:53,528 - [core.frame.py] - WARNING - No face detected in frame: InMemoryFrame
2025-12-06 11:35:53,560 - [core.frame.py] - WARNING - No face detected in frame: InMemoryFrame
2025-12-06 11:35:53,583 - [core.frame.py] - WARNING - No face detected in frame: InMemoryFrame
2025-12-06 11:35:53,611 - [core.frame.py] - WARNING - No face detected in frame: InMemoryFrame
2025-12-06 11:35:53,650 - [core.frame.py] - WARNING - No face detected in frame: InMemoryFrame
2025-12-06 11:35:53,677 - [core.frame.py] - WARNING - No face detected in frame: InMemoryFrame
2025-12-06 11:35:53,701 - [core.frame.py] - WARNING - No face detected in frame: InMemoryFrame
2025-12-06 11:35:53,730 - [core.frame.py] - WARNING - No face detected in frame: InMemoryFrame
2025-12-06 11:35:53,762 - [core.frame.py] - WARNING - No face detected in frame: InMemoryFrame
2025-12-06 11:35:53,794 - [core.frame.py] - WARNING - No face detected in frame: InMemoryFrame
2025-12-06 11:35:53,830 - [core.frame.py] - WARNING - No face detected in frame: InMemoryFrame
2025-12-06 11:35:53,860 - [core.frame.py] - WARNING - No face detected in frame: InMemoryFrame
2025-12-06 11:35:53,883 - [core.frame.py] - WARNING - No face detected in frame: InMemoryFrame
2025-12-06 11:35:53,916 - [core.frame.py] - WARNING - No face detected in frame: InMemoryFrame
2025-12-06 11:35:53,945 - [core.frame.py] - WARNING - No face detected in frame: InMemoryFrame
2025-12-06 11:35:53,979 - [core.frame.py] - WARNING - No face detected in frame: InMemoryFrame
2025-12-06 11:35:54,006 - [core.frame.py] - WARNING - No face detected in frame: InMemoryFrame
2025-12-06 11:35:54,033 - [core.frame.py] - WARNING - No face detected in frame: InMemoryFrame
2025-12-06 11:35:54,065 - [core.frame.py] - WARNING - No face detected in frame: InMemoryFrame
2025-12-06 11:35:54,093 - [core.frame.py] - WARNING - No face detected in frame: InMemoryFrame
2025-12-06 11:35:54,117 - [core.frame.py] - WARNING - No face detected in frame: InMemoryFrame
2025-12-06 11:35:54,151 - [core.frame.py] - WARNING - No face detected in frame: InMemoryFrame
2025-12-06 11:35:54,178 - [core.frame.py] - WARNING - No face detected in frame: InMemoryFrame
2025-12-06 11:35:54,211 - [core.frame.py] - WARNING - No face detected in frame: InMemoryFrame
2025-12-06 11:35:54,233 - [core.frame.py] - WARNING - No face detected in frame: InMemoryFrame
2025-12-06 11:35:54,266 - [core.frame.py] - WARNING - No face detected in frame: InMemoryFrame
2025-12-06 11:35:54,295 - [core.frame.py] - WARNING - No face detected in frame: InMemoryFrame
2025-12-06 11:35:54,326 - [core.frame.py] - WARNING - No face detected in frame: InMemoryFrame
2025-12-06 11:35:54,364 - [core.frame.py] - WARNING - No face detected in frame: InMemoryFrame
2025-12-06 11:35:54,403 - [core.frame.py] - WARNING - No face detected in frame: InMemoryFrame
2025-12-06 11:35:54,434 - [core.frame.py] - WARNING - No face detected in frame: InMemoryFrame
2025-12-06 11:35:54,467 - [core.frame.py] - WARNING - No face detected in frame: InMemoryFrame
2025-12-06 11:35:54,495 - [core.frame.py] - WARNING - No face detected in frame: InMemoryFrame
2025-12-06 11:35:54,533 - [core.frame.py] - WARNING - No face detected in frame: InMemoryFrame
2025-12-06 11:35:54,561 - [core.frame.py] - WARNING - No face detected in frame: InMemoryFrame
2025-12-06 11:35:54,594 - [core.frame.py] - WARNING - No face detected in frame: InMemoryFrame
2025-12-06 11:35:54,614 - [core.frame.py] - WARNING - No face detected in frame: InMemoryFrame
2025-12-06 11:35:54,649 - [core.frame.py] - WARNING - No face detected in frame: InMemoryFrame
2025-12-06 11:35:54,678 - [core.frame.py] - WARNING - No face detected in frame: InMemoryFrame
2025-12-06 11:35:54,710 - [core.frame.py] - WARNING - No face detected in frame: InMemoryFrame
2025-12-06 11:35:54,744 - [core.frame.py] - WARNING - No face detected in frame: InMemoryFrame
2025-12-06 11:35:54,763 - [core.frame.py] - WARNING - No face detected in frame: InMemoryFrame
2025-12-06 11:35:54,799 - [core.frame.py] - WARNING - No face detected in frame: InMemoryFrame
2025-12-06 11:35:54,832 - [core.frame.py] - WARNING - No face detected in frame: InMemoryFrame
2025-12-06 11:35:54,861 - [core.frame.py] - WARNING - No face detected in frame: InMemoryFrame
2025-12-06 11:35:54,884 - [core.frame.py] - WARNING - No face detected in frame: InMemoryFrame
2025-12-06 11:35:54,916 - [core.frame.py] - WARNING - No face detected in frame: InMemoryFrame
2025-12-06 11:35:54,945 - [core.frame.py] - WARNING - No face detected in frame: InMemoryFrame
2025-12-06 11:35:54,977 - [core.frame.py] - WARNING - No face detected in frame: InMemoryFrame
2025-12-06 11:35:54,999 - [core.frame.py] - WARNING - No face detected in frame: InMemoryFrame
2025-12-06 11:35:55,033 - [core.frame.py] - WARNING - No face detected in frame: InMemoryFrame
2025-12-06 11:35:55,061 - [core.frame.py] - WARNING - No face detected in frame: InMemoryFrame
2025-12-06 11:35:55,093 - [core.frame.py] - WARNING - No face detected in frame: InMemoryFrame
2025-12-06 11:35:55,117 - [core.frame.py] - WARNING - No face detected in frame: InMemoryFrame
2025-12-06 11:35:55,152 - [core.frame.py] - WARNING - No face detected in frame: InMemoryFrame
2025-12-06 11:35:55,183 - [core.frame.py] - WARNING - No face detected in frame: InMemoryFrame
2025-12-06 11:35:55,212 - [core.frame.py] - WARNING - No face detected in frame: InMemoryFrame
2025-12-06 11:35:55,244 - [core.frame.py] - WARNING - No face detected in frame: InMemoryFrame
2025-12-06 11:35:55,266 - [core.frame.py] - WARNING - No face detected in frame: InMemoryFrame
2025-12-06 11:35:55,300 - [core.frame.py] - WARNING - No face detected in frame: InMemoryFrame
2025-12-06 11:35:55,332 - [core.frame.py] - WARNING - No face detected in frame: InMemoryFrame
2025-12-06 11:35:55,364 - [core.frame.py] - WARNING - No face detected in frame: InMemoryFrame
2025-12-06 11:35:55,393 - [core.frame.py] - WARNING - No face detected in frame: InMemoryFrame
2025-12-06 11:35:55,417 - [core.frame.py] - WARNING - No face detected in frame: InMemoryFrame
2025-12-06 11:35:55,449 - [core.frame.py] - WARNING - No face detected in frame: InMemoryFrame
2025-12-06 11:35:55,485 - [core.frame.py] - WARNING - No face detected in frame: InMemoryFrame
2025-12-06 11:35:55,516 - [core.frame.py] - WARNING - No face detected in frame: InMemoryFrame
2025-12-06 11:35:55,805 - [VideoProcessor] - INFO - Processed 890 frames...
2025-12-06 11:35:56,174 - [VideoProcessor] - INFO - Processed 900 frames...
2025-12-06 11:35:56,558 - [VideoProcessor] - INFO - Processed 910 frames...
2025-12-06 11:35:56,960 - [VideoProcessor] - INFO - Processed 920 frames...
2025-12-06 11:35:57,342 - [VideoProcessor] - INFO - Processed 930 frames...
2025-12-06 11:35:57,715 - [VideoProcessor] - INFO - Processed 940 frames...
2025-12-06 11:35:58,058 - [VideoProcessor] - INFO - Processed 950 frames...
2025-12-06 11:35:58,392 - [VideoProcessor] - INFO - Processed 960 frames...
2025-12-06 11:35:58,416 - [core.frame.py] - WARNING - No face detected in frame: InMemoryFrame
2025-12-06 11:35:58,416 - [VideoProcessor] - INFO - Processed 960 frames...
2025-12-06 11:35:58,438 - [core.frame.py] - WARNING - No face detected in frame: InMemoryFrame
2025-12-06 11:35:58,445 - [VideoProcessor] - INFO - Processed 960 frames...
2025-12-06 11:35:58,469 - [core.frame.py] - WARNING - No face detected in frame: InMemoryFrame
2025-12-06 11:35:58,469 - [VideoProcessor] - INFO - Processed 960 frames...
2025-12-06 11:35:58,486 - [core.frame.py] - WARNING - No face detected in frame: InMemoryFrame
2025-12-06 11:35:58,486 - [VideoProcessor] - INFO - Processed 960 frames...
2025-12-06 11:35:58,515 - [core.frame.py] - WARNING - No face detected in frame: InMemoryFrame
2025-12-06 11:35:58,516 - [VideoProcessor] - INFO - Processed 960 frames...
2025-12-06 11:35:58,534 - [core.frame.py] - WARNING - No face detected in frame: InMemoryFrame
2025-12-06 11:35:58,534 - [VideoProcessor] - INFO - Processed 960 frames...
2025-12-06 11:35:58,565 - [core.frame.py] - WARNING - No face detected in frame: InMemoryFrame
2025-12-06 11:35:58,566 - [VideoProcessor] - INFO - Processed 960 frames...
2025-12-06 11:35:58,585 - [core.frame.py] - WARNING - No face detected in frame: InMemoryFrame
2025-12-06 11:35:58,585 - [VideoProcessor] - INFO - Processed 960 frames...
2025-12-06 11:35:58,600 - [core.frame.py] - WARNING - No face detected in frame: InMemoryFrame
2025-12-06 11:35:58,600 - [VideoProcessor] - INFO - Processed 960 frames...
2025-12-06 11:35:58,632 - [core.frame.py] - WARNING - No face detected in frame: InMemoryFrame
2025-12-06 11:35:58,633 - [VideoProcessor] - INFO - Processed 960 frames...
2025-12-06 11:35:58,650 - [core.frame.py] - WARNING - No face detected in frame: InMemoryFrame
2025-12-06 11:35:58,650 - [VideoProcessor] - INFO - Processed 960 frames...
2025-12-06 11:35:58,676 - [core.frame.py] - WARNING - No face detected in frame: InMemoryFrame
2025-12-06 11:35:58,678 - [VideoProcessor] - INFO - Processed 960 frames...
2025-12-06 11:35:58,701 - [core.frame.py] - WARNING - No face detected in frame: InMemoryFrame
2025-12-06 11:35:58,701 - [VideoProcessor] - INFO - Processed 960 frames...
2025-12-06 11:35:58,726 - [core.frame.py] - WARNING - No face detected in frame: InMemoryFrame
2025-12-06 11:35:58,726 - [VideoProcessor] - INFO - Processed 960 frames...
2025-12-06 11:35:58,749 - [core.frame.py] - WARNING - No face detected in frame: InMemoryFrame
2025-12-06 11:35:58,750 - [VideoProcessor] - INFO - Processed 960 frames...
2025-12-06 11:35:58,766 - [core.frame.py] - WARNING - No face detected in frame: InMemoryFrame
2025-12-06 11:35:58,766 - [VideoProcessor] - INFO - Processed 960 frames...
2025-12-06 11:35:58,800 - [core.frame.py] - WARNING - No face detected in frame: InMemoryFrame
2025-12-06 11:35:58,801 - [VideoProcessor] - INFO - Processed 960 frames...
2025-12-06 11:35:59,157 - [VideoProcessor] - INFO - Processed 970 frames...
2025-12-06 11:35:59,512 - [VideoProcessor] - INFO - Processed 980 frames...
2025-12-06 11:35:59,857 - [VideoProcessor] - INFO - Processed 990 frames...
2025-12-06 11:36:00,325 - [VideoProcessor] - INFO - Processed 1000 frames...
2025-12-06 11:36:00,775 - [VideoProcessor] - INFO - Processed 1010 frames...
2025-12-06 11:36:01,223 - [VideoProcessor] - INFO - Processed 1020 frames...
2025-12-06 11:36:01,656 - [VideoProcessor] - INFO - Processed 1030 frames...
2025-12-06 11:36:02,097 - [VideoProcessor] - INFO - Processed 1040 frames...
2025-12-06 11:36:02,545 - [VideoProcessor] - INFO - Processed 1050 frames...
2025-12-06 11:36:02,993 - [VideoProcessor] - INFO - Processed 1060 frames...
2025-12-06 11:36:03,455 - [VideoProcessor] - INFO - Processed 1070 frames...
2025-12-06 11:36:03,887 - [VideoProcessor] - INFO - Processed 1080 frames...
2025-12-06 11:36:04,330 - [VideoProcessor] - INFO - Processed 1090 frames...
2025-12-06 11:36:04,713 - [VideoProcessor] - INFO - Processed 1100 frames...
2025-12-06 11:36:05,094 - [VideoProcessor] - INFO - Processed 1110 frames...
2025-12-06 11:36:05,472 - [VideoProcessor] - INFO - Processed 1120 frames...
2025-12-06 11:36:05,840 - [VideoProcessor] - INFO - Processed 1130 frames...
2025-12-06 11:36:06,210 - [VideoProcessor] - INFO - Processed 1140 frames...
2025-12-06 11:36:06,566 - [VideoProcessor] - INFO - Processed 1150 frames...
2025-12-06 11:36:06,967 - [VideoProcessor] - INFO - Processed 1160 frames...
2025-12-06 11:36:07,345 - [VideoProcessor] - INFO - Processed 1170 frames...
2025-12-06 11:36:07,713 - [VideoProcessor] - INFO - Processed 1180 frames...
2025-12-06 11:36:08,069 - [VideoProcessor] - INFO - Processed 1190 frames...
2025-12-06 11:36:08,425 - [VideoProcessor] - INFO - Processed 1200 frames...
2025-12-06 11:36:08,796 - [VideoProcessor] - INFO - Processed 1210 frames...
2025-12-06 11:36:09,171 - [VideoProcessor] - INFO - Processed 1220 frames...
2025-12-06 11:36:09,579 - [VideoProcessor] - INFO - Processed 1230 frames...
2025-12-06 11:36:10,011 - [VideoProcessor] - INFO - Processed 1240 frames...
2025-12-06 11:36:10,426 - [VideoProcessor] - INFO - Processed 1250 frames...
2025-12-06 11:36:10,827 - [VideoProcessor] - INFO - Processed 1260 frames...
2025-12-06 11:36:11,363 - [VideoProcessor] - INFO - Processed 1270 frames...
2025-12-06 11:36:11,890 - [VideoProcessor] - INFO - Processed 1280 frames...
2025-12-06 11:36:12,459 - [VideoProcessor] - INFO - Processed 1290 frames...
2025-12-06 11:36:12,963 - [VideoProcessor] - INFO - Processed 1300 frames...
2025-12-06 11:36:13,442 - [VideoProcessor] - INFO - Processed 1310 frames...
2025-12-06 11:36:14,008 - [VideoProcessor] - INFO - Processed 1320 frames...
2025-12-06 11:36:14,564 - [VideoProcessor] - INFO - Processed 1330 frames...
2025-12-06 11:36:15,112 - [VideoProcessor] - INFO - Processed 1340 frames...
2025-12-06 11:36:15,675 - [VideoProcessor] - INFO - Processed 1350 frames...
2025-12-06 11:36:16,181 - [VideoProcessor] - INFO - Processed 1360 frames...
2025-12-06 11:36:16,718 - [VideoProcessor] - INFO - Processed 1370 frames...
2025-12-06 11:36:17,261 - [VideoProcessor] - INFO - Processed 1380 frames...
2025-12-06 11:36:17,797 - [VideoProcessor] - INFO - Processed 1390 frames...
2025-12-06 11:36:18,279 - [VideoProcessor] - INFO - Processed 1400 frames...
2025-12-06 11:36:18,764 - [VideoProcessor] - INFO - Processed 1410 frames...
2025-12-06 11:36:19,318 - [VideoProcessor] - INFO - Processed 1420 frames...
2025-12-06 11:36:19,864 - [VideoProcessor] - INFO - Processed 1430 frames...
2025-12-06 11:36:20,385 - [VideoProcessor] - INFO - Processed 1440 frames...
2025-12-06 11:36:20,838 - [VideoProcessor] - INFO - Processed 1450 frames...
2025-12-06 11:36:21,306 - [VideoProcessor] - INFO - Processed 1460 frames...
2025-12-06 11:36:21,844 - [VideoProcessor] - INFO - Processed 1470 frames...
2025-12-06 11:36:22,287 - [VideoProcessor] - INFO - Processed 1480 frames...
2025-12-06 11:36:22,679 - [VideoProcessor] - INFO - Processed 1490 frames...
2025-12-06 11:36:23,063 - [VideoProcessor] - INFO - Processed 1500 frames...
2025-12-06 11:36:23,451 - [VideoProcessor] - INFO - Processed 1510 frames...
2025-12-06 11:36:23,821 - [VideoProcessor] - INFO - Processed 1520 frames...
2025-12-06 11:36:24,185 - [VideoProcessor] - INFO - Processed 1530 frames...
2025-12-06 11:36:24,551 - [VideoProcessor] - INFO - Processed 1540 frames...
2025-12-06 11:36:24,908 - [VideoProcessor] - INFO - Processed 1550 frames...
2025-12-06 11:36:25,246 - [VideoProcessor] - INFO - Processed 1560 frames...
2025-12-06 11:36:25,600 - [VideoProcessor] - INFO - Processed 1570 frames...
2025-12-06 11:36:25,963 - [VideoProcessor] - INFO - Processed 1580 frames...
2025-12-06 11:36:26,321 - [VideoProcessor] - INFO - Processed 1590 frames...
2025-12-06 11:36:26,679 - [VideoProcessor] - INFO - Processed 1600 frames...
2025-12-06 11:36:27,052 - [VideoProcessor] - INFO - Processed 1610 frames...
2025-12-06 11:36:27,420 - [VideoProcessor] - INFO - Processed 1620 frames...
2025-12-06 11:36:27,770 - [VideoProcessor] - INFO - Processed 1630 frames...
2025-12-06 11:36:28,137 - [VideoProcessor] - INFO - Processed 1640 frames...
2025-12-06 11:36:28,524 - [VideoProcessor] - INFO - Processed 1650 frames...
2025-12-06 11:36:28,864 - [VideoProcessor] - INFO - Processed 1660 frames...
2025-12-06 11:36:29,122 - [core.frame.py] - WARNING - No face detected in frame: InMemoryFrame
2025-12-06 11:36:29,144 - [core.frame.py] - WARNING - No face detected in frame: InMemoryFrame
2025-12-06 11:36:29,175 - [core.frame.py] - WARNING - No face detected in frame: InMemoryFrame
2025-12-06 11:36:29,197 - [core.frame.py] - WARNING - No face detected in frame: InMemoryFrame
2025-12-06 11:36:29,224 - [core.frame.py] - WARNING - No face detected in frame: InMemoryFrame
2025-12-06 11:36:29,247 - [core.frame.py] - WARNING - No face detected in frame: InMemoryFrame
2025-12-06 11:36:29,274 - [core.frame.py] - WARNING - No face detected in frame: InMemoryFrame
2025-12-06 11:36:29,296 - [core.frame.py] - WARNING - No face detected in frame: InMemoryFrame
2025-12-06 11:36:29,359 - [core.frame.py] - WARNING - No face detected in frame: InMemoryFrame
2025-12-06 11:36:29,381 - [core.frame.py] - WARNING - No face detected in frame: InMemoryFrame
2025-12-06 11:36:29,395 - [core.frame.py] - WARNING - No face detected in frame: InMemoryFrame
2025-12-06 11:36:29,466 - [core.frame.py] - WARNING - No face detected in frame: InMemoryFrame
2025-12-06 11:36:29,492 - [core.frame.py] - WARNING - No face detected in frame: InMemoryFrame
2025-12-06 11:36:29,578 - [VideoProcessor] - INFO - Processed 1670 frames...
2025-12-06 11:36:29,636 - [core.frame.py] - WARNING - No face detected in frame: InMemoryFrame
2025-12-06 11:36:29,659 - [core.frame.py] - WARNING - No face detected in frame: InMemoryFrame
2025-12-06 11:36:29,969 - [VideoProcessor] - INFO - Processed 1680 frames...
2025-12-06 11:36:30,322 - [VideoProcessor] - INFO - Processed 1690 frames...
2025-12-06 11:36:30,465 - [core.frame.py] - WARNING - No face detected in frame: InMemoryFrame
2025-12-06 11:36:30,719 - [VideoProcessor] - INFO - Processed 1700 frames...
2025-12-06 11:36:31,073 - [VideoProcessor] - INFO - Processed 1710 frames...
2025-12-06 11:36:31,418 - [VideoProcessor] - INFO - Processed 1720 frames...
2025-12-06 11:36:31,788 - [VideoProcessor] - INFO - Processed 1730 frames...
2025-12-06 11:36:32,141 - [VideoProcessor] - INFO - Processed 1740 frames...
2025-12-06 11:36:32,482 - [VideoProcessor] - INFO - Processed 1750 frames...
2025-12-06 11:36:32,804 - [VideoProcessor] - INFO - Processed 1760 frames...
2025-12-06 11:36:33,123 - [VideoProcessor] - INFO - Processed 1770 frames...
2025-12-06 11:36:33,271 - [core.frame.py] - WARNING - No face detected in frame: InMemoryFrame
2025-12-06 11:36:33,293 - [core.frame.py] - WARNING - No face detected in frame: InMemoryFrame
2025-12-06 11:36:33,314 - [core.frame.py] - WARNING - No face detected in frame: InMemoryFrame
2025-12-06 11:36:33,607 - [VideoProcessor] - INFO - Processed 1780 frames...
2025-12-06 11:36:34,098 - [VideoProcessor] - INFO - Processed 1790 frames...
2025-12-06 11:36:34,586 - [VideoProcessor] - INFO - Processed 1800 frames...
2025-12-06 11:36:35,050 - [VideoProcessor] - INFO - Processed 1810 frames...
2025-12-06 11:36:35,437 - [VideoProcessor] - INFO - Processed 1820 frames...
2025-12-06 11:36:35,867 - [VideoProcessor] - INFO - Processed 1830 frames...
2025-12-06 11:36:36,268 - [VideoProcessor] - INFO - Processed 1840 frames...
2025-12-06 11:36:36,665 - [VideoProcessor] - INFO - Processed 1850 frames...
2025-12-06 11:36:37,035 - [VideoProcessor] - INFO - Processed 1860 frames...
2025-12-06 11:36:37,503 - [VideoProcessor] - INFO - Processed 1870 frames...
2025-12-06 11:36:37,925 - [VideoProcessor] - INFO - Processed 1880 frames...
2025-12-06 11:36:38,390 - [VideoProcessor] - INFO - Processed 1890 frames...
2025-12-06 11:36:38,835 - [VideoProcessor] - INFO - Processed 1900 frames...
2025-12-06 11:36:39,315 - [VideoProcessor] - INFO - Processed 1910 frames...
2025-12-06 11:36:39,742 - [VideoProcessor] - INFO - Processed 1920 frames...
2025-12-06 11:36:40,126 - [VideoProcessor] - INFO - Processed 1930 frames...
2025-12-06 11:36:40,557 - [VideoProcessor] - INFO - Processed 1940 frames...
2025-12-06 11:36:40,853 - [core.frame.py] - WARNING - No face detected in frame: InMemoryFrame
2025-12-06 11:36:40,915 - [core.frame.py] - WARNING - No face detected in frame: InMemoryFrame
2025-12-06 11:36:40,930 - [core.frame.py] - WARNING - No face detected in frame: InMemoryFrame
2025-12-06 11:36:40,963 - [core.frame.py] - WARNING - No face detected in frame: InMemoryFrame
2025-12-06 11:36:40,983 - [core.frame.py] - WARNING - No face detected in frame: InMemoryFrame
2025-12-06 11:36:41,012 - [core.frame.py] - WARNING - No face detected in frame: InMemoryFrame
2025-12-06 11:36:41,033 - [core.frame.py] - WARNING - No face detected in frame: InMemoryFrame
2025-12-06 11:36:41,063 - [core.frame.py] - WARNING - No face detected in frame: InMemoryFrame
2025-12-06 11:36:41,081 - [core.frame.py] - WARNING - No face detected in frame: InMemoryFrame
2025-12-06 11:36:41,110 - [core.frame.py] - WARNING - No face detected in frame: InMemoryFrame
2025-12-06 11:36:41,132 - [core.frame.py] - WARNING - No face detected in frame: InMemoryFrame
2025-12-06 11:36:41,151 - [core.frame.py] - WARNING - No face detected in frame: InMemoryFrame
2025-12-06 11:36:41,181 - [core.frame.py] - WARNING - No face detected in frame: InMemoryFrame
2025-12-06 11:36:41,201 - [core.frame.py] - WARNING - No face detected in frame: InMemoryFrame
2025-12-06 11:36:41,227 - [core.frame.py] - WARNING - No face detected in frame: InMemoryFrame
2025-12-06 11:36:41,253 - [core.frame.py] - WARNING - No face detected in frame: InMemoryFrame
2025-12-06 11:36:41,279 - [core.frame.py] - WARNING - No face detected in frame: InMemoryFrame
2025-12-06 11:36:41,329 - [core.frame.py] - WARNING - No face detected in frame: InMemoryFrame
2025-12-06 11:36:41,364 - [core.frame.py] - WARNING - No face detected in frame: InMemoryFrame
2025-12-06 11:36:41,382 - [core.frame.py] - WARNING - No face detected in frame: InMemoryFrame
2025-12-06 11:36:41,414 - [core.frame.py] - WARNING - No face detected in frame: InMemoryFrame
2025-12-06 11:36:41,434 - [core.frame.py] - WARNING - No face detected in frame: InMemoryFrame
2025-12-06 11:36:41,462 - [core.frame.py] - WARNING - No face detected in frame: InMemoryFrame
2025-12-06 11:36:41,484 - [core.frame.py] - WARNING - No face detected in frame: InMemoryFrame
2025-12-06 11:36:41,512 - [core.frame.py] - WARNING - No face detected in frame: InMemoryFrame
2025-12-06 11:36:41,533 - [core.frame.py] - WARNING - No face detected in frame: InMemoryFrame
2025-12-06 11:36:41,561 - [core.frame.py] - WARNING - No face detected in frame: InMemoryFrame
2025-12-06 11:36:41,584 - [core.frame.py] - WARNING - No face detected in frame: InMemoryFrame
2025-12-06 11:36:41,611 - [VideoProcessor] - INFO - Processed 1950 frames...
2025-12-06 11:36:41,677 - [core.frame.py] - WARNING - No face detected in frame: InMemoryFrame
2025-12-06 11:36:41,843 - [core.frame.py] - WARNING - No face detected in frame: InMemoryFrame
2025-12-06 11:36:42,021 - [VideoProcessor] - INFO - Processed 1960 frames...
2025-12-06 11:36:42,390 - [VideoProcessor] - INFO - Processed 1970 frames...
2025-12-06 11:36:42,548 - [core.frame.py] - WARNING - No face detected in frame: InMemoryFrame
2025-12-06 11:36:42,566 - [core.frame.py] - WARNING - No face detected in frame: InMemoryFrame
2025-12-06 11:36:42,598 - [core.frame.py] - WARNING - No face detected in frame: InMemoryFrame
2025-12-06 11:36:42,618 - [core.frame.py] - WARNING - No face detected in frame: InMemoryFrame
2025-12-06 11:36:42,637 - [core.frame.py] - WARNING - No face detected in frame: InMemoryFrame
2025-12-06 11:36:42,663 - [core.frame.py] - WARNING - No face detected in frame: InMemoryFrame
2025-12-06 11:36:42,693 - [core.frame.py] - WARNING - No face detected in frame: InMemoryFrame
2025-12-06 11:36:42,717 - [core.frame.py] - WARNING - No face detected in frame: InMemoryFrame
2025-12-06 11:36:42,735 - [core.frame.py] - WARNING - No face detected in frame: InMemoryFrame
2025-12-06 11:36:42,763 - [core.frame.py] - WARNING - No face detected in frame: InMemoryFrame
2025-12-06 11:36:42,784 - [core.frame.py] - WARNING - No face detected in frame: InMemoryFrame
2025-12-06 11:36:42,808 - [core.frame.py] - WARNING - No face detected in frame: InMemoryFrame
2025-12-06 11:36:43,021 - [VideoProcessor] - INFO - Processed 1980 frames...
2025-12-06 11:36:43,375 - [VideoProcessor] - INFO - Processed 1990 frames...
2025-12-06 11:36:43,729 - [VideoProcessor] - INFO - Processed 2000 frames...
2025-12-06 11:36:44,079 - [VideoProcessor] - INFO - Processed 2010 frames...
2025-12-06 11:36:44,445 - [VideoProcessor] - INFO - Processed 2020 frames...
2025-12-06 11:36:44,813 - [VideoProcessor] - INFO - Processed 2030 frames...
2025-12-06 11:36:45,160 - [VideoProcessor] - INFO - Processed 2040 frames...
2025-12-06 11:36:45,543 - [VideoProcessor] - INFO - Processed 2050 frames...
2025-12-06 11:36:45,927 - [VideoProcessor] - INFO - Processed 2060 frames...
2025-12-06 11:36:46,285 - [VideoProcessor] - INFO - Processed 2070 frames...
2025-12-06 11:36:46,622 - [VideoProcessor] - INFO - Processed 2080 frames...
2025-12-06 11:36:47,011 - [VideoProcessor] - INFO - Processed 2090 frames...
2025-12-06 11:36:47,393 - [VideoProcessor] - INFO - Processed 2100 frames...
2025-12-06 11:36:47,776 - [VideoProcessor] - INFO - Processed 2110 frames...
2025-12-06 11:36:48,022 - [core.frame.py] - WARNING - No face detected in frame: InMemoryFrame
2025-12-06 11:36:48,176 - [VideoProcessor] - INFO - Processed 2120 frames...
2025-12-06 11:36:48,559 - [VideoProcessor] - INFO - Processed 2130 frames...
2025-12-06 11:36:48,898 - [VideoProcessor] - INFO - Processed 2140 frames...
2025-12-06 11:36:49,254 - [VideoProcessor] - INFO - Processed 2150 frames...
2025-12-06 11:36:49,639 - [VideoProcessor] - INFO - Processed 2160 frames...
2025-12-06 11:36:49,998 - [VideoProcessor] - INFO - Processed 2170 frames...
2025-12-06 11:36:50,364 - [VideoProcessor] - INFO - Processed 2180 frames...
2025-12-06 11:36:50,385 - [core.frame.py] - WARNING - No face detected in frame: InMemoryFrame
2025-12-06 11:36:50,385 - [VideoProcessor] - INFO - Processed 2180 frames...
2025-12-06 11:36:50,413 - [core.frame.py] - WARNING - No face detected in frame: InMemoryFrame
2025-12-06 11:36:50,414 - [VideoProcessor] - INFO - Processed 2180 frames...
2025-12-06 11:36:50,438 - [core.frame.py] - WARNING - No face detected in frame: InMemoryFrame
2025-12-06 11:36:50,438 - [VideoProcessor] - INFO - Processed 2180 frames...
2025-12-06 11:36:50,455 - [core.frame.py] - WARNING - No face detected in frame: InMemoryFrame
2025-12-06 11:36:50,455 - [VideoProcessor] - INFO - Processed 2180 frames...
2025-12-06 11:36:50,485 - [core.frame.py] - WARNING - No face detected in frame: InMemoryFrame
2025-12-06 11:36:50,485 - [VideoProcessor] - INFO - Processed 2180 frames...
2025-12-06 11:36:50,609 - [core.frame.py] - WARNING - No face detected in frame: InMemoryFrame
2025-12-06 11:36:50,776 - [core.frame.py] - WARNING - No face detected in frame: InMemoryFrame
2025-12-06 11:36:50,800 - [core.frame.py] - WARNING - No face detected in frame: InMemoryFrame
2025-12-06 11:36:50,831 - [core.frame.py] - WARNING - No face detected in frame: InMemoryFrame
2025-12-06 11:36:50,852 - [core.frame.py] - WARNING - No face detected in frame: InMemoryFrame
2025-12-06 11:36:50,886 - [core.frame.py] - WARNING - No face detected in frame: InMemoryFrame
2025-12-06 11:36:50,949 - [core.frame.py] - WARNING - No face detected in frame: InMemoryFrame
2025-12-06 11:36:51,010 - [core.frame.py] - WARNING - No face detected in frame: InMemoryFrame
2025-12-06 11:36:51,033 - [core.frame.py] - WARNING - No face detected in frame: InMemoryFrame
2025-12-06 11:36:51,055 - [core.frame.py] - WARNING - No face detected in frame: InMemoryFrame
2025-12-06 11:36:51,085 - [core.frame.py] - WARNING - No face detected in frame: InMemoryFrame
2025-12-06 11:36:51,106 - [core.frame.py] - WARNING - No face detected in frame: InMemoryFrame
2025-12-06 11:36:51,132 - [core.frame.py] - WARNING - No face detected in frame: InMemoryFrame
2025-12-06 11:36:51,153 - [core.frame.py] - WARNING - No face detected in frame: InMemoryFrame
2025-12-06 11:36:51,171 - [core.frame.py] - WARNING - No face detected in frame: InMemoryFrame
2025-12-06 11:36:51,197 - [core.frame.py] - WARNING - No face detected in frame: InMemoryFrame
2025-12-06 11:36:51,219 - [core.frame.py] - WARNING - No face detected in frame: InMemoryFrame
2025-12-06 11:36:51,238 - [core.frame.py] - WARNING - No face detected in frame: InMemoryFrame
2025-12-06 11:36:51,268 - [core.frame.py] - WARNING - No face detected in frame: InMemoryFrame
2025-12-06 11:36:51,288 - [core.frame.py] - WARNING - No face detected in frame: InMemoryFrame
2025-12-06 11:36:51,330 - [VideoProcessor] - INFO - Processed 2190 frames...
2025-12-06 11:36:51,350 - [core.frame.py] - WARNING - No face detected in frame: InMemoryFrame
2025-12-06 11:36:51,350 - [VideoProcessor] - INFO - Processed 2190 frames...
2025-12-06 11:36:51,368 - [core.frame.py] - WARNING - No face detected in frame: InMemoryFrame
2025-12-06 11:36:51,368 - [VideoProcessor] - INFO - Processed 2190 frames...
2025-12-06 11:36:51,396 - [core.frame.py] - WARNING - No face detected in frame: InMemoryFrame
2025-12-06 11:36:51,397 - [VideoProcessor] - INFO - Processed 2190 frames...
2025-12-06 11:36:51,420 - [core.frame.py] - WARNING - No face detected in frame: InMemoryFrame
2025-12-06 11:36:51,421 - [VideoProcessor] - INFO - Processed 2190 frames...
2025-12-06 11:36:51,440 - [core.frame.py] - WARNING - No face detected in frame: InMemoryFrame
2025-12-06 11:36:51,440 - [VideoProcessor] - INFO - Processed 2190 frames...
2025-12-06 11:36:51,471 - [core.frame.py] - WARNING - No face detected in frame: InMemoryFrame
2025-12-06 11:36:51,471 - [VideoProcessor] - INFO - Processed 2190 frames...
2025-12-06 11:36:51,488 - [core.frame.py] - WARNING - No face detected in frame: InMemoryFrame
2025-12-06 11:36:51,488 - [VideoProcessor] - INFO - Processed 2190 frames...
2025-12-06 11:36:51,516 - [core.frame.py] - WARNING - No face detected in frame: InMemoryFrame
2025-12-06 11:36:51,516 - [VideoProcessor] - INFO - Processed 2190 frames...
2025-12-06 11:36:51,538 - [core.frame.py] - WARNING - No face detected in frame: InMemoryFrame
2025-12-06 11:36:51,538 - [VideoProcessor] - INFO - Processed 2190 frames...
2025-12-06 11:36:51,565 - [core.frame.py] - WARNING - No face detected in frame: InMemoryFrame
2025-12-06 11:36:51,565 - [VideoProcessor] - INFO - Processed 2190 frames...
2025-12-06 11:36:51,586 - [core.frame.py] - WARNING - No face detected in frame: InMemoryFrame
2025-12-06 11:36:51,586 - [VideoProcessor] - INFO - Processed 2190 frames...
2025-12-06 11:36:51,603 - [core.frame.py] - WARNING - No face detected in frame: InMemoryFrame
2025-12-06 11:36:51,603 - [VideoProcessor] - INFO - Processed 2190 frames...
2025-12-06 11:36:51,621 - [core.frame.py] - WARNING - No face detected in frame: InMemoryFrame
2025-12-06 11:36:51,621 - [VideoProcessor] - INFO - Processed 2190 frames...
2025-12-06 11:36:51,651 - [core.frame.py] - WARNING - No face detected in frame: InMemoryFrame
2025-12-06 11:36:51,651 - [VideoProcessor] - INFO - Processed 2190 frames...
2025-12-06 11:36:51,671 - [core.frame.py] - WARNING - No face detected in frame: InMemoryFrame
2025-12-06 11:36:51,671 - [VideoProcessor] - INFO - Processed 2190 frames...
2025-12-06 11:36:51,694 - [core.frame.py] - WARNING - No face detected in frame: InMemoryFrame
2025-12-06 11:36:51,694 - [VideoProcessor] - INFO - Processed 2190 frames...
2025-12-06 11:36:51,719 - [core.frame.py] - WARNING - No face detected in frame: InMemoryFrame
2025-12-06 11:36:51,719 - [VideoProcessor] - INFO - Processed 2190 frames...
2025-12-06 11:36:51,766 - [core.frame.py] - WARNING - No face detected in frame: InMemoryFrame
2025-12-06 11:36:51,788 - [core.frame.py] - WARNING - No face detected in frame: InMemoryFrame
2025-12-06 11:36:51,816 - [core.frame.py] - WARNING - No face detected in frame: InMemoryFrame
2025-12-06 11:36:51,837 - [core.frame.py] - WARNING - No face detected in frame: InMemoryFrame
2025-12-06 11:36:51,855 - [core.frame.py] - WARNING - No face detected in frame: InMemoryFrame
2025-12-06 11:36:51,883 - [core.frame.py] - WARNING - No face detected in frame: InMemoryFrame
2025-12-06 11:36:51,904 - [core.frame.py] - WARNING - No face detected in frame: InMemoryFrame
2025-12-06 11:36:51,923 - [core.frame.py] - WARNING - No face detected in frame: InMemoryFrame
2025-12-06 11:36:51,947 - [core.frame.py] - WARNING - No face detected in frame: InMemoryFrame
2025-12-06 11:36:51,969 - [core.frame.py] - WARNING - No face detected in frame: InMemoryFrame
2025-12-06 11:36:52,016 - [core.frame.py] - WARNING - No face detected in frame: InMemoryFrame
2025-12-06 11:36:52,037 - [core.frame.py] - WARNING - No face detected in frame: InMemoryFrame
2025-12-06 11:36:52,066 - [core.frame.py] - WARNING - No face detected in frame: InMemoryFrame
2025-12-06 11:36:52,086 - [core.frame.py] - WARNING - No face detected in frame: InMemoryFrame
2025-12-06 11:36:52,104 - [core.frame.py] - WARNING - No face detected in frame: InMemoryFrame
2025-12-06 11:36:52,130 - [core.frame.py] - WARNING - No face detected in frame: InMemoryFrame
2025-12-06 11:36:52,152 - [core.frame.py] - WARNING - No face detected in frame: InMemoryFrame
2025-12-06 11:36:52,176 - [core.frame.py] - WARNING - No face detected in frame: InMemoryFrame
2025-12-06 11:36:52,197 - [core.frame.py] - WARNING - No face detected in frame: InMemoryFrame
2025-12-06 11:36:52,218 - [core.frame.py] - WARNING - No face detected in frame: InMemoryFrame
2025-12-06 11:36:52,238 - [core.frame.py] - WARNING - No face detected in frame: InMemoryFrame
2025-12-06 11:36:52,256 - [core.frame.py] - WARNING - No face detected in frame: InMemoryFrame
2025-12-06 11:36:52,284 - [core.frame.py] - WARNING - No face detected in frame: InMemoryFrame
2025-12-06 11:36:52,305 - [core.frame.py] - WARNING - No face detected in frame: InMemoryFrame
2025-12-06 11:36:52,321 - [core.frame.py] - WARNING - No face detected in frame: InMemoryFrame
2025-12-06 11:36:52,350 - [core.frame.py] - WARNING - No face detected in frame: InMemoryFrame
2025-12-06 11:36:52,372 - [core.frame.py] - WARNING - No face detected in frame: InMemoryFrame
2025-12-06 11:36:52,390 - [core.frame.py] - WARNING - No face detected in frame: InMemoryFrame
2025-12-06 11:36:52,416 - [core.frame.py] - WARNING - No face detected in frame: InMemoryFrame
2025-12-06 11:36:52,438 - [core.frame.py] - WARNING - No face detected in frame: InMemoryFrame
2025-12-06 11:36:52,463 - [core.frame.py] - WARNING - No face detected in frame: InMemoryFrame
2025-12-06 11:36:52,488 - [core.frame.py] - WARNING - No face detected in frame: InMemoryFrame
2025-12-06 11:36:52,509 - [core.frame.py] - WARNING - No face detected in frame: InMemoryFrame
2025-12-06 11:36:52,532 - [core.frame.py] - WARNING - No face detected in frame: InMemoryFrame
2025-12-06 11:36:52,553 - [core.frame.py] - WARNING - No face detected in frame: InMemoryFrame
2025-12-06 11:36:52,579 - [core.frame.py] - WARNING - No face detected in frame: InMemoryFrame
2025-12-06 11:36:52,600 - [core.frame.py] - WARNING - No face detected in frame: InMemoryFrame
2025-12-06 11:36:52,619 - [core.frame.py] - WARNING - No face detected in frame: InMemoryFrame
2025-12-06 11:36:52,669 - [core.frame.py] - WARNING - No face detected in frame: InMemoryFrame
2025-12-06 11:36:52,689 - [core.frame.py] - WARNING - No face detected in frame: InMemoryFrame
2025-12-06 11:36:52,704 - [core.frame.py] - WARNING - No face detected in frame: InMemoryFrame
2025-12-06 11:36:52,730 - [core.frame.py] - WARNING - No face detected in frame: InMemoryFrame
2025-12-06 11:36:52,749 - [core.frame.py] - WARNING - No face detected in frame: InMemoryFrame
2025-12-06 11:36:52,772 - [core.frame.py] - WARNING - No face detected in frame: InMemoryFrame
2025-12-06 11:36:52,789 - [core.frame.py] - WARNING - No face detected in frame: InMemoryFrame
2025-12-06 11:36:52,804 - [core.frame.py] - WARNING - No face detected in frame: InMemoryFrame
2025-12-06 11:36:52,833 - [core.frame.py] - WARNING - No face detected in frame: InMemoryFrame
2025-12-06 11:36:52,855 - [core.frame.py] - WARNING - No face detected in frame: InMemoryFrame
2025-12-06 11:36:52,874 - [core.frame.py] - WARNING - No face detected in frame: InMemoryFrame
2025-12-06 11:36:52,901 - [core.frame.py] - WARNING - No face detected in frame: InMemoryFrame
2025-12-06 11:36:52,923 - [core.frame.py] - WARNING - No face detected in frame: InMemoryFrame
2025-12-06 11:36:52,937 - [core.frame.py] - WARNING - No face detected in frame: InMemoryFrame
2025-12-06 11:36:52,966 - [core.frame.py] - WARNING - No face detected in frame: InMemoryFrame
2025-12-06 11:36:52,988 - [core.frame.py] - WARNING - No face detected in frame: InMemoryFrame
2025-12-06 11:36:53,007 - [core.frame.py] - WARNING - No face detected in frame: InMemoryFrame
2025-12-06 11:36:53,036 - [core.frame.py] - WARNING - No face detected in frame: InMemoryFrame
2025-12-06 11:36:53,055 - [core.frame.py] - WARNING - No face detected in frame: InMemoryFrame
2025-12-06 11:36:53,086 - [core.frame.py] - WARNING - No face detected in frame: InMemoryFrame
2025-12-06 11:36:53,106 - [core.frame.py] - WARNING - No face detected in frame: InMemoryFrame
2025-12-06 11:36:53,135 - [core.frame.py] - WARNING - No face detected in frame: InMemoryFrame
2025-12-06 11:36:53,155 - [core.frame.py] - WARNING - No face detected in frame: InMemoryFrame
2025-12-06 11:36:53,187 - [core.frame.py] - WARNING - No face detected in frame: InMemoryFrame
2025-12-06 11:36:53,206 - [core.frame.py] - WARNING - No face detected in frame: InMemoryFrame
2025-12-06 11:36:53,237 - [core.frame.py] - WARNING - No face detected in frame: InMemoryFrame
2025-12-06 11:36:53,256 - [core.frame.py] - WARNING - No face detected in frame: InMemoryFrame
2025-12-06 11:36:53,287 - [core.frame.py] - WARNING - No face detected in frame: InMemoryFrame
2025-12-06 11:36:53,305 - [core.frame.py] - WARNING - No face detected in frame: InMemoryFrame
2025-12-06 11:36:53,333 - [core.frame.py] - WARNING - No face detected in frame: InMemoryFrame
2025-12-06 11:36:53,355 - [core.frame.py] - WARNING - No face detected in frame: InMemoryFrame
2025-12-06 11:36:53,595 - [VideoProcessor] - INFO - Processed 2200 frames...
2025-12-06 11:36:53,946 - [VideoProcessor] - INFO - Processed 2210 frames...
2025-12-06 11:36:54,179 - [core.frame.py] - WARNING - No face detected in frame: InMemoryFrame
2025-12-06 11:36:54,248 - [core.frame.py] - WARNING - No face detected in frame: InMemoryFrame
2025-12-06 11:36:54,355 - [VideoProcessor] - INFO - Processed 2220 frames...
2025-12-06 11:36:54,472 - [core.frame.py] - WARNING - No face detected in frame: InMemoryFrame
2025-12-06 11:36:54,503 - [core.frame.py] - WARNING - No face detected in frame: InMemoryFrame
2025-12-06 11:36:54,794 - [VideoProcessor] - INFO - Processed 2230 frames...
2025-12-06 11:36:55,219 - [VideoProcessor] - INFO - Processed 2240 frames...
2025-12-06 11:36:55,641 - [VideoProcessor] - INFO - Processed 2250 frames...
2025-12-06 11:36:56,041 - [VideoProcessor] - INFO - Processed 2260 frames...
2025-12-06 11:36:56,458 - [VideoProcessor] - INFO - Processed 2270 frames...
2025-12-06 11:36:56,858 - [VideoProcessor] - INFO - Processed 2280 frames...
2025-12-06 11:36:57,262 - [VideoProcessor] - INFO - Processed 2290 frames...
2025-12-06 11:36:57,691 - [VideoProcessor] - INFO - Processed 2300 frames...
2025-12-06 11:36:58,148 - [VideoProcessor] - INFO - Processed 2310 frames...
2025-12-06 11:36:58,532 - [VideoProcessor] - INFO - Finished MarkRutte_MatthijsNieuwkerk.mp4. Total detections: 2318
2025-12-06 11:36:58,532 - [StatsService] - INFO - Generating statistical report...
2025-12-06 11:36:58,555 - [CSVStorage] - INFO - Statistics report saved to ./data/output\summary_report.csv
2025-12-06 11:36:58,555 - [StatsService] - INFO - Report generated for 2 videos.
2025-12-06 11:42:18,132 - [cli.py] - INFO - Initializing Application...
2025-12-06 11:42:18,132 - [core.analyzer.py] - INFO - Starting analysis on ./data/input/MarkRutte
2025-12-06 11:42:18,132 - [core.analyzer.py] - INFO - Analyzing videos in directory: ./data/input/MarkRutte
2025-12-06 11:42:18,133 - [core.analyzer.py] - INFO - Getting video from folder
2025-12-06 11:42:18,133 - [core.analyzer.py] - INFO - Found 2 videos in ./data/input/MarkRutte
2025-12-06 11:42:18,133 - [core.analyzer.py] - INFO - Analyzing video: ./data/input/MarkRutte\MarkRutte_MariekeElsinga.mkv
2025-12-06 11:42:18,158 - [VideoProcessor] - INFO - Starting processing: MarkRutte_MariekeElsinga.mkv (FPS: 25.00)
2025-12-06 11:42:20,464 - [core.frame.py] - WARNING - No face detected in frame: InMemoryFrame
2025-12-06 11:42:20,630 - [VideoProcessor] - INFO - Processed 10 frames...
2025-12-06 11:42:22,286 - [VideoProcessor] - INFO - Processed 20 frames...
2025-12-06 11:42:23,901 - [VideoProcessor] - INFO - Processed 30 frames...
2025-12-06 11:42:25,522 - [VideoProcessor] - INFO - Processed 40 frames...
2025-12-06 11:42:27,140 - [VideoProcessor] - INFO - Processed 50 frames...
2025-12-06 11:42:27,296 - [core.frame.py] - WARNING - No face detected in frame: InMemoryFrame
2025-12-06 11:42:27,297 - [VideoProcessor] - INFO - Processed 50 frames...
2025-12-06 11:42:27,619 - [core.frame.py] - WARNING - No face detected in frame: InMemoryFrame
2025-12-06 11:42:27,774 - [core.frame.py] - WARNING - No face detected in frame: InMemoryFrame
2025-12-06 11:42:27,928 - [core.frame.py] - WARNING - No face detected in frame: InMemoryFrame
2025-12-06 11:42:28,076 - [core.frame.py] - WARNING - No face detected in frame: InMemoryFrame
2025-12-06 11:42:28,241 - [core.frame.py] - WARNING - No face detected in frame: InMemoryFrame
2025-12-06 11:42:28,402 - [core.frame.py] - WARNING - No face detected in frame: InMemoryFrame
2025-12-06 11:42:28,551 - [core.frame.py] - WARNING - No face detected in frame: InMemoryFrame
2025-12-06 11:42:28,699 - [core.frame.py] - WARNING - No face detected in frame: InMemoryFrame
2025-12-06 11:42:29,012 - [core.frame.py] - WARNING - No face detected in frame: InMemoryFrame
2025-12-06 11:42:30,290 - [VideoProcessor] - INFO - Processed 60 frames...
2025-12-06 11:42:31,881 - [VideoProcessor] - INFO - Processed 70 frames...
2025-12-06 11:42:33,506 - [VideoProcessor] - INFO - Processed 80 frames...
2025-12-06 11:42:35,191 - [VideoProcessor] - INFO - Processed 90 frames...
2025-12-06 11:42:37,155 - [VideoProcessor] - INFO - Processed 100 frames...
2025-12-06 11:42:39,250 - [VideoProcessor] - INFO - Processed 110 frames...
2025-12-06 11:42:41,429 - [VideoProcessor] - INFO - Processed 120 frames...
2025-12-06 11:42:43,564 - [VideoProcessor] - INFO - Processed 130 frames...
2025-12-06 11:42:45,652 - [VideoProcessor] - INFO - Processed 140 frames...
2025-12-06 11:42:47,731 - [VideoProcessor] - INFO - Processed 150 frames...
2025-12-06 11:42:49,757 - [VideoProcessor] - INFO - Processed 160 frames...
2025-12-06 11:42:51,804 - [VideoProcessor] - INFO - Processed 170 frames...
2025-12-06 11:42:53,839 - [VideoProcessor] - INFO - Processed 180 frames...
2025-12-06 11:42:55,884 - [VideoProcessor] - INFO - Processed 190 frames...
2025-12-06 11:42:57,926 - [VideoProcessor] - INFO - Processed 200 frames...
2025-12-06 11:42:59,981 - [VideoProcessor] - INFO - Processed 210 frames...
2025-12-06 11:43:02,047 - [VideoProcessor] - INFO - Processed 220 frames...
2025-12-06 11:43:04,206 - [VideoProcessor] - INFO - Processed 230 frames...
2025-12-06 11:43:06,300 - [VideoProcessor] - INFO - Processed 240 frames...
2025-12-06 11:43:08,388 - [VideoProcessor] - INFO - Processed 250 frames...
2025-12-06 11:43:10,387 - [VideoProcessor] - INFO - Processed 260 frames...
2025-12-06 11:43:12,364 - [VideoProcessor] - INFO - Processed 270 frames...
2025-12-06 11:43:14,326 - [VideoProcessor] - INFO - Processed 280 frames...
2025-12-06 11:43:16,196 - [VideoProcessor] - INFO - Processed 290 frames...
2025-12-06 11:43:18,079 - [VideoProcessor] - INFO - Processed 300 frames...
2025-12-06 11:43:20,031 - [VideoProcessor] - INFO - Processed 310 frames...
2025-12-06 11:43:21,873 - [VideoProcessor] - INFO - Processed 320 frames...
2025-12-06 11:43:23,704 - [VideoProcessor] - INFO - Processed 330 frames...
2025-12-06 11:43:25,548 - [VideoProcessor] - INFO - Processed 340 frames...
2025-12-06 11:43:27,439 - [VideoProcessor] - INFO - Processed 350 frames...
2025-12-06 11:43:29,486 - [VideoProcessor] - INFO - Processed 360 frames...
2025-12-06 11:43:31,349 - [VideoProcessor] - INFO - Processed 370 frames...
2025-12-06 11:43:33,214 - [VideoProcessor] - INFO - Processed 380 frames...
2025-12-06 11:43:35,040 - [VideoProcessor] - INFO - Processed 390 frames...
2025-12-06 11:43:36,857 - [VideoProcessor] - INFO - Processed 400 frames...
2025-12-06 11:43:38,706 - [VideoProcessor] - INFO - Processed 410 frames...
2025-12-06 11:43:40,623 - [VideoProcessor] - INFO - Processed 420 frames...
2025-12-06 11:43:42,511 - [VideoProcessor] - INFO - Processed 430 frames...
2025-12-06 11:43:44,642 - [VideoProcessor] - INFO - Processed 440 frames...
2025-12-06 11:43:46,730 - [VideoProcessor] - INFO - Processed 450 frames...
2025-12-06 11:43:49,025 - [VideoProcessor] - INFO - Processed 460 frames...
2025-12-06 11:43:51,505 - [VideoProcessor] - INFO - Processed 470 frames...
2025-12-06 11:43:53,759 - [VideoProcessor] - INFO - Processed 480 frames...
2025-12-06 11:43:56,132 - [VideoProcessor] - INFO - Processed 490 frames...
2025-12-06 11:43:58,258 - [VideoProcessor] - INFO - Processed 500 frames...
2025-12-06 11:44:00,233 - [VideoProcessor] - INFO - Processed 510 frames...
2025-12-06 11:44:02,314 - [VideoProcessor] - INFO - Processed 520 frames...
2025-12-06 11:44:04,480 - [VideoProcessor] - INFO - Processed 530 frames...
2025-12-06 11:44:06,752 - [VideoProcessor] - INFO - Processed 540 frames...
2025-12-06 11:44:08,856 - [VideoProcessor] - INFO - Processed 550 frames...
2025-12-06 11:44:11,220 - [VideoProcessor] - INFO - Processed 560 frames...
2025-12-06 11:44:13,439 - [VideoProcessor] - INFO - Processed 570 frames...
2025-12-06 11:44:15,839 - [VideoProcessor] - INFO - Processed 580 frames...
2025-12-06 11:44:18,206 - [VideoProcessor] - INFO - Processed 590 frames...
2025-12-06 11:44:20,507 - [VideoProcessor] - INFO - Processed 600 frames...
2025-12-06 11:44:22,675 - [VideoProcessor] - INFO - Processed 610 frames...
2025-12-06 11:44:24,792 - [VideoProcessor] - INFO - Processed 620 frames...
2025-12-06 11:44:26,909 - [VideoProcessor] - INFO - Processed 630 frames...
2025-12-06 11:44:29,111 - [VideoProcessor] - INFO - Processed 640 frames...
2025-12-06 11:44:31,378 - [VideoProcessor] - INFO - Processed 650 frames...
2025-12-06 11:44:33,428 - [VideoProcessor] - INFO - Processed 660 frames...
2025-12-06 11:44:35,597 - [VideoProcessor] - INFO - Processed 670 frames...
2025-12-06 11:44:38,014 - [VideoProcessor] - INFO - Processed 680 frames...
2025-12-06 11:44:40,249 - [VideoProcessor] - INFO - Processed 690 frames...
2025-12-06 11:44:42,832 - [VideoProcessor] - INFO - Processed 700 frames...
2025-12-06 11:44:45,900 - [VideoProcessor] - INFO - Processed 710 frames...
2025-12-06 11:44:48,767 - [VideoProcessor] - INFO - Processed 720 frames...
2025-12-06 11:44:51,555 - [VideoProcessor] - INFO - Processed 730 frames...
2025-12-06 11:44:54,519 - [VideoProcessor] - INFO - Processed 740 frames...
2025-12-06 11:44:57,229 - [VideoProcessor] - INFO - Processed 750 frames...
2025-12-06 11:44:59,955 - [VideoProcessor] - INFO - Processed 760 frames...
2025-12-06 11:45:02,856 - [VideoProcessor] - INFO - Processed 770 frames...
2025-12-06 11:45:05,590 - [VideoProcessor] - INFO - Processed 780 frames...
2025-12-06 11:45:08,291 - [VideoProcessor] - INFO - Processed 790 frames...
2025-12-06 11:45:11,142 - [VideoProcessor] - INFO - Processed 800 frames...
2025-12-06 11:45:14,009 - [VideoProcessor] - INFO - Processed 810 frames...
2025-12-06 11:45:16,560 - [VideoProcessor] - INFO - Processed 820 frames...
2025-12-06 11:45:18,978 - [VideoProcessor] - INFO - Processed 830 frames...
2025-12-06 11:45:20,845 - [VideoProcessor] - INFO - Processed 840 frames...
2025-12-06 11:45:22,712 - [VideoProcessor] - INFO - Processed 850 frames...
2025-12-06 11:45:24,613 - [VideoProcessor] - INFO - Processed 860 frames...
2025-12-06 11:45:26,464 - [VideoProcessor] - INFO - Processed 870 frames...
2025-12-06 11:45:28,331 - [VideoProcessor] - INFO - Processed 880 frames...
2025-12-06 11:45:30,232 - [VideoProcessor] - INFO - Processed 890 frames...
2025-12-06 11:45:32,124 - [VideoProcessor] - INFO - Processed 900 frames...
2025-12-06 11:45:34,067 - [VideoProcessor] - INFO - Processed 910 frames...
2025-12-06 11:45:36,672 - [VideoProcessor] - INFO - Processed 920 frames...
2025-12-06 11:45:39,538 - [VideoProcessor] - INFO - Processed 930 frames...
2025-12-06 11:45:42,253 - [VideoProcessor] - INFO - Processed 940 frames...
2025-12-06 11:45:44,872 - [VideoProcessor] - INFO - Processed 950 frames...
2025-12-06 11:45:47,307 - [VideoProcessor] - INFO - Processed 960 frames...
2025-12-06 11:45:49,706 - [VideoProcessor] - INFO - Processed 970 frames...
2025-12-06 11:45:50,743 - [core.frame.py] - WARNING - No face detected in frame: InMemoryFrame
2025-12-06 11:45:50,992 - [core.frame.py] - WARNING - No face detected in frame: InMemoryFrame
2025-12-06 11:45:51,221 - [core.frame.py] - WARNING - No face detected in frame: InMemoryFrame
2025-12-06 11:45:51,451 - [core.frame.py] - WARNING - No face detected in frame: InMemoryFrame
2025-12-06 11:45:51,665 - [core.frame.py] - WARNING - No face detected in frame: InMemoryFrame
2025-12-06 11:45:51,881 - [core.frame.py] - WARNING - No face detected in frame: InMemoryFrame
2025-12-06 11:45:52,089 - [core.frame.py] - WARNING - No face detected in frame: InMemoryFrame
2025-12-06 11:45:52,278 - [core.frame.py] - WARNING - No face detected in frame: InMemoryFrame
2025-12-06 11:45:52,487 - [core.frame.py] - WARNING - No face detected in frame: InMemoryFrame
2025-12-06 11:45:52,691 - [core.frame.py] - WARNING - No face detected in frame: InMemoryFrame
2025-12-06 11:45:52,896 - [core.frame.py] - WARNING - No face detected in frame: InMemoryFrame
2025-12-06 11:45:53,097 - [core.frame.py] - WARNING - No face detected in frame: InMemoryFrame
2025-12-06 11:45:54,842 - [VideoProcessor] - INFO - Processed 980 frames...
2025-12-06 11:45:56,075 - [core.frame.py] - WARNING - No face detected in frame: InMemoryFrame
2025-12-06 11:45:56,292 - [core.frame.py] - WARNING - No face detected in frame: InMemoryFrame
2025-12-06 11:45:57,725 - [VideoProcessor] - INFO - Processed 990 frames...
2025-12-06 11:46:00,226 - [VideoProcessor] - INFO - Processed 1000 frames...
2025-12-06 11:46:02,694 - [VideoProcessor] - INFO - Processed 1010 frames...
2025-12-06 11:46:05,378 - [VideoProcessor] - INFO - Processed 1020 frames...
2025-12-06 11:46:08,162 - [VideoProcessor] - INFO - Processed 1030 frames...
2025-12-06 11:46:11,031 - [VideoProcessor] - INFO - Processed 1040 frames...
2025-12-06 11:46:13,842 - [VideoProcessor] - INFO - Processed 1050 frames...
2025-12-06 11:46:16,492 - [VideoProcessor] - INFO - Processed 1060 frames...
2025-12-06 11:46:19,023 - [VideoProcessor] - INFO - Processed 1070 frames...
2025-12-06 11:46:21,458 - [VideoProcessor] - INFO - Processed 1080 frames...
2025-12-06 11:46:23,891 - [VideoProcessor] - INFO - Processed 1090 frames...
2025-12-06 11:46:26,333 - [VideoProcessor] - INFO - Processed 1100 frames...
2025-12-06 11:46:28,829 - [VideoProcessor] - INFO - Processed 1110 frames...
2025-12-06 11:46:31,293 - [VideoProcessor] - INFO - Processed 1120 frames...
2025-12-06 11:46:33,814 - [VideoProcessor] - INFO - Processed 1130 frames...
2025-12-06 11:46:36,801 - [VideoProcessor] - INFO - Processed 1140 frames...
2025-12-06 11:46:39,849 - [VideoProcessor] - INFO - Processed 1150 frames...
2025-12-06 11:46:43,030 - [VideoProcessor] - INFO - Processed 1160 frames...
2025-12-06 11:46:44,258 - [core.frame.py] - WARNING - No face detected in frame: InMemoryFrame
2025-12-06 11:46:45,459 - [core.frame.py] - WARNING - No face detected in frame: InMemoryFrame
2025-12-06 11:46:46,843 - [VideoProcessor] - INFO - Processed 1170 frames...
2025-12-06 11:46:50,094 - [VideoProcessor] - INFO - Processed 1180 frames...
2025-12-06 11:46:51,348 - [core.frame.py] - WARNING - No face detected in frame: InMemoryFrame
2025-12-06 11:46:51,983 - [core.frame.py] - WARNING - No face detected in frame: InMemoryFrame
2025-12-06 11:46:52,277 - [core.frame.py] - WARNING - No face detected in frame: InMemoryFrame
2025-12-06 11:46:52,578 - [core.frame.py] - WARNING - No face detected in frame: InMemoryFrame
2025-12-06 11:46:53,195 - [core.frame.py] - WARNING - No face detected in frame: InMemoryFrame
2025-12-06 11:46:53,815 - [core.frame.py] - WARNING - No face detected in frame: InMemoryFrame
2025-12-06 11:46:54,116 - [core.frame.py] - WARNING - No face detected in frame: InMemoryFrame
2025-12-06 11:46:54,416 - [core.frame.py] - WARNING - No face detected in frame: InMemoryFrame
2025-12-06 11:46:55,429 - [VideoProcessor] - INFO - Processed 1190 frames...
2025-12-06 11:46:57,730 - [VideoProcessor] - INFO - Processed 1200 frames...
2025-12-06 11:46:59,997 - [VideoProcessor] - INFO - Processed 1210 frames...
2025-12-06 11:47:02,270 - [VideoProcessor] - INFO - Processed 1220 frames...
2025-12-06 11:47:04,649 - [VideoProcessor] - INFO - Processed 1230 frames...
2025-12-06 11:47:06,933 - [VideoProcessor] - INFO - Processed 1240 frames...
2025-12-06 11:47:09,368 - [VideoProcessor] - INFO - Processed 1250 frames...
2025-12-06 11:47:10,901 - [core.frame.py] - WARNING - No face detected in frame: InMemoryFrame
2025-12-06 11:47:11,125 - [core.frame.py] - WARNING - No face detected in frame: InMemoryFrame
2025-12-06 11:47:11,317 - [core.frame.py] - WARNING - No face detected in frame: InMemoryFrame
2025-12-06 11:47:11,578 - [core.frame.py] - WARNING - No face detected in frame: InMemoryFrame
2025-12-06 11:47:11,790 - [core.frame.py] - WARNING - No face detected in frame: InMemoryFrame
2025-12-06 11:47:12,000 - [core.frame.py] - WARNING - No face detected in frame: InMemoryFrame
2025-12-06 11:47:12,184 - [core.frame.py] - WARNING - No face detected in frame: InMemoryFrame
2025-12-06 11:47:12,396 - [core.frame.py] - WARNING - No face detected in frame: InMemoryFrame
2025-12-06 11:47:12,611 - [core.frame.py] - WARNING - No face detected in frame: InMemoryFrame
2025-12-06 11:47:12,780 - [core.frame.py] - WARNING - No face detected in frame: InMemoryFrame
2025-12-06 11:47:12,971 - [core.frame.py] - WARNING - No face detected in frame: InMemoryFrame
2025-12-06 11:47:13,157 - [core.frame.py] - WARNING - No face detected in frame: InMemoryFrame
2025-12-06 11:47:13,333 - [core.frame.py] - WARNING - No face detected in frame: InMemoryFrame
2025-12-06 11:47:13,513 - [core.frame.py] - WARNING - No face detected in frame: InMemoryFrame
2025-12-06 11:47:13,708 - [core.frame.py] - WARNING - No face detected in frame: InMemoryFrame
2025-12-06 11:47:13,867 - [core.frame.py] - WARNING - No face detected in frame: InMemoryFrame
2025-12-06 11:47:14,066 - [core.frame.py] - WARNING - No face detected in frame: InMemoryFrame
2025-12-06 11:47:14,271 - [core.frame.py] - WARNING - No face detected in frame: InMemoryFrame
2025-12-06 11:47:14,467 - [core.frame.py] - WARNING - No face detected in frame: InMemoryFrame
2025-12-06 11:47:14,677 - [core.frame.py] - WARNING - No face detected in frame: InMemoryFrame
2025-12-06 11:47:14,863 - [core.frame.py] - WARNING - No face detected in frame: InMemoryFrame
2025-12-06 11:47:15,083 - [core.frame.py] - WARNING - No face detected in frame: InMemoryFrame
2025-12-06 11:47:15,307 - [core.frame.py] - WARNING - No face detected in frame: InMemoryFrame
2025-12-06 11:47:15,512 - [core.frame.py] - WARNING - No face detected in frame: InMemoryFrame
2025-12-06 11:47:15,735 - [core.frame.py] - WARNING - No face detected in frame: InMemoryFrame
2025-12-06 11:47:15,941 - [core.frame.py] - WARNING - No face detected in frame: InMemoryFrame
2025-12-06 11:47:16,144 - [core.frame.py] - WARNING - No face detected in frame: InMemoryFrame
2025-12-06 11:47:16,357 - [core.frame.py] - WARNING - No face detected in frame: InMemoryFrame
2025-12-06 11:47:16,583 - [core.frame.py] - WARNING - No face detected in frame: InMemoryFrame
2025-12-06 11:47:16,797 - [core.frame.py] - WARNING - No face detected in frame: InMemoryFrame
2025-12-06 11:47:16,981 - [core.frame.py] - WARNING - No face detected in frame: InMemoryFrame
2025-12-06 11:47:17,183 - [core.frame.py] - WARNING - No face detected in frame: InMemoryFrame
2025-12-06 11:47:17,394 - [core.frame.py] - WARNING - No face detected in frame: InMemoryFrame
2025-12-06 11:47:17,606 - [core.frame.py] - WARNING - No face detected in frame: InMemoryFrame
2025-12-06 11:47:17,799 - [core.frame.py] - WARNING - No face detected in frame: InMemoryFrame
2025-12-06 11:47:17,999 - [core.frame.py] - WARNING - No face detected in frame: InMemoryFrame
2025-12-06 11:47:18,209 - [core.frame.py] - WARNING - No face detected in frame: InMemoryFrame
2025-12-06 11:47:18,436 - [core.frame.py] - WARNING - No face detected in frame: InMemoryFrame
2025-12-06 11:47:18,643 - [core.frame.py] - WARNING - No face detected in frame: InMemoryFrame
2025-12-06 11:47:18,854 - [core.frame.py] - WARNING - No face detected in frame: InMemoryFrame
2025-12-06 11:47:19,087 - [core.frame.py] - WARNING - No face detected in frame: InMemoryFrame
2025-12-06 11:47:19,278 - [core.frame.py] - WARNING - No face detected in frame: InMemoryFrame
2025-12-06 11:47:19,457 - [core.frame.py] - WARNING - No face detected in frame: InMemoryFrame
2025-12-06 11:47:19,634 - [core.frame.py] - WARNING - No face detected in frame: InMemoryFrame
2025-12-06 11:47:19,816 - [core.frame.py] - WARNING - No face detected in frame: InMemoryFrame
2025-12-06 11:47:20,004 - [core.frame.py] - WARNING - No face detected in frame: InMemoryFrame
2025-12-06 11:47:20,187 - [core.frame.py] - WARNING - No face detected in frame: InMemoryFrame
2025-12-06 11:47:20,368 - [core.frame.py] - WARNING - No face detected in frame: InMemoryFrame
2025-12-06 11:47:20,555 - [core.frame.py] - WARNING - No face detected in frame: InMemoryFrame
2025-12-06 11:47:20,721 - [core.frame.py] - WARNING - No face detected in frame: InMemoryFrame
2025-12-06 11:47:20,919 - [core.frame.py] - WARNING - No face detected in frame: InMemoryFrame
2025-12-06 11:47:21,089 - [core.frame.py] - WARNING - No face detected in frame: InMemoryFrame
2025-12-06 11:47:21,270 - [core.frame.py] - WARNING - No face detected in frame: InMemoryFrame
2025-12-06 11:47:21,446 - [core.frame.py] - WARNING - No face detected in frame: InMemoryFrame
2025-12-06 11:47:21,621 - [core.frame.py] - WARNING - No face detected in frame: InMemoryFrame
2025-12-06 11:47:21,802 - [core.frame.py] - WARNING - No face detected in frame: InMemoryFrame
2025-12-06 11:47:21,983 - [core.frame.py] - WARNING - No face detected in frame: InMemoryFrame
2025-12-06 11:47:22,193 - [core.frame.py] - WARNING - No face detected in frame: InMemoryFrame
2025-12-06 11:47:22,380 - [core.frame.py] - WARNING - No face detected in frame: InMemoryFrame
2025-12-06 11:47:22,553 - [core.frame.py] - WARNING - No face detected in frame: InMemoryFrame
2025-12-06 11:47:22,731 - [core.frame.py] - WARNING - No face detected in frame: InMemoryFrame
2025-12-06 11:47:22,744 - [VideoProcessor] - INFO - Finished MarkRutte_MariekeElsinga.mkv. Total detections: 1255
2025-12-06 11:47:22,752 - [core.analyzer.py] - INFO - Analyzing video: ./data/input/MarkRutte\MarkRutte_MatthijsNieuwkerk.mp4
2025-12-06 11:47:22,761 - [VideoProcessor] - INFO - Starting processing: MarkRutte_MatthijsNieuwkerk.mp4 (FPS: 25.00)
2025-12-06 11:47:22,810 - [core.frame.py] - WARNING - No face detected in frame: InMemoryFrame
2025-12-06 11:47:22,898 - [core.frame.py] - WARNING - No face detected in frame: InMemoryFrame
2025-12-06 11:47:22,934 - [core.frame.py] - WARNING - No face detected in frame: InMemoryFrame
2025-12-06 11:47:22,972 - [core.frame.py] - WARNING - No face detected in frame: InMemoryFrame
2025-12-06 11:47:23,055 - [core.frame.py] - WARNING - No face detected in frame: InMemoryFrame
2025-12-06 11:47:23,422 - [core.frame.py] - WARNING - No face detected in frame: InMemoryFrame
2025-12-06 11:47:23,465 - [core.frame.py] - WARNING - No face detected in frame: InMemoryFrame
2025-12-06 11:47:23,507 - [core.frame.py] - WARNING - No face detected in frame: InMemoryFrame
2025-12-06 11:47:23,552 - [core.frame.py] - WARNING - No face detected in frame: InMemoryFrame
2025-12-06 11:47:23,591 - [core.frame.py] - WARNING - No face detected in frame: InMemoryFrame
2025-12-06 11:47:23,631 - [core.frame.py] - WARNING - No face detected in frame: InMemoryFrame
2025-12-06 11:47:23,669 - [core.frame.py] - WARNING - No face detected in frame: InMemoryFrame
2025-12-06 11:47:23,765 - [core.frame.py] - WARNING - No face detected in frame: InMemoryFrame
2025-12-06 11:47:23,832 - [VideoProcessor] - INFO - Processed 10 frames...
2025-12-06 11:47:23,880 - [core.frame.py] - WARNING - No face detected in frame: InMemoryFrame
2025-12-06 11:47:23,880 - [VideoProcessor] - INFO - Processed 10 frames...
2025-12-06 11:47:23,929 - [core.frame.py] - WARNING - No face detected in frame: InMemoryFrame
2025-12-06 11:47:23,929 - [VideoProcessor] - INFO - Processed 10 frames...
2025-12-06 11:47:24,502 - [VideoProcessor] - INFO - Processed 20 frames...
2025-12-06 11:47:25,082 - [VideoProcessor] - INFO - Processed 30 frames...
2025-12-06 11:47:25,708 - [VideoProcessor] - INFO - Processed 40 frames...
2025-12-06 11:47:26,341 - [VideoProcessor] - INFO - Processed 50 frames...
2025-12-06 11:47:26,446 - [core.frame.py] - WARNING - No face detected in frame: InMemoryFrame
2025-12-06 11:47:26,492 - [core.frame.py] - WARNING - No face detected in frame: InMemoryFrame
2025-12-06 11:47:26,964 - [core.frame.py] - WARNING - No face detected in frame: InMemoryFrame
2025-12-06 11:47:27,006 - [core.frame.py] - WARNING - No face detected in frame: InMemoryFrame
2025-12-06 11:47:27,102 - [core.frame.py] - WARNING - No face detected in frame: InMemoryFrame
2025-12-06 11:47:27,142 - [core.frame.py] - WARNING - No face detected in frame: InMemoryFrame
2025-12-06 11:47:27,184 - [core.frame.py] - WARNING - No face detected in frame: InMemoryFrame
2025-12-06 11:47:27,220 - [core.frame.py] - WARNING - No face detected in frame: InMemoryFrame
2025-12-06 11:47:27,256 - [core.frame.py] - WARNING - No face detected in frame: InMemoryFrame
2025-12-06 11:47:27,305 - [VideoProcessor] - INFO - Processed 60 frames...
2025-12-06 11:47:27,341 - [core.frame.py] - WARNING - No face detected in frame: InMemoryFrame
2025-12-06 11:47:27,341 - [VideoProcessor] - INFO - Processed 60 frames...
2025-12-06 11:47:27,391 - [core.frame.py] - WARNING - No face detected in frame: InMemoryFrame
2025-12-06 11:47:27,391 - [VideoProcessor] - INFO - Processed 60 frames...
2025-12-06 11:47:27,433 - [core.frame.py] - WARNING - No face detected in frame: InMemoryFrame
2025-12-06 11:47:27,433 - [VideoProcessor] - INFO - Processed 60 frames...
2025-12-06 11:47:27,520 - [core.frame.py] - WARNING - No face detected in frame: InMemoryFrame
2025-12-06 11:47:27,556 - [core.frame.py] - WARNING - No face detected in frame: InMemoryFrame
2025-12-06 11:47:27,597 - [core.frame.py] - WARNING - No face detected in frame: InMemoryFrame
2025-12-06 11:47:27,745 - [core.frame.py] - WARNING - No face detected in frame: InMemoryFrame
2025-12-06 11:47:27,789 - [core.frame.py] - WARNING - No face detected in frame: InMemoryFrame
2025-12-06 11:47:27,833 - [core.frame.py] - WARNING - No face detected in frame: InMemoryFrame
2025-12-06 11:47:27,874 - [core.frame.py] - WARNING - No face detected in frame: InMemoryFrame
2025-12-06 11:47:27,906 - [core.frame.py] - WARNING - No face detected in frame: InMemoryFrame
2025-12-06 11:47:27,950 - [core.frame.py] - WARNING - No face detected in frame: InMemoryFrame
2025-12-06 11:47:27,981 - [core.frame.py] - WARNING - No face detected in frame: InMemoryFrame
2025-12-06 11:47:28,014 - [core.frame.py] - WARNING - No face detected in frame: InMemoryFrame
2025-12-06 11:47:28,060 - [core.frame.py] - WARNING - No face detected in frame: InMemoryFrame
2025-12-06 11:47:28,107 - [core.frame.py] - WARNING - No face detected in frame: InMemoryFrame
2025-12-06 11:47:28,143 - [core.frame.py] - WARNING - No face detected in frame: InMemoryFrame
2025-12-06 11:47:28,176 - [core.frame.py] - WARNING - No face detected in frame: InMemoryFrame
2025-12-06 11:47:28,219 - [core.frame.py] - WARNING - No face detected in frame: InMemoryFrame
2025-12-06 11:47:28,257 - [core.frame.py] - WARNING - No face detected in frame: InMemoryFrame
2025-12-06 11:47:28,296 - [core.frame.py] - WARNING - No face detected in frame: InMemoryFrame
2025-12-06 11:47:28,326 - [core.frame.py] - WARNING - No face detected in frame: InMemoryFrame
2025-12-06 11:47:28,366 - [core.frame.py] - WARNING - No face detected in frame: InMemoryFrame
2025-12-06 11:47:28,408 - [core.frame.py] - WARNING - No face detected in frame: InMemoryFrame
2025-12-06 11:47:28,441 - [core.frame.py] - WARNING - No face detected in frame: InMemoryFrame
2025-12-06 11:47:28,523 - [core.frame.py] - WARNING - No face detected in frame: InMemoryFrame
2025-12-06 11:47:28,605 - [core.frame.py] - WARNING - No face detected in frame: InMemoryFrame
2025-12-06 11:47:28,641 - [core.frame.py] - WARNING - No face detected in frame: InMemoryFrame
2025-12-06 11:47:28,676 - [core.frame.py] - WARNING - No face detected in frame: InMemoryFrame
2025-12-06 11:47:28,913 - [VideoProcessor] - INFO - Processed 70 frames...
2025-12-06 11:47:29,093 - [core.frame.py] - WARNING - No face detected in frame: InMemoryFrame
2025-12-06 11:47:29,126 - [core.frame.py] - WARNING - No face detected in frame: InMemoryFrame
2025-12-06 11:47:29,177 - [core.frame.py] - WARNING - No face detected in frame: InMemoryFrame
2025-12-06 11:47:29,530 - [VideoProcessor] - INFO - Processed 80 frames...
2025-12-06 11:47:30,006 - [VideoProcessor] - INFO - Processed 90 frames...
2025-12-06 11:47:30,475 - [VideoProcessor] - INFO - Processed 100 frames...
2025-12-06 11:47:30,983 - [core.frame.py] - WARNING - No face detected in frame: InMemoryFrame
2025-12-06 11:47:31,019 - [core.frame.py] - WARNING - No face detected in frame: InMemoryFrame
2025-12-06 11:47:31,056 - [core.frame.py] - WARNING - No face detected in frame: InMemoryFrame
2025-12-06 11:47:31,092 - [core.frame.py] - WARNING - No face detected in frame: InMemoryFrame
2025-12-06 11:47:31,147 - [VideoProcessor] - INFO - Processed 110 frames...
2025-12-06 11:47:31,661 - [VideoProcessor] - INFO - Processed 120 frames...
2025-12-06 11:47:32,078 - [core.frame.py] - WARNING - No face detected in frame: InMemoryFrame
2025-12-06 11:47:32,110 - [core.frame.py] - WARNING - No face detected in frame: InMemoryFrame
2025-12-06 11:47:32,162 - [core.frame.py] - WARNING - No face detected in frame: InMemoryFrame
2025-12-06 11:47:32,197 - [core.frame.py] - WARNING - No face detected in frame: InMemoryFrame
2025-12-06 11:47:32,234 - [core.frame.py] - WARNING - No face detected in frame: InMemoryFrame
2025-12-06 11:47:32,262 - [core.frame.py] - WARNING - No face detected in frame: InMemoryFrame
2025-12-06 11:47:32,317 - [core.frame.py] - WARNING - No face detected in frame: InMemoryFrame
2025-12-06 11:47:32,359 - [core.frame.py] - WARNING - No face detected in frame: InMemoryFrame
2025-12-06 11:47:32,403 - [core.frame.py] - WARNING - No face detected in frame: InMemoryFrame
2025-12-06 11:47:32,492 - [core.frame.py] - WARNING - No face detected in frame: InMemoryFrame
2025-12-06 11:47:32,527 - [core.frame.py] - WARNING - No face detected in frame: InMemoryFrame
2025-12-06 11:47:32,562 - [core.frame.py] - WARNING - No face detected in frame: InMemoryFrame
2025-12-06 11:47:32,610 - [core.frame.py] - WARNING - No face detected in frame: InMemoryFrame
2025-12-06 11:47:32,644 - [core.frame.py] - WARNING - No face detected in frame: InMemoryFrame
2025-12-06 11:47:32,677 - [core.frame.py] - WARNING - No face detected in frame: InMemoryFrame
2025-12-06 11:47:32,727 - [core.frame.py] - WARNING - No face detected in frame: InMemoryFrame
2025-12-06 11:47:32,762 - [core.frame.py] - WARNING - No face detected in frame: InMemoryFrame
2025-12-06 11:47:32,810 - [core.frame.py] - WARNING - No face detected in frame: InMemoryFrame
2025-12-06 11:47:32,843 - [core.frame.py] - WARNING - No face detected in frame: InMemoryFrame
2025-12-06 11:47:32,878 - [core.frame.py] - WARNING - No face detected in frame: InMemoryFrame
2025-12-06 11:47:32,911 - [core.frame.py] - WARNING - No face detected in frame: InMemoryFrame
2025-12-06 11:47:32,960 - [core.frame.py] - WARNING - No face detected in frame: InMemoryFrame
2025-12-06 11:47:32,996 - [core.frame.py] - WARNING - No face detected in frame: InMemoryFrame
2025-12-06 11:47:33,027 - [core.frame.py] - WARNING - No face detected in frame: InMemoryFrame
2025-12-06 11:47:33,077 - [VideoProcessor] - INFO - Processed 130 frames...
2025-12-06 11:47:33,117 - [core.frame.py] - WARNING - No face detected in frame: InMemoryFrame
2025-12-06 11:47:33,117 - [VideoProcessor] - INFO - Processed 130 frames...
2025-12-06 11:47:33,164 - [core.frame.py] - WARNING - No face detected in frame: InMemoryFrame
2025-12-06 11:47:33,165 - [VideoProcessor] - INFO - Processed 130 frames...
2025-12-06 11:47:33,201 - [core.frame.py] - WARNING - No face detected in frame: InMemoryFrame
2025-12-06 11:47:33,201 - [VideoProcessor] - INFO - Processed 130 frames...
2025-12-06 11:47:33,242 - [core.frame.py] - WARNING - No face detected in frame: InMemoryFrame
2025-12-06 11:47:33,242 - [VideoProcessor] - INFO - Processed 130 frames...
2025-12-06 11:47:33,278 - [core.frame.py] - WARNING - No face detected in frame: InMemoryFrame
2025-12-06 11:47:33,278 - [VideoProcessor] - INFO - Processed 130 frames...
2025-12-06 11:47:33,332 - [core.frame.py] - WARNING - No face detected in frame: InMemoryFrame
2025-12-06 11:47:33,332 - [VideoProcessor] - INFO - Processed 130 frames...
2025-12-06 11:47:33,374 - [core.frame.py] - WARNING - No face detected in frame: InMemoryFrame
2025-12-06 11:47:33,376 - [VideoProcessor] - INFO - Processed 130 frames...
2025-12-06 11:47:33,520 - [core.frame.py] - WARNING - No face detected in frame: InMemoryFrame
2025-12-06 11:47:33,560 - [core.frame.py] - WARNING - No face detected in frame: InMemoryFrame
2025-12-06 11:47:33,602 - [core.frame.py] - WARNING - No face detected in frame: InMemoryFrame
2025-12-06 11:47:33,641 - [core.frame.py] - WARNING - No face detected in frame: InMemoryFrame
2025-12-06 11:47:33,681 - [core.frame.py] - WARNING - No face detected in frame: InMemoryFrame
2025-12-06 11:47:33,825 - [core.frame.py] - WARNING - No face detected in frame: InMemoryFrame
2025-12-06 11:47:33,863 - [core.frame.py] - WARNING - No face detected in frame: InMemoryFrame
2025-12-06 11:47:33,895 - [core.frame.py] - WARNING - No face detected in frame: InMemoryFrame
2025-12-06 11:47:33,992 - [core.frame.py] - WARNING - No face detected in frame: InMemoryFrame
2025-12-06 11:47:34,028 - [core.frame.py] - WARNING - No face detected in frame: InMemoryFrame
2025-12-06 11:47:34,109 - [core.frame.py] - WARNING - No face detected in frame: InMemoryFrame
2025-12-06 11:47:34,210 - [core.frame.py] - WARNING - No face detected in frame: InMemoryFrame
2025-12-06 11:47:34,245 - [core.frame.py] - WARNING - No face detected in frame: InMemoryFrame
2025-12-06 11:47:34,296 - [core.frame.py] - WARNING - No face detected in frame: InMemoryFrame
2025-12-06 11:47:34,328 - [core.frame.py] - WARNING - No face detected in frame: InMemoryFrame
2025-12-06 11:47:34,382 - [core.frame.py] - WARNING - No face detected in frame: InMemoryFrame
2025-12-06 11:47:34,420 - [core.frame.py] - WARNING - No face detected in frame: InMemoryFrame
2025-12-06 11:47:34,461 - [core.frame.py] - WARNING - No face detected in frame: InMemoryFrame
2025-12-06 11:47:34,499 - [core.frame.py] - WARNING - No face detected in frame: InMemoryFrame
2025-12-06 11:47:34,544 - [core.frame.py] - WARNING - No face detected in frame: InMemoryFrame
2025-12-06 11:47:34,590 - [core.frame.py] - WARNING - No face detected in frame: InMemoryFrame
2025-12-06 11:47:34,626 - [core.frame.py] - WARNING - No face detected in frame: InMemoryFrame
2025-12-06 11:47:34,664 - [core.frame.py] - WARNING - No face detected in frame: InMemoryFrame
2025-12-06 11:47:34,701 - [core.frame.py] - WARNING - No face detected in frame: InMemoryFrame
2025-12-06 11:47:34,744 - [core.frame.py] - WARNING - No face detected in frame: InMemoryFrame
2025-12-06 11:47:34,784 - [core.frame.py] - WARNING - No face detected in frame: InMemoryFrame
2025-12-06 11:47:34,811 - [core.frame.py] - WARNING - No face detected in frame: InMemoryFrame
2025-12-06 11:47:34,860 - [core.frame.py] - WARNING - No face detected in frame: InMemoryFrame
2025-12-06 11:47:34,898 - [core.frame.py] - WARNING - No face detected in frame: InMemoryFrame
2025-12-06 11:47:34,927 - [core.frame.py] - WARNING - No face detected in frame: InMemoryFrame
2025-12-06 11:47:34,976 - [core.frame.py] - WARNING - No face detected in frame: InMemoryFrame
2025-12-06 11:47:35,011 - [core.frame.py] - WARNING - No face detected in frame: InMemoryFrame
2025-12-06 11:47:35,044 - [core.frame.py] - WARNING - No face detected in frame: InMemoryFrame
2025-12-06 11:47:35,078 - [core.frame.py] - WARNING - No face detected in frame: InMemoryFrame
2025-12-06 11:47:35,127 - [core.frame.py] - WARNING - No face detected in frame: InMemoryFrame
2025-12-06 11:47:35,164 - [core.frame.py] - WARNING - No face detected in frame: InMemoryFrame
2025-12-06 11:47:35,206 - [core.frame.py] - WARNING - No face detected in frame: InMemoryFrame
2025-12-06 11:47:35,243 - [core.frame.py] - WARNING - No face detected in frame: InMemoryFrame
2025-12-06 11:47:35,277 - [core.frame.py] - WARNING - No face detected in frame: InMemoryFrame
2025-12-06 11:47:35,314 - [core.frame.py] - WARNING - No face detected in frame: InMemoryFrame
2025-12-06 11:47:35,360 - [core.frame.py] - WARNING - No face detected in frame: InMemoryFrame
2025-12-06 11:47:35,393 - [core.frame.py] - WARNING - No face detected in frame: InMemoryFrame
2025-12-06 11:47:35,443 - [core.frame.py] - WARNING - No face detected in frame: InMemoryFrame
2025-12-06 11:47:35,477 - [core.frame.py] - WARNING - No face detected in frame: InMemoryFrame
2025-12-06 11:47:35,565 - [core.frame.py] - WARNING - No face detected in frame: InMemoryFrame
2025-12-06 11:47:35,670 - [VideoProcessor] - INFO - Processed 140 frames...
2025-12-06 11:47:35,709 - [core.frame.py] - WARNING - No face detected in frame: InMemoryFrame
2025-12-06 11:47:35,710 - [VideoProcessor] - INFO - Processed 140 frames...
2025-12-06 11:47:35,800 - [core.frame.py] - WARNING - No face detected in frame: InMemoryFrame
2025-12-06 11:47:35,842 - [core.frame.py] - WARNING - No face detected in frame: InMemoryFrame
2025-12-06 11:47:35,877 - [core.frame.py] - WARNING - No face detected in frame: InMemoryFrame
2025-12-06 11:47:36,124 - [core.frame.py] - WARNING - No face detected in frame: InMemoryFrame
2025-12-06 11:47:36,215 - [core.frame.py] - WARNING - No face detected in frame: InMemoryFrame
2025-12-06 11:47:36,460 - [VideoProcessor] - INFO - Processed 150 frames...
2025-12-06 11:47:37,000 - [VideoProcessor] - INFO - Processed 160 frames...
2025-12-06 11:47:37,563 - [VideoProcessor] - INFO - Processed 170 frames...
2025-12-06 11:47:38,120 - [VideoProcessor] - INFO - Processed 180 frames...
2025-12-06 11:47:38,638 - [VideoProcessor] - INFO - Processed 190 frames...
2025-12-06 11:47:39,180 - [VideoProcessor] - INFO - Processed 200 frames...
2025-12-06 11:47:39,459 - [core.frame.py] - WARNING - No face detected in frame: InMemoryFrame
2025-12-06 11:47:39,558 - [core.frame.py] - WARNING - No face detected in frame: InMemoryFrame
2025-12-06 11:47:39,699 - [core.frame.py] - WARNING - No face detected in frame: InMemoryFrame
2025-12-06 11:47:39,911 - [VideoProcessor] - INFO - Processed 210 frames...
2025-12-06 11:47:40,695 - [VideoProcessor] - INFO - Processed 220 frames...
2025-12-06 11:47:41,427 - [VideoProcessor] - INFO - Processed 230 frames...
2025-12-06 11:47:42,149 - [VideoProcessor] - INFO - Processed 240 frames...
2025-12-06 11:47:42,835 - [VideoProcessor] - INFO - Processed 250 frames...
2025-12-06 11:47:43,681 - [VideoProcessor] - INFO - Processed 260 frames...
2025-12-06 11:47:44,531 - [VideoProcessor] - INFO - Processed 270 frames...
2025-12-06 11:47:45,429 - [VideoProcessor] - INFO - Processed 280 frames...
2025-12-06 11:47:46,074 - [VideoProcessor] - INFO - Processed 290 frames...
2025-12-06 11:47:46,552 - [VideoProcessor] - INFO - Processed 300 frames...
2025-12-06 11:47:47,054 - [VideoProcessor] - INFO - Processed 310 frames...
2025-12-06 11:47:47,559 - [VideoProcessor] - INFO - Processed 320 frames...
2025-12-06 11:47:48,063 - [VideoProcessor] - INFO - Processed 330 frames...
2025-12-06 11:47:48,606 - [VideoProcessor] - INFO - Processed 340 frames...
2025-12-06 11:47:49,227 - [VideoProcessor] - INFO - Processed 350 frames...
2025-12-06 11:47:49,821 - [VideoProcessor] - INFO - Processed 360 frames...
2025-12-06 11:47:50,384 - [VideoProcessor] - INFO - Processed 370 frames...
2025-12-06 11:47:50,950 - [VideoProcessor] - INFO - Processed 380 frames...
2025-12-06 11:47:51,526 - [VideoProcessor] - INFO - Processed 390 frames...
2025-12-06 11:47:52,078 - [VideoProcessor] - INFO - Processed 400 frames...
2025-12-06 11:47:52,641 - [VideoProcessor] - INFO - Processed 410 frames...
2025-12-06 11:47:53,168 - [VideoProcessor] - INFO - Processed 420 frames...
2025-12-06 11:47:53,699 - [VideoProcessor] - INFO - Processed 430 frames...
2025-12-06 11:47:54,216 - [VideoProcessor] - INFO - Processed 440 frames...
2025-12-06 11:47:54,737 - [VideoProcessor] - INFO - Processed 450 frames...
2025-12-06 11:47:55,278 - [VideoProcessor] - INFO - Processed 460 frames...
2025-12-06 11:47:55,800 - [VideoProcessor] - INFO - Processed 470 frames...
2025-12-06 11:47:56,314 - [VideoProcessor] - INFO - Processed 480 frames...
2025-12-06 11:47:56,818 - [VideoProcessor] - INFO - Processed 490 frames...
2025-12-06 11:47:57,334 - [VideoProcessor] - INFO - Processed 500 frames...
2025-12-06 11:47:57,904 - [VideoProcessor] - INFO - Processed 510 frames...
2025-12-06 11:47:58,419 - [VideoProcessor] - INFO - Processed 520 frames...
2025-12-06 11:47:58,905 - [core.frame.py] - WARNING - No face detected in frame: InMemoryFrame
2025-12-06 11:47:58,952 - [VideoProcessor] - INFO - Processed 530 frames...
2025-12-06 11:47:58,985 - [core.frame.py] - WARNING - No face detected in frame: InMemoryFrame
2025-12-06 11:47:58,985 - [VideoProcessor] - INFO - Processed 530 frames...
2025-12-06 11:47:59,461 - [VideoProcessor] - INFO - Processed 540 frames...
2025-12-06 11:47:59,928 - [VideoProcessor] - INFO - Processed 550 frames...
2025-12-06 11:48:00,392 - [VideoProcessor] - INFO - Processed 560 frames...
2025-12-06 11:48:00,899 - [VideoProcessor] - INFO - Processed 570 frames...
2025-12-06 11:48:01,381 - [VideoProcessor] - INFO - Processed 580 frames...
2025-12-06 11:48:01,880 - [VideoProcessor] - INFO - Processed 590 frames...
2025-12-06 11:48:02,357 - [core.frame.py] - WARNING - No face detected in frame: InMemoryFrame
2025-12-06 11:48:02,387 - [core.frame.py] - WARNING - No face detected in frame: InMemoryFrame
2025-12-06 11:48:02,407 - [core.frame.py] - WARNING - No face detected in frame: InMemoryFrame
2025-12-06 11:48:02,446 - [core.frame.py] - WARNING - No face detected in frame: InMemoryFrame
2025-12-06 11:48:02,473 - [core.frame.py] - WARNING - No face detected in frame: InMemoryFrame
2025-12-06 11:48:02,541 - [VideoProcessor] - INFO - Processed 600 frames...
2025-12-06 11:48:02,571 - [core.frame.py] - WARNING - No face detected in frame: InMemoryFrame
2025-12-06 11:48:02,571 - [VideoProcessor] - INFO - Processed 600 frames...
2025-12-06 11:48:02,615 - [core.frame.py] - WARNING - No face detected in frame: InMemoryFrame
2025-12-06 11:48:02,615 - [VideoProcessor] - INFO - Processed 600 frames...
2025-12-06 11:48:02,652 - [core.frame.py] - WARNING - No face detected in frame: InMemoryFrame
2025-12-06 11:48:02,652 - [VideoProcessor] - INFO - Processed 600 frames...
2025-12-06 11:48:02,685 - [core.frame.py] - WARNING - No face detected in frame: InMemoryFrame
2025-12-06 11:48:02,686 - [VideoProcessor] - INFO - Processed 600 frames...
2025-12-06 11:48:02,779 - [core.frame.py] - WARNING - No face detected in frame: InMemoryFrame
2025-12-06 11:48:02,819 - [core.frame.py] - WARNING - No face detected in frame: InMemoryFrame
2025-12-06 11:48:02,842 - [core.frame.py] - WARNING - No face detected in frame: InMemoryFrame
2025-12-06 11:48:02,888 - [core.frame.py] - WARNING - No face detected in frame: InMemoryFrame
2025-12-06 11:48:02,928 - [core.frame.py] - WARNING - No face detected in frame: InMemoryFrame
2025-12-06 11:48:02,955 - [core.frame.py] - WARNING - No face detected in frame: InMemoryFrame
2025-12-06 11:48:02,995 - [core.frame.py] - WARNING - No face detected in frame: InMemoryFrame
2025-12-06 11:48:03,026 - [core.frame.py] - WARNING - No face detected in frame: InMemoryFrame
2025-12-06 11:48:03,071 - [core.frame.py] - WARNING - No face detected in frame: InMemoryFrame
2025-12-06 11:48:03,108 - [core.frame.py] - WARNING - No face detected in frame: InMemoryFrame
2025-12-06 11:48:03,142 - [core.frame.py] - WARNING - No face detected in frame: InMemoryFrame
2025-12-06 11:48:03,180 - [core.frame.py] - WARNING - No face detected in frame: InMemoryFrame
2025-12-06 11:48:03,218 - [core.frame.py] - WARNING - No face detected in frame: InMemoryFrame
2025-12-06 11:48:03,259 - [core.frame.py] - WARNING - No face detected in frame: InMemoryFrame
2025-12-06 11:48:03,296 - [core.frame.py] - WARNING - No face detected in frame: InMemoryFrame
2025-12-06 11:48:03,320 - [core.frame.py] - WARNING - No face detected in frame: InMemoryFrame
2025-12-06 11:48:03,370 - [core.frame.py] - WARNING - No face detected in frame: InMemoryFrame
2025-12-06 11:48:03,403 - [core.frame.py] - WARNING - No face detected in frame: InMemoryFrame
2025-12-06 11:48:03,438 - [core.frame.py] - WARNING - No face detected in frame: InMemoryFrame
2025-12-06 11:48:03,486 - [core.frame.py] - WARNING - No face detected in frame: InMemoryFrame
2025-12-06 11:48:03,670 - [core.frame.py] - WARNING - No face detected in frame: InMemoryFrame
2025-12-06 11:48:03,756 - [core.frame.py] - WARNING - No face detected in frame: InMemoryFrame
2025-12-06 11:48:04,020 - [VideoProcessor] - INFO - Processed 610 frames...
2025-12-06 11:48:04,107 - [core.frame.py] - WARNING - No face detected in frame: InMemoryFrame
2025-12-06 11:48:04,143 - [core.frame.py] - WARNING - No face detected in frame: InMemoryFrame
2025-12-06 11:48:04,180 - [core.frame.py] - WARNING - No face detected in frame: InMemoryFrame
2025-12-06 11:48:04,258 - [core.frame.py] - WARNING - No face detected in frame: InMemoryFrame
2025-12-06 11:48:04,690 - [VideoProcessor] - INFO - Processed 620 frames...
2025-12-06 11:48:04,726 - [core.frame.py] - WARNING - No face detected in frame: InMemoryFrame
2025-12-06 11:48:04,726 - [VideoProcessor] - INFO - Processed 620 frames...
2025-12-06 11:48:04,759 - [core.frame.py] - WARNING - No face detected in frame: InMemoryFrame
2025-12-06 11:48:04,759 - [VideoProcessor] - INFO - Processed 620 frames...
2025-12-06 11:48:04,793 - [core.frame.py] - WARNING - No face detected in frame: InMemoryFrame
2025-12-06 11:48:04,793 - [VideoProcessor] - INFO - Processed 620 frames...
2025-12-06 11:48:04,826 - [core.frame.py] - WARNING - No face detected in frame: InMemoryFrame
2025-12-06 11:48:04,826 - [VideoProcessor] - INFO - Processed 620 frames...
2025-12-06 11:48:04,872 - [core.frame.py] - WARNING - No face detected in frame: InMemoryFrame
2025-12-06 11:48:04,872 - [VideoProcessor] - INFO - Processed 620 frames...
2025-12-06 11:48:04,910 - [core.frame.py] - WARNING - No face detected in frame: InMemoryFrame
2025-12-06 11:48:04,911 - [VideoProcessor] - INFO - Processed 620 frames...
2025-12-06 11:48:04,945 - [core.frame.py] - WARNING - No face detected in frame: InMemoryFrame
2025-12-06 11:48:04,945 - [VideoProcessor] - INFO - Processed 620 frames...
2025-12-06 11:48:05,026 - [core.frame.py] - WARNING - No face detected in frame: InMemoryFrame
2025-12-06 11:48:05,126 - [core.frame.py] - WARNING - No face detected in frame: InMemoryFrame
2025-12-06 11:48:05,160 - [core.frame.py] - WARNING - No face detected in frame: InMemoryFrame
2025-12-06 11:48:05,198 - [core.frame.py] - WARNING - No face detected in frame: InMemoryFrame
2025-12-06 11:48:05,233 - [core.frame.py] - WARNING - No face detected in frame: InMemoryFrame
2025-12-06 11:48:05,261 - [core.frame.py] - WARNING - No face detected in frame: InMemoryFrame
2025-12-06 11:48:05,305 - [core.frame.py] - WARNING - No face detected in frame: InMemoryFrame
2025-12-06 11:48:05,401 - [core.frame.py] - WARNING - No face detected in frame: InMemoryFrame
2025-12-06 11:48:05,437 - [core.frame.py] - WARNING - No face detected in frame: InMemoryFrame
2025-12-06 11:48:05,471 - [core.frame.py] - WARNING - No face detected in frame: InMemoryFrame
2025-12-06 11:48:05,504 - [core.frame.py] - WARNING - No face detected in frame: InMemoryFrame
2025-12-06 11:48:05,540 - [core.frame.py] - WARNING - No face detected in frame: InMemoryFrame
2025-12-06 11:48:05,573 - [core.frame.py] - WARNING - No face detected in frame: InMemoryFrame
2025-12-06 11:48:05,606 - [core.frame.py] - WARNING - No face detected in frame: InMemoryFrame
2025-12-06 11:48:05,687 - [core.frame.py] - WARNING - No face detected in frame: InMemoryFrame
2025-12-06 11:48:05,723 - [core.frame.py] - WARNING - No face detected in frame: InMemoryFrame
2025-12-06 11:48:05,756 - [core.frame.py] - WARNING - No face detected in frame: InMemoryFrame
2025-12-06 11:48:05,790 - [core.frame.py] - WARNING - No face detected in frame: InMemoryFrame
2025-12-06 11:48:05,823 - [core.frame.py] - WARNING - No face detected in frame: InMemoryFrame
2025-12-06 11:48:05,859 - [core.frame.py] - WARNING - No face detected in frame: InMemoryFrame
2025-12-06 11:48:05,905 - [core.frame.py] - WARNING - No face detected in frame: InMemoryFrame
2025-12-06 11:48:05,940 - [core.frame.py] - WARNING - No face detected in frame: InMemoryFrame
2025-12-06 11:48:05,973 - [core.frame.py] - WARNING - No face detected in frame: InMemoryFrame
2025-12-06 11:48:06,007 - [core.frame.py] - WARNING - No face detected in frame: InMemoryFrame
2025-12-06 11:48:06,039 - [core.frame.py] - WARNING - No face detected in frame: InMemoryFrame
2025-12-06 11:48:06,076 - [core.frame.py] - WARNING - No face detected in frame: InMemoryFrame
2025-12-06 11:48:06,120 - [core.frame.py] - WARNING - No face detected in frame: InMemoryFrame
2025-12-06 11:48:06,156 - [core.frame.py] - WARNING - No face detected in frame: InMemoryFrame
2025-12-06 11:48:06,190 - [core.frame.py] - WARNING - No face detected in frame: InMemoryFrame
2025-12-06 11:48:06,222 - [core.frame.py] - WARNING - No face detected in frame: InMemoryFrame
2025-12-06 11:48:06,256 - [core.frame.py] - WARNING - No face detected in frame: InMemoryFrame
2025-12-06 11:48:06,300 - [core.frame.py] - WARNING - No face detected in frame: InMemoryFrame
2025-12-06 11:48:06,337 - [core.frame.py] - WARNING - No face detected in frame: InMemoryFrame
2025-12-06 11:48:06,372 - [core.frame.py] - WARNING - No face detected in frame: InMemoryFrame
2025-12-06 11:48:06,405 - [core.frame.py] - WARNING - No face detected in frame: InMemoryFrame
2025-12-06 11:48:06,439 - [core.frame.py] - WARNING - No face detected in frame: InMemoryFrame
2025-12-06 11:48:06,472 - [core.frame.py] - WARNING - No face detected in frame: InMemoryFrame
2025-12-06 11:48:06,505 - [core.frame.py] - WARNING - No face detected in frame: InMemoryFrame
2025-12-06 11:48:06,539 - [core.frame.py] - WARNING - No face detected in frame: InMemoryFrame
2025-12-06 11:48:06,576 - [core.frame.py] - WARNING - No face detected in frame: InMemoryFrame
2025-12-06 11:48:06,622 - [core.frame.py] - WARNING - No face detected in frame: InMemoryFrame
2025-12-06 11:48:06,655 - [core.frame.py] - WARNING - No face detected in frame: InMemoryFrame
2025-12-06 11:48:06,689 - [core.frame.py] - WARNING - No face detected in frame: InMemoryFrame
2025-12-06 11:48:06,722 - [core.frame.py] - WARNING - No face detected in frame: InMemoryFrame
2025-12-06 11:48:06,756 - [core.frame.py] - WARNING - No face detected in frame: InMemoryFrame
2025-12-06 11:48:06,794 - [core.frame.py] - WARNING - No face detected in frame: InMemoryFrame
2025-12-06 11:48:06,823 - [core.frame.py] - WARNING - No face detected in frame: InMemoryFrame
2025-12-06 11:48:06,856 - [core.frame.py] - WARNING - No face detected in frame: InMemoryFrame
2025-12-06 11:48:06,901 - [core.frame.py] - WARNING - No face detected in frame: InMemoryFrame
2025-12-06 11:48:06,938 - [core.frame.py] - WARNING - No face detected in frame: InMemoryFrame
2025-12-06 11:48:06,972 - [core.frame.py] - WARNING - No face detected in frame: InMemoryFrame
2025-12-06 11:48:07,005 - [core.frame.py] - WARNING - No face detected in frame: InMemoryFrame
2025-12-06 11:48:07,039 - [core.frame.py] - WARNING - No face detected in frame: InMemoryFrame
2025-12-06 11:48:07,072 - [core.frame.py] - WARNING - No face detected in frame: InMemoryFrame
2025-12-06 11:48:07,105 - [core.frame.py] - WARNING - No face detected in frame: InMemoryFrame
2025-12-06 11:48:07,151 - [core.frame.py] - WARNING - No face detected in frame: InMemoryFrame
2025-12-06 11:48:07,173 - [core.frame.py] - WARNING - No face detected in frame: InMemoryFrame
2025-12-06 11:48:07,221 - [core.frame.py] - WARNING - No face detected in frame: InMemoryFrame
2025-12-06 11:48:07,255 - [core.frame.py] - WARNING - No face detected in frame: InMemoryFrame
2025-12-06 11:48:07,289 - [core.frame.py] - WARNING - No face detected in frame: InMemoryFrame
2025-12-06 11:48:07,322 - [core.frame.py] - WARNING - No face detected in frame: InMemoryFrame
2025-12-06 11:48:07,356 - [core.frame.py] - WARNING - No face detected in frame: InMemoryFrame
2025-12-06 11:48:07,389 - [core.frame.py] - WARNING - No face detected in frame: InMemoryFrame
2025-12-06 11:48:07,482 - [core.frame.py] - WARNING - No face detected in frame: InMemoryFrame
2025-12-06 11:48:07,519 - [core.frame.py] - WARNING - No face detected in frame: InMemoryFrame
2025-12-06 11:48:07,554 - [core.frame.py] - WARNING - No face detected in frame: InMemoryFrame
2025-12-06 11:48:07,606 - [core.frame.py] - WARNING - No face detected in frame: InMemoryFrame
2025-12-06 11:48:07,705 - [core.frame.py] - WARNING - No face detected in frame: InMemoryFrame
2025-12-06 11:48:07,738 - [core.frame.py] - WARNING - No face detected in frame: InMemoryFrame
2025-12-06 11:48:07,772 - [core.frame.py] - WARNING - No face detected in frame: InMemoryFrame
2025-12-06 11:48:07,809 - [core.frame.py] - WARNING - No face detected in frame: InMemoryFrame
2025-12-06 11:48:08,003 - [VideoProcessor] - INFO - Processed 630 frames...
2025-12-06 11:48:08,321 - [core.frame.py] - WARNING - No face detected in frame: InMemoryFrame
2025-12-06 11:48:08,356 - [core.frame.py] - WARNING - No face detected in frame: InMemoryFrame
2025-12-06 11:48:08,554 - [VideoProcessor] - INFO - Processed 640 frames...
2025-12-06 11:48:09,037 - [VideoProcessor] - INFO - Processed 650 frames...
2025-12-06 11:48:09,550 - [core.frame.py] - WARNING - No face detected in frame: InMemoryFrame
2025-12-06 11:48:09,581 - [core.frame.py] - WARNING - No face detected in frame: InMemoryFrame
2025-12-06 11:48:09,612 - [core.frame.py] - WARNING - No face detected in frame: InMemoryFrame
2025-12-06 11:48:09,639 - [core.frame.py] - WARNING - No face detected in frame: InMemoryFrame
2025-12-06 11:48:09,681 - [core.frame.py] - WARNING - No face detected in frame: InMemoryFrame
2025-12-06 11:48:09,735 - [VideoProcessor] - INFO - Processed 660 frames...
2025-12-06 11:48:09,767 - [core.frame.py] - WARNING - No face detected in frame: InMemoryFrame
2025-12-06 11:48:09,767 - [VideoProcessor] - INFO - Processed 660 frames...
2025-12-06 11:48:09,794 - [core.frame.py] - WARNING - No face detected in frame: InMemoryFrame
2025-12-06 11:48:09,794 - [VideoProcessor] - INFO - Processed 660 frames...
2025-12-06 11:48:09,822 - [core.frame.py] - WARNING - No face detected in frame: InMemoryFrame
2025-12-06 11:48:09,822 - [VideoProcessor] - INFO - Processed 660 frames...
2025-12-06 11:48:10,032 - [core.frame.py] - WARNING - No face detected in frame: InMemoryFrame
2025-12-06 11:48:10,062 - [core.frame.py] - WARNING - No face detected in frame: InMemoryFrame
2025-12-06 11:48:10,089 - [core.frame.py] - WARNING - No face detected in frame: InMemoryFrame
2025-12-06 11:48:10,122 - [core.frame.py] - WARNING - No face detected in frame: InMemoryFrame
2025-12-06 11:48:10,155 - [core.frame.py] - WARNING - No face detected in frame: InMemoryFrame
2025-12-06 11:48:10,191 - [core.frame.py] - WARNING - No face detected in frame: InMemoryFrame
2025-12-06 11:48:10,226 - [core.frame.py] - WARNING - No face detected in frame: InMemoryFrame
2025-12-06 11:48:10,258 - [core.frame.py] - WARNING - No face detected in frame: InMemoryFrame
2025-12-06 11:48:10,290 - [core.frame.py] - WARNING - No face detected in frame: InMemoryFrame
2025-12-06 11:48:10,324 - [core.frame.py] - WARNING - No face detected in frame: InMemoryFrame
2025-12-06 11:48:10,356 - [core.frame.py] - WARNING - No face detected in frame: InMemoryFrame
2025-12-06 11:48:10,533 - [core.frame.py] - WARNING - No face detected in frame: InMemoryFrame
2025-12-06 11:48:10,607 - [core.frame.py] - WARNING - No face detected in frame: InMemoryFrame
2025-12-06 11:48:10,722 - [core.frame.py] - WARNING - No face detected in frame: InMemoryFrame
2025-12-06 11:48:10,775 - [VideoProcessor] - INFO - Processed 670 frames...
2025-12-06 11:48:10,807 - [core.frame.py] - WARNING - No face detected in frame: InMemoryFrame
2025-12-06 11:48:10,807 - [VideoProcessor] - INFO - Processed 670 frames...
2025-12-06 11:48:10,841 - [core.frame.py] - WARNING - No face detected in frame: InMemoryFrame
2025-12-06 11:48:10,841 - [VideoProcessor] - INFO - Processed 670 frames...
2025-12-06 11:48:10,872 - [core.frame.py] - WARNING - No face detected in frame: InMemoryFrame
2025-12-06 11:48:10,873 - [VideoProcessor] - INFO - Processed 670 frames...
2025-12-06 11:48:10,959 - [core.frame.py] - WARNING - No face detected in frame: InMemoryFrame
2025-12-06 11:48:11,098 - [core.frame.py] - WARNING - No face detected in frame: InMemoryFrame
2025-12-06 11:48:11,127 - [core.frame.py] - WARNING - No face detected in frame: InMemoryFrame
2025-12-06 11:48:11,289 - [core.frame.py] - WARNING - No face detected in frame: InMemoryFrame
2025-12-06 11:48:11,366 - [core.frame.py] - WARNING - No face detected in frame: InMemoryFrame
2025-12-06 11:48:11,390 - [core.frame.py] - WARNING - No face detected in frame: InMemoryFrame
2025-12-06 11:48:11,433 - [core.frame.py] - WARNING - No face detected in frame: InMemoryFrame
2025-12-06 11:48:11,573 - [VideoProcessor] - INFO - Processed 680 frames...
2025-12-06 11:48:12,100 - [VideoProcessor] - INFO - Processed 690 frames...
2025-12-06 11:48:12,667 - [VideoProcessor] - INFO - Processed 700 frames...
2025-12-06 11:48:13,156 - [VideoProcessor] - INFO - Processed 710 frames...
2025-12-06 11:48:13,633 - [VideoProcessor] - INFO - Processed 720 frames...
2025-12-06 11:48:14,108 - [VideoProcessor] - INFO - Processed 730 frames...
2025-12-06 11:48:14,573 - [VideoProcessor] - INFO - Processed 740 frames...
2025-12-06 11:48:15,043 - [VideoProcessor] - INFO - Processed 750 frames...
2025-12-06 11:48:15,491 - [VideoProcessor] - INFO - Processed 760 frames...
2025-12-06 11:48:15,928 - [VideoProcessor] - INFO - Processed 770 frames...
2025-12-06 11:48:16,386 - [VideoProcessor] - INFO - Processed 780 frames...
2025-12-06 11:48:16,854 - [VideoProcessor] - INFO - Processed 790 frames...
2025-12-06 11:48:17,345 - [VideoProcessor] - INFO - Processed 800 frames...
2025-12-06 11:48:17,839 - [VideoProcessor] - INFO - Processed 810 frames...
2025-12-06 11:48:18,294 - [VideoProcessor] - INFO - Processed 820 frames...
2025-12-06 11:48:18,790 - [VideoProcessor] - INFO - Processed 830 frames...
2025-12-06 11:48:19,231 - [VideoProcessor] - INFO - Processed 840 frames...
2025-12-06 11:48:19,708 - [VideoProcessor] - INFO - Processed 850 frames...
2025-12-06 11:48:20,144 - [VideoProcessor] - INFO - Processed 860 frames...
2025-12-06 11:48:20,636 - [VideoProcessor] - INFO - Processed 870 frames...
2025-12-06 11:48:21,081 - [VideoProcessor] - INFO - Processed 880 frames...
2025-12-06 11:48:21,120 - [core.frame.py] - WARNING - No face detected in frame: InMemoryFrame
2025-12-06 11:48:21,120 - [VideoProcessor] - INFO - Processed 880 frames...
2025-12-06 11:48:21,156 - [core.frame.py] - WARNING - No face detected in frame: InMemoryFrame
2025-12-06 11:48:21,156 - [VideoProcessor] - INFO - Processed 880 frames...
2025-12-06 11:48:21,194 - [core.frame.py] - WARNING - No face detected in frame: InMemoryFrame
2025-12-06 11:48:21,195 - [VideoProcessor] - INFO - Processed 880 frames...
2025-12-06 11:48:21,231 - [core.frame.py] - WARNING - No face detected in frame: InMemoryFrame
2025-12-06 11:48:21,231 - [VideoProcessor] - INFO - Processed 880 frames...
2025-12-06 11:48:21,271 - [core.frame.py] - WARNING - No face detected in frame: InMemoryFrame
2025-12-06 11:48:21,272 - [VideoProcessor] - INFO - Processed 880 frames...
2025-12-06 11:48:21,311 - [core.frame.py] - WARNING - No face detected in frame: InMemoryFrame
2025-12-06 11:48:21,312 - [VideoProcessor] - INFO - Processed 880 frames...
2025-12-06 11:48:21,350 - [core.frame.py] - WARNING - No face detected in frame: InMemoryFrame
2025-12-06 11:48:21,350 - [VideoProcessor] - INFO - Processed 880 frames...
2025-12-06 11:48:21,392 - [core.frame.py] - WARNING - No face detected in frame: InMemoryFrame
2025-12-06 11:48:21,393 - [VideoProcessor] - INFO - Processed 880 frames...
2025-12-06 11:48:21,433 - [core.frame.py] - WARNING - No face detected in frame: InMemoryFrame
2025-12-06 11:48:21,433 - [VideoProcessor] - INFO - Processed 880 frames...
2025-12-06 11:48:21,473 - [core.frame.py] - WARNING - No face detected in frame: InMemoryFrame
2025-12-06 11:48:21,473 - [VideoProcessor] - INFO - Processed 880 frames...
2025-12-06 11:48:21,516 - [core.frame.py] - WARNING - No face detected in frame: InMemoryFrame
2025-12-06 11:48:21,516 - [VideoProcessor] - INFO - Processed 880 frames...
2025-12-06 11:48:21,549 - [core.frame.py] - WARNING - No face detected in frame: InMemoryFrame
2025-12-06 11:48:21,549 - [VideoProcessor] - INFO - Processed 880 frames...
2025-12-06 11:48:21,596 - [core.frame.py] - WARNING - No face detected in frame: InMemoryFrame
2025-12-06 11:48:21,597 - [VideoProcessor] - INFO - Processed 880 frames...
2025-12-06 11:48:21,632 - [core.frame.py] - WARNING - No face detected in frame: InMemoryFrame
2025-12-06 11:48:21,632 - [VideoProcessor] - INFO - Processed 880 frames...
2025-12-06 11:48:21,678 - [core.frame.py] - WARNING - No face detected in frame: InMemoryFrame
2025-12-06 11:48:21,678 - [VideoProcessor] - INFO - Processed 880 frames...
2025-12-06 11:48:21,720 - [core.frame.py] - WARNING - No face detected in frame: InMemoryFrame
2025-12-06 11:48:21,720 - [VideoProcessor] - INFO - Processed 880 frames...
2025-12-06 11:48:21,871 - [core.frame.py] - WARNING - No face detected in frame: InMemoryFrame
2025-12-06 11:48:21,911 - [core.frame.py] - WARNING - No face detected in frame: InMemoryFrame
2025-12-06 11:48:21,949 - [core.frame.py] - WARNING - No face detected in frame: InMemoryFrame
2025-12-06 11:48:21,982 - [core.frame.py] - WARNING - No face detected in frame: InMemoryFrame
2025-12-06 11:48:22,032 - [core.frame.py] - WARNING - No face detected in frame: InMemoryFrame
2025-12-06 11:48:22,076 - [core.frame.py] - WARNING - No face detected in frame: InMemoryFrame
2025-12-06 11:48:22,117 - [core.frame.py] - WARNING - No face detected in frame: InMemoryFrame
2025-12-06 11:48:22,158 - [core.frame.py] - WARNING - No face detected in frame: InMemoryFrame
2025-12-06 11:48:22,197 - [core.frame.py] - WARNING - No face detected in frame: InMemoryFrame
2025-12-06 11:48:22,234 - [core.frame.py] - WARNING - No face detected in frame: InMemoryFrame
2025-12-06 11:48:22,271 - [core.frame.py] - WARNING - No face detected in frame: InMemoryFrame
2025-12-06 11:48:22,304 - [core.frame.py] - WARNING - No face detected in frame: InMemoryFrame
2025-12-06 11:48:22,345 - [core.frame.py] - WARNING - No face detected in frame: InMemoryFrame
2025-12-06 11:48:22,379 - [core.frame.py] - WARNING - No face detected in frame: InMemoryFrame
2025-12-06 11:48:22,417 - [core.frame.py] - WARNING - No face detected in frame: InMemoryFrame
2025-12-06 11:48:22,459 - [core.frame.py] - WARNING - No face detected in frame: InMemoryFrame
2025-12-06 11:48:22,495 - [core.frame.py] - WARNING - No face detected in frame: InMemoryFrame
2025-12-06 11:48:22,528 - [core.frame.py] - WARNING - No face detected in frame: InMemoryFrame
2025-12-06 11:48:22,565 - [core.frame.py] - WARNING - No face detected in frame: InMemoryFrame
2025-12-06 11:48:22,612 - [core.frame.py] - WARNING - No face detected in frame: InMemoryFrame
2025-12-06 11:48:22,645 - [core.frame.py] - WARNING - No face detected in frame: InMemoryFrame
2025-12-06 11:48:22,681 - [core.frame.py] - WARNING - No face detected in frame: InMemoryFrame
2025-12-06 11:48:22,721 - [core.frame.py] - WARNING - No face detected in frame: InMemoryFrame
2025-12-06 11:48:22,761 - [core.frame.py] - WARNING - No face detected in frame: InMemoryFrame
2025-12-06 11:48:22,795 - [core.frame.py] - WARNING - No face detected in frame: InMemoryFrame
2025-12-06 11:48:22,838 - [core.frame.py] - WARNING - No face detected in frame: InMemoryFrame
2025-12-06 11:48:22,877 - [core.frame.py] - WARNING - No face detected in frame: InMemoryFrame
2025-12-06 11:48:22,918 - [core.frame.py] - WARNING - No face detected in frame: InMemoryFrame
2025-12-06 11:48:22,956 - [core.frame.py] - WARNING - No face detected in frame: InMemoryFrame
2025-12-06 11:48:22,994 - [core.frame.py] - WARNING - No face detected in frame: InMemoryFrame
2025-12-06 11:48:23,028 - [core.frame.py] - WARNING - No face detected in frame: InMemoryFrame
2025-12-06 11:48:23,068 - [core.frame.py] - WARNING - No face detected in frame: InMemoryFrame
2025-12-06 11:48:23,105 - [core.frame.py] - WARNING - No face detected in frame: InMemoryFrame
2025-12-06 11:48:23,144 - [core.frame.py] - WARNING - No face detected in frame: InMemoryFrame
2025-12-06 11:48:23,184 - [core.frame.py] - WARNING - No face detected in frame: InMemoryFrame
2025-12-06 11:48:23,222 - [core.frame.py] - WARNING - No face detected in frame: InMemoryFrame
2025-12-06 11:48:23,259 - [core.frame.py] - WARNING - No face detected in frame: InMemoryFrame
2025-12-06 11:48:23,295 - [core.frame.py] - WARNING - No face detected in frame: InMemoryFrame
2025-12-06 11:48:23,329 - [core.frame.py] - WARNING - No face detected in frame: InMemoryFrame
2025-12-06 11:48:23,370 - [core.frame.py] - WARNING - No face detected in frame: InMemoryFrame
2025-12-06 11:48:23,409 - [core.frame.py] - WARNING - No face detected in frame: InMemoryFrame
2025-12-06 11:48:23,445 - [core.frame.py] - WARNING - No face detected in frame: InMemoryFrame
2025-12-06 11:48:23,482 - [core.frame.py] - WARNING - No face detected in frame: InMemoryFrame
2025-12-06 11:48:23,515 - [core.frame.py] - WARNING - No face detected in frame: InMemoryFrame
2025-12-06 11:48:23,554 - [core.frame.py] - WARNING - No face detected in frame: InMemoryFrame
2025-12-06 11:48:23,594 - [core.frame.py] - WARNING - No face detected in frame: InMemoryFrame
2025-12-06 11:48:23,628 - [core.frame.py] - WARNING - No face detected in frame: InMemoryFrame
2025-12-06 11:48:23,664 - [core.frame.py] - WARNING - No face detected in frame: InMemoryFrame
2025-12-06 11:48:23,694 - [core.frame.py] - WARNING - No face detected in frame: InMemoryFrame
2025-12-06 11:48:23,736 - [core.frame.py] - WARNING - No face detected in frame: InMemoryFrame
2025-12-06 11:48:23,774 - [core.frame.py] - WARNING - No face detected in frame: InMemoryFrame
2025-12-06 11:48:23,811 - [core.frame.py] - WARNING - No face detected in frame: InMemoryFrame
2025-12-06 11:48:23,845 - [core.frame.py] - WARNING - No face detected in frame: InMemoryFrame
2025-12-06 11:48:23,884 - [core.frame.py] - WARNING - No face detected in frame: InMemoryFrame
2025-12-06 11:48:23,916 - [core.frame.py] - WARNING - No face detected in frame: InMemoryFrame
2025-12-06 11:48:23,956 - [core.frame.py] - WARNING - No face detected in frame: InMemoryFrame
2025-12-06 11:48:23,991 - [core.frame.py] - WARNING - No face detected in frame: InMemoryFrame
2025-12-06 11:48:24,028 - [core.frame.py] - WARNING - No face detected in frame: InMemoryFrame
2025-12-06 11:48:24,067 - [core.frame.py] - WARNING - No face detected in frame: InMemoryFrame
2025-12-06 11:48:24,104 - [core.frame.py] - WARNING - No face detected in frame: InMemoryFrame
2025-12-06 11:48:24,143 - [core.frame.py] - WARNING - No face detected in frame: InMemoryFrame
2025-12-06 11:48:24,180 - [core.frame.py] - WARNING - No face detected in frame: InMemoryFrame
2025-12-06 11:48:24,211 - [core.frame.py] - WARNING - No face detected in frame: InMemoryFrame
2025-12-06 11:48:24,255 - [core.frame.py] - WARNING - No face detected in frame: InMemoryFrame
2025-12-06 11:48:24,293 - [core.frame.py] - WARNING - No face detected in frame: InMemoryFrame
2025-12-06 11:48:24,329 - [core.frame.py] - WARNING - No face detected in frame: InMemoryFrame
2025-12-06 11:48:24,363 - [core.frame.py] - WARNING - No face detected in frame: InMemoryFrame
2025-12-06 11:48:24,395 - [core.frame.py] - WARNING - No face detected in frame: InMemoryFrame
2025-12-06 11:48:24,435 - [core.frame.py] - WARNING - No face detected in frame: InMemoryFrame
2025-12-06 11:48:24,472 - [core.frame.py] - WARNING - No face detected in frame: InMemoryFrame
2025-12-06 11:48:24,511 - [core.frame.py] - WARNING - No face detected in frame: InMemoryFrame
2025-12-06 11:48:24,545 - [core.frame.py] - WARNING - No face detected in frame: InMemoryFrame
2025-12-06 11:48:24,578 - [core.frame.py] - WARNING - No face detected in frame: InMemoryFrame
2025-12-06 11:48:24,616 - [core.frame.py] - WARNING - No face detected in frame: InMemoryFrame
2025-12-06 11:48:24,656 - [core.frame.py] - WARNING - No face detected in frame: InMemoryFrame
2025-12-06 11:48:24,694 - [core.frame.py] - WARNING - No face detected in frame: InMemoryFrame
2025-12-06 11:48:24,728 - [core.frame.py] - WARNING - No face detected in frame: InMemoryFrame
2025-12-06 11:48:24,761 - [core.frame.py] - WARNING - No face detected in frame: InMemoryFrame
2025-12-06 11:48:24,800 - [core.frame.py] - WARNING - No face detected in frame: InMemoryFrame
2025-12-06 11:48:25,172 - [VideoProcessor] - INFO - Processed 890 frames...
2025-12-06 11:48:25,679 - [VideoProcessor] - INFO - Processed 900 frames...
2025-12-06 11:48:26,193 - [VideoProcessor] - INFO - Processed 910 frames...
2025-12-06 11:48:26,745 - [VideoProcessor] - INFO - Processed 920 frames...
2025-12-06 11:48:27,286 - [VideoProcessor] - INFO - Processed 930 frames...
2025-12-06 11:48:27,811 - [VideoProcessor] - INFO - Processed 940 frames...
2025-12-06 11:48:28,299 - [VideoProcessor] - INFO - Processed 950 frames...
2025-12-06 11:48:28,761 - [VideoProcessor] - INFO - Processed 960 frames...
2025-12-06 11:48:28,785 - [core.frame.py] - WARNING - No face detected in frame: InMemoryFrame
2025-12-06 11:48:28,785 - [VideoProcessor] - INFO - Processed 960 frames...
2025-12-06 11:48:28,818 - [core.frame.py] - WARNING - No face detected in frame: InMemoryFrame
2025-12-06 11:48:28,818 - [VideoProcessor] - INFO - Processed 960 frames...
2025-12-06 11:48:28,850 - [core.frame.py] - WARNING - No face detected in frame: InMemoryFrame
2025-12-06 11:48:28,851 - [VideoProcessor] - INFO - Processed 960 frames...
2025-12-06 11:48:28,881 - [core.frame.py] - WARNING - No face detected in frame: InMemoryFrame
2025-12-06 11:48:28,881 - [VideoProcessor] - INFO - Processed 960 frames...
2025-12-06 11:48:28,902 - [core.frame.py] - WARNING - No face detected in frame: InMemoryFrame
2025-12-06 11:48:28,902 - [VideoProcessor] - INFO - Processed 960 frames...
2025-12-06 11:48:28,932 - [core.frame.py] - WARNING - No face detected in frame: InMemoryFrame
2025-12-06 11:48:28,932 - [VideoProcessor] - INFO - Processed 960 frames...
2025-12-06 11:48:28,977 - [core.frame.py] - WARNING - No face detected in frame: InMemoryFrame
2025-12-06 11:48:28,978 - [VideoProcessor] - INFO - Processed 960 frames...
2025-12-06 11:48:29,011 - [core.frame.py] - WARNING - No face detected in frame: InMemoryFrame
2025-12-06 11:48:29,012 - [VideoProcessor] - INFO - Processed 960 frames...
2025-12-06 11:48:29,047 - [core.frame.py] - WARNING - No face detected in frame: InMemoryFrame
2025-12-06 11:48:29,047 - [VideoProcessor] - INFO - Processed 960 frames...
2025-12-06 11:48:29,079 - [core.frame.py] - WARNING - No face detected in frame: InMemoryFrame
2025-12-06 11:48:29,079 - [VideoProcessor] - INFO - Processed 960 frames...
2025-12-06 11:48:29,100 - [core.frame.py] - WARNING - No face detected in frame: InMemoryFrame
2025-12-06 11:48:29,100 - [VideoProcessor] - INFO - Processed 960 frames...
2025-12-06 11:48:29,131 - [core.frame.py] - WARNING - No face detected in frame: InMemoryFrame
2025-12-06 11:48:29,131 - [VideoProcessor] - INFO - Processed 960 frames...
2025-12-06 11:48:29,172 - [core.frame.py] - WARNING - No face detected in frame: InMemoryFrame
2025-12-06 11:48:29,172 - [VideoProcessor] - INFO - Processed 960 frames...
2025-12-06 11:48:29,198 - [core.frame.py] - WARNING - No face detected in frame: InMemoryFrame
2025-12-06 11:48:29,198 - [VideoProcessor] - INFO - Processed 960 frames...
2025-12-06 11:48:29,233 - [core.frame.py] - WARNING - No face detected in frame: InMemoryFrame
2025-12-06 11:48:29,233 - [VideoProcessor] - INFO - Processed 960 frames...
2025-12-06 11:48:29,274 - [core.frame.py] - WARNING - No face detected in frame: InMemoryFrame
2025-12-06 11:48:29,274 - [VideoProcessor] - INFO - Processed 960 frames...
2025-12-06 11:48:29,304 - [core.frame.py] - WARNING - No face detected in frame: InMemoryFrame
2025-12-06 11:48:29,304 - [VideoProcessor] - INFO - Processed 960 frames...
2025-12-06 11:48:29,808 - [VideoProcessor] - INFO - Processed 970 frames...
2025-12-06 11:48:30,307 - [VideoProcessor] - INFO - Processed 980 frames...
2025-12-06 11:48:30,805 - [VideoProcessor] - INFO - Processed 990 frames...
2025-12-06 11:48:31,487 - [VideoProcessor] - INFO - Processed 1000 frames...
2025-12-06 11:48:32,126 - [VideoProcessor] - INFO - Processed 1010 frames...
2025-12-06 11:48:32,740 - [VideoProcessor] - INFO - Processed 1020 frames...
2025-12-06 11:48:33,410 - [VideoProcessor] - INFO - Processed 1030 frames...
2025-12-06 11:48:34,030 - [VideoProcessor] - INFO - Processed 1040 frames...
2025-12-06 11:48:34,648 - [VideoProcessor] - INFO - Processed 1050 frames...
2025-12-06 11:48:35,365 - [VideoProcessor] - INFO - Processed 1060 frames...
2025-12-06 11:48:36,001 - [VideoProcessor] - INFO - Processed 1070 frames...
2025-12-06 11:48:36,626 - [VideoProcessor] - INFO - Processed 1080 frames...
2025-12-06 11:48:37,237 - [VideoProcessor] - INFO - Processed 1090 frames...
2025-12-06 11:48:37,776 - [VideoProcessor] - INFO - Processed 1100 frames...
2025-12-06 11:48:38,292 - [VideoProcessor] - INFO - Processed 1110 frames...
2025-12-06 11:48:38,800 - [VideoProcessor] - INFO - Processed 1120 frames...
2025-12-06 11:48:39,299 - [VideoProcessor] - INFO - Processed 1130 frames...
2025-12-06 11:48:39,832 - [VideoProcessor] - INFO - Processed 1140 frames...
2025-12-06 11:48:40,338 - [VideoProcessor] - INFO - Processed 1150 frames...
2025-12-06 11:48:40,885 - [VideoProcessor] - INFO - Processed 1160 frames...
2025-12-06 11:48:41,382 - [VideoProcessor] - INFO - Processed 1170 frames...
2025-12-06 11:48:41,858 - [VideoProcessor] - INFO - Processed 1180 frames...
2025-12-06 11:48:42,362 - [VideoProcessor] - INFO - Processed 1190 frames...
2025-12-06 11:48:42,858 - [VideoProcessor] - INFO - Processed 1200 frames...
2025-12-06 11:48:43,363 - [VideoProcessor] - INFO - Processed 1210 frames...
2025-12-06 11:48:43,887 - [VideoProcessor] - INFO - Processed 1220 frames...
2025-12-06 11:48:44,450 - [VideoProcessor] - INFO - Processed 1230 frames...
2025-12-06 11:48:45,016 - [VideoProcessor] - INFO - Processed 1240 frames...
2025-12-06 11:48:45,576 - [VideoProcessor] - INFO - Processed 1250 frames...
2025-12-06 11:48:46,141 - [VideoProcessor] - INFO - Processed 1260 frames...
2025-12-06 11:48:46,873 - [VideoProcessor] - INFO - Processed 1270 frames...
2025-12-06 11:48:47,655 - [VideoProcessor] - INFO - Processed 1280 frames...
2025-12-06 11:48:48,452 - [VideoProcessor] - INFO - Processed 1290 frames...
2025-12-06 11:48:49,136 - [VideoProcessor] - INFO - Processed 1300 frames...
2025-12-06 11:48:49,798 - [VideoProcessor] - INFO - Processed 1310 frames...
2025-12-06 11:48:50,565 - [VideoProcessor] - INFO - Processed 1320 frames...
2025-12-06 11:48:51,282 - [VideoProcessor] - INFO - Processed 1330 frames...
2025-12-06 11:48:52,032 - [VideoProcessor] - INFO - Processed 1340 frames...
2025-12-06 11:48:52,809 - [VideoProcessor] - INFO - Processed 1350 frames...
2025-12-06 11:48:53,495 - [VideoProcessor] - INFO - Processed 1360 frames...
2025-12-06 11:48:54,277 - [VideoProcessor] - INFO - Processed 1370 frames...
2025-12-06 11:48:54,988 - [VideoProcessor] - INFO - Processed 1380 frames...
2025-12-06 11:48:55,759 - [VideoProcessor] - INFO - Processed 1390 frames...
2025-12-06 11:48:56,493 - [VideoProcessor] - INFO - Processed 1400 frames...
2025-12-06 11:48:57,261 - [VideoProcessor] - INFO - Processed 1410 frames...
2025-12-06 11:48:58,159 - [VideoProcessor] - INFO - Processed 1420 frames...
2025-12-06 11:48:58,994 - [VideoProcessor] - INFO - Processed 1430 frames...
2025-12-06 11:48:59,765 - [VideoProcessor] - INFO - Processed 1440 frames...
2025-12-06 11:49:00,418 - [VideoProcessor] - INFO - Processed 1450 frames...
2025-12-06 11:49:01,213 - [VideoProcessor] - INFO - Processed 1460 frames...
2025-12-06 11:49:02,054 - [VideoProcessor] - INFO - Processed 1470 frames...
2025-12-06 11:49:02,731 - [VideoProcessor] - INFO - Processed 1480 frames...
2025-12-06 11:49:03,319 - [VideoProcessor] - INFO - Processed 1490 frames...
2025-12-06 11:49:03,891 - [VideoProcessor] - INFO - Processed 1500 frames...
2025-12-06 11:49:04,518 - [VideoProcessor] - INFO - Processed 1510 frames...
2025-12-06 11:49:05,143 - [VideoProcessor] - INFO - Processed 1520 frames...
2025-12-06 11:49:05,736 - [VideoProcessor] - INFO - Processed 1530 frames...
2025-12-06 11:49:06,274 - [VideoProcessor] - INFO - Processed 1540 frames...
2025-12-06 11:49:06,802 - [VideoProcessor] - INFO - Processed 1550 frames...
2025-12-06 11:49:07,349 - [VideoProcessor] - INFO - Processed 1560 frames...
2025-12-06 11:49:07,900 - [VideoProcessor] - INFO - Processed 1570 frames...
2025-12-06 11:49:08,378 - [VideoProcessor] - INFO - Processed 1580 frames...
2025-12-06 11:49:08,864 - [VideoProcessor] - INFO - Processed 1590 frames...
2025-12-06 11:49:09,352 - [VideoProcessor] - INFO - Processed 1600 frames...
2025-12-06 11:49:09,889 - [VideoProcessor] - INFO - Processed 1610 frames...
2025-12-06 11:49:10,459 - [VideoProcessor] - INFO - Processed 1620 frames...
2025-12-06 11:49:10,994 - [VideoProcessor] - INFO - Processed 1630 frames...
2025-12-06 11:49:11,524 - [VideoProcessor] - INFO - Processed 1640 frames...
2025-12-06 11:49:12,068 - [VideoProcessor] - INFO - Processed 1650 frames...
2025-12-06 11:49:12,605 - [VideoProcessor] - INFO - Processed 1660 frames...
2025-12-06 11:49:12,969 - [core.frame.py] - WARNING - No face detected in frame: InMemoryFrame
2025-12-06 11:49:13,018 - [core.frame.py] - WARNING - No face detected in frame: InMemoryFrame
2025-12-06 11:49:13,053 - [core.frame.py] - WARNING - No face detected in frame: InMemoryFrame
2025-12-06 11:49:13,092 - [core.frame.py] - WARNING - No face detected in frame: InMemoryFrame
2025-12-06 11:49:13,138 - [core.frame.py] - WARNING - No face detected in frame: InMemoryFrame
2025-12-06 11:49:13,175 - [core.frame.py] - WARNING - No face detected in frame: InMemoryFrame
2025-12-06 11:49:13,209 - [core.frame.py] - WARNING - No face detected in frame: InMemoryFrame
2025-12-06 11:49:13,252 - [core.frame.py] - WARNING - No face detected in frame: InMemoryFrame
2025-12-06 11:49:13,345 - [core.frame.py] - WARNING - No face detected in frame: InMemoryFrame
2025-12-06 11:49:13,384 - [core.frame.py] - WARNING - No face detected in frame: InMemoryFrame
2025-12-06 11:49:13,420 - [core.frame.py] - WARNING - No face detected in frame: InMemoryFrame
2025-12-06 11:49:13,518 - [core.frame.py] - WARNING - No face detected in frame: InMemoryFrame
2025-12-06 11:49:13,552 - [core.frame.py] - WARNING - No face detected in frame: InMemoryFrame
2025-12-06 11:49:13,678 - [VideoProcessor] - INFO - Processed 1670 frames...
2025-12-06 11:49:13,774 - [core.frame.py] - WARNING - No face detected in frame: InMemoryFrame
2025-12-06 11:49:13,807 - [core.frame.py] - WARNING - No face detected in frame: InMemoryFrame
2025-12-06 11:49:14,244 - [VideoProcessor] - INFO - Processed 1680 frames...
2025-12-06 11:49:14,728 - [VideoProcessor] - INFO - Processed 1690 frames...
2025-12-06 11:49:14,896 - [core.frame.py] - WARNING - No face detected in frame: InMemoryFrame
2025-12-06 11:49:15,220 - [VideoProcessor] - INFO - Processed 1700 frames...
2025-12-06 11:49:15,661 - [VideoProcessor] - INFO - Processed 1710 frames...
2025-12-06 11:49:16,151 - [VideoProcessor] - INFO - Processed 1720 frames...
2025-12-06 11:49:16,647 - [VideoProcessor] - INFO - Processed 1730 frames...
2025-12-06 11:49:17,128 - [VideoProcessor] - INFO - Processed 1740 frames...
2025-12-06 11:49:17,630 - [VideoProcessor] - INFO - Processed 1750 frames...
2025-12-06 11:49:18,084 - [VideoProcessor] - INFO - Processed 1760 frames...
2025-12-06 11:49:18,563 - [VideoProcessor] - INFO - Processed 1770 frames...
2025-12-06 11:49:18,777 - [core.frame.py] - WARNING - No face detected in frame: InMemoryFrame
2025-12-06 11:49:18,804 - [core.frame.py] - WARNING - No face detected in frame: InMemoryFrame
2025-12-06 11:49:18,842 - [core.frame.py] - WARNING - No face detected in frame: InMemoryFrame
2025-12-06 11:49:19,263 - [VideoProcessor] - INFO - Processed 1780 frames...
2025-12-06 11:49:19,901 - [VideoProcessor] - INFO - Processed 1790 frames...
2025-12-06 11:49:20,607 - [VideoProcessor] - INFO - Processed 1800 frames...
2025-12-06 11:49:21,226 - [VideoProcessor] - INFO - Processed 1810 frames...
2025-12-06 11:49:21,748 - [VideoProcessor] - INFO - Processed 1820 frames...
2025-12-06 11:49:22,293 - [VideoProcessor] - INFO - Processed 1830 frames...
2025-12-06 11:49:22,828 - [VideoProcessor] - INFO - Processed 1840 frames...
2025-12-06 11:49:23,310 - [VideoProcessor] - INFO - Processed 1850 frames...
2025-12-06 11:49:23,792 - [VideoProcessor] - INFO - Processed 1860 frames...
2025-12-06 11:49:24,356 - [VideoProcessor] - INFO - Processed 1870 frames...
2025-12-06 11:49:24,887 - [VideoProcessor] - INFO - Processed 1880 frames...
2025-12-06 11:49:25,525 - [VideoProcessor] - INFO - Processed 1890 frames...
2025-12-06 11:49:26,078 - [VideoProcessor] - INFO - Processed 1900 frames...
2025-12-06 11:49:26,657 - [VideoProcessor] - INFO - Processed 1910 frames...
2025-12-06 11:49:27,175 - [VideoProcessor] - INFO - Processed 1920 frames...
2025-12-06 11:49:27,667 - [VideoProcessor] - INFO - Processed 1930 frames...
2025-12-06 11:49:28,216 - [VideoProcessor] - INFO - Processed 1940 frames...
2025-12-06 11:49:28,586 - [core.frame.py] - WARNING - No face detected in frame: InMemoryFrame
2025-12-06 11:49:28,661 - [core.frame.py] - WARNING - No face detected in frame: InMemoryFrame
2025-12-06 11:49:28,689 - [core.frame.py] - WARNING - No face detected in frame: InMemoryFrame
2025-12-06 11:49:28,718 - [core.frame.py] - WARNING - No face detected in frame: InMemoryFrame
2025-12-06 11:49:28,752 - [core.frame.py] - WARNING - No face detected in frame: InMemoryFrame
2025-12-06 11:49:28,777 - [core.frame.py] - WARNING - No face detected in frame: InMemoryFrame
2025-12-06 11:49:28,809 - [core.frame.py] - WARNING - No face detected in frame: InMemoryFrame
2025-12-06 11:49:28,838 - [core.frame.py] - WARNING - No face detected in frame: InMemoryFrame
2025-12-06 11:49:28,867 - [core.frame.py] - WARNING - No face detected in frame: InMemoryFrame
2025-12-06 11:49:28,900 - [core.frame.py] - WARNING - No face detected in frame: InMemoryFrame
2025-12-06 11:49:28,934 - [core.frame.py] - WARNING - No face detected in frame: InMemoryFrame
2025-12-06 11:49:28,958 - [core.frame.py] - WARNING - No face detected in frame: InMemoryFrame
2025-12-06 11:49:28,994 - [core.frame.py] - WARNING - No face detected in frame: InMemoryFrame
2025-12-06 11:49:29,017 - [core.frame.py] - WARNING - No face detected in frame: InMemoryFrame
2025-12-06 11:49:29,051 - [core.frame.py] - WARNING - No face detected in frame: InMemoryFrame
2025-12-06 11:49:29,083 - [core.frame.py] - WARNING - No face detected in frame: InMemoryFrame
2025-12-06 11:49:29,109 - [core.frame.py] - WARNING - No face detected in frame: InMemoryFrame
2025-12-06 11:49:29,212 - [core.frame.py] - WARNING - No face detected in frame: InMemoryFrame
2025-12-06 11:49:29,235 - [core.frame.py] - WARNING - No face detected in frame: InMemoryFrame
2025-12-06 11:49:29,272 - [core.frame.py] - WARNING - No face detected in frame: InMemoryFrame
2025-12-06 11:49:29,302 - [core.frame.py] - WARNING - No face detected in frame: InMemoryFrame
2025-12-06 11:49:29,333 - [core.frame.py] - WARNING - No face detected in frame: InMemoryFrame
2025-12-06 11:49:29,366 - [core.frame.py] - WARNING - No face detected in frame: InMemoryFrame
2025-12-06 11:49:29,390 - [core.frame.py] - WARNING - No face detected in frame: InMemoryFrame
2025-12-06 11:49:29,426 - [core.frame.py] - WARNING - No face detected in frame: InMemoryFrame
2025-12-06 11:49:29,457 - [core.frame.py] - WARNING - No face detected in frame: InMemoryFrame
2025-12-06 11:49:29,495 - [core.frame.py] - WARNING - No face detected in frame: InMemoryFrame
2025-12-06 11:49:29,524 - [core.frame.py] - WARNING - No face detected in frame: InMemoryFrame
2025-12-06 11:49:29,572 - [VideoProcessor] - INFO - Processed 1950 frames...
2025-12-06 11:49:29,655 - [core.frame.py] - WARNING - No face detected in frame: InMemoryFrame
2025-12-06 11:49:29,885 - [core.frame.py] - WARNING - No face detected in frame: InMemoryFrame
2025-12-06 11:49:30,126 - [VideoProcessor] - INFO - Processed 1960 frames...
2025-12-06 11:49:30,591 - [VideoProcessor] - INFO - Processed 1970 frames...
2025-12-06 11:49:30,784 - [core.frame.py] - WARNING - No face detected in frame: InMemoryFrame
2025-12-06 11:49:30,817 - [core.frame.py] - WARNING - No face detected in frame: InMemoryFrame
2025-12-06 11:49:30,843 - [core.frame.py] - WARNING - No face detected in frame: InMemoryFrame
2025-12-06 11:49:30,875 - [core.frame.py] - WARNING - No face detected in frame: InMemoryFrame
2025-12-06 11:49:30,903 - [core.frame.py] - WARNING - No face detected in frame: InMemoryFrame
2025-12-06 11:49:30,932 - [core.frame.py] - WARNING - No face detected in frame: InMemoryFrame
2025-12-06 11:49:30,962 - [core.frame.py] - WARNING - No face detected in frame: InMemoryFrame
2025-12-06 11:49:30,993 - [core.frame.py] - WARNING - No face detected in frame: InMemoryFrame
2025-12-06 11:49:31,019 - [core.frame.py] - WARNING - No face detected in frame: InMemoryFrame
2025-12-06 11:49:31,050 - [core.frame.py] - WARNING - No face detected in frame: InMemoryFrame
2025-12-06 11:49:31,075 - [core.frame.py] - WARNING - No face detected in frame: InMemoryFrame
2025-12-06 11:49:31,103 - [core.frame.py] - WARNING - No face detected in frame: InMemoryFrame
2025-12-06 11:49:31,398 - [VideoProcessor] - INFO - Processed 1980 frames...
2025-12-06 11:49:31,840 - [VideoProcessor] - INFO - Processed 1990 frames...
2025-12-06 11:49:32,279 - [VideoProcessor] - INFO - Processed 2000 frames...
2025-12-06 11:49:32,696 - [VideoProcessor] - INFO - Processed 2010 frames...
2025-12-06 11:49:33,196 - [VideoProcessor] - INFO - Processed 2020 frames...
2025-12-06 11:49:33,697 - [VideoProcessor] - INFO - Processed 2030 frames...
2025-12-06 11:49:34,204 - [VideoProcessor] - INFO - Processed 2040 frames...
2025-12-06 11:49:34,733 - [VideoProcessor] - INFO - Processed 2050 frames...
2025-12-06 11:49:35,271 - [VideoProcessor] - INFO - Processed 2060 frames...
2025-12-06 11:49:35,778 - [VideoProcessor] - INFO - Processed 2070 frames...
2025-12-06 11:49:36,297 - [VideoProcessor] - INFO - Processed 2080 frames...
2025-12-06 11:49:36,861 - [VideoProcessor] - INFO - Processed 2090 frames...
2025-12-06 11:49:37,466 - [VideoProcessor] - INFO - Processed 2100 frames...
2025-12-06 11:49:38,075 - [VideoProcessor] - INFO - Processed 2110 frames...
2025-12-06 11:49:38,459 - [core.frame.py] - WARNING - No face detected in frame: InMemoryFrame
2025-12-06 11:49:38,671 - [VideoProcessor] - INFO - Processed 2120 frames...
2025-12-06 11:49:39,214 - [VideoProcessor] - INFO - Processed 2130 frames...
2025-12-06 11:49:39,729 - [VideoProcessor] - INFO - Processed 2140 frames...
2025-12-06 11:49:40,220 - [VideoProcessor] - INFO - Processed 2150 frames...
2025-12-06 11:49:40,716 - [VideoProcessor] - INFO - Processed 2160 frames...
2025-12-06 11:49:41,265 - [VideoProcessor] - INFO - Processed 2170 frames...
2025-12-06 11:49:41,838 - [VideoProcessor] - INFO - Processed 2180 frames...
2025-12-06 11:49:41,874 - [core.frame.py] - WARNING - No face detected in frame: InMemoryFrame
2025-12-06 11:49:41,874 - [VideoProcessor] - INFO - Processed 2180 frames...
2025-12-06 11:49:41,909 - [core.frame.py] - WARNING - No face detected in frame: InMemoryFrame
2025-12-06 11:49:41,909 - [VideoProcessor] - INFO - Processed 2180 frames...
2025-12-06 11:49:41,946 - [core.frame.py] - WARNING - No face detected in frame: InMemoryFrame
2025-12-06 11:49:41,946 - [VideoProcessor] - INFO - Processed 2180 frames...
2025-12-06 11:49:41,981 - [core.frame.py] - WARNING - No face detected in frame: InMemoryFrame
2025-12-06 11:49:41,982 - [VideoProcessor] - INFO - Processed 2180 frames...
2025-12-06 11:49:42,012 - [core.frame.py] - WARNING - No face detected in frame: InMemoryFrame
2025-12-06 11:49:42,012 - [VideoProcessor] - INFO - Processed 2180 frames...
2025-12-06 11:49:42,222 - [core.frame.py] - WARNING - No face detected in frame: InMemoryFrame
2025-12-06 11:49:42,469 - [core.frame.py] - WARNING - No face detected in frame: InMemoryFrame
2025-12-06 11:49:42,503 - [core.frame.py] - WARNING - No face detected in frame: InMemoryFrame
2025-12-06 11:49:42,536 - [core.frame.py] - WARNING - No face detected in frame: InMemoryFrame
2025-12-06 11:49:42,576 - [core.frame.py] - WARNING - No face detected in frame: InMemoryFrame
2025-12-06 11:49:42,616 - [core.frame.py] - WARNING - No face detected in frame: InMemoryFrame
2025-12-06 11:49:42,707 - [core.frame.py] - WARNING - No face detected in frame: InMemoryFrame
2025-12-06 11:49:42,800 - [core.frame.py] - WARNING - No face detected in frame: InMemoryFrame
2025-12-06 11:49:42,838 - [core.frame.py] - WARNING - No face detected in frame: InMemoryFrame
2025-12-06 11:49:42,877 - [core.frame.py] - WARNING - No face detected in frame: InMemoryFrame
2025-12-06 11:49:42,910 - [core.frame.py] - WARNING - No face detected in frame: InMemoryFrame
2025-12-06 11:49:42,945 - [core.frame.py] - WARNING - No face detected in frame: InMemoryFrame
2025-12-06 11:49:42,978 - [core.frame.py] - WARNING - No face detected in frame: InMemoryFrame
2025-12-06 11:49:43,010 - [core.frame.py] - WARNING - No face detected in frame: InMemoryFrame
2025-12-06 11:49:43,056 - [core.frame.py] - WARNING - No face detected in frame: InMemoryFrame
2025-12-06 11:49:43,093 - [core.frame.py] - WARNING - No face detected in frame: InMemoryFrame
2025-12-06 11:49:43,129 - [core.frame.py] - WARNING - No face detected in frame: InMemoryFrame
2025-12-06 11:49:43,168 - [core.frame.py] - WARNING - No face detected in frame: InMemoryFrame
2025-12-06 11:49:43,203 - [core.frame.py] - WARNING - No face detected in frame: InMemoryFrame
2025-12-06 11:49:43,244 - [core.frame.py] - WARNING - No face detected in frame: InMemoryFrame
2025-12-06 11:49:43,306 - [VideoProcessor] - INFO - Processed 2190 frames...
2025-12-06 11:49:43,342 - [core.frame.py] - WARNING - No face detected in frame: InMemoryFrame
2025-12-06 11:49:43,343 - [VideoProcessor] - INFO - Processed 2190 frames...
2025-12-06 11:49:43,374 - [core.frame.py] - WARNING - No face detected in frame: InMemoryFrame
2025-12-06 11:49:43,375 - [VideoProcessor] - INFO - Processed 2190 frames...
2025-12-06 11:49:43,408 - [core.frame.py] - WARNING - No face detected in frame: InMemoryFrame
2025-12-06 11:49:43,408 - [VideoProcessor] - INFO - Processed 2190 frames...
2025-12-06 11:49:43,438 - [core.frame.py] - WARNING - No face detected in frame: InMemoryFrame
2025-12-06 11:49:43,438 - [VideoProcessor] - INFO - Processed 2190 frames...
2025-12-06 11:49:43,473 - [core.frame.py] - WARNING - No face detected in frame: InMemoryFrame
2025-12-06 11:49:43,473 - [VideoProcessor] - INFO - Processed 2190 frames...
2025-12-06 11:49:43,503 - [core.frame.py] - WARNING - No face detected in frame: InMemoryFrame
2025-12-06 11:49:43,503 - [VideoProcessor] - INFO - Processed 2190 frames...
2025-12-06 11:49:43,537 - [core.frame.py] - WARNING - No face detected in frame: InMemoryFrame
2025-12-06 11:49:43,537 - [VideoProcessor] - INFO - Processed 2190 frames...
2025-12-06 11:49:43,570 - [core.frame.py] - WARNING - No face detected in frame: InMemoryFrame
2025-12-06 11:49:43,570 - [VideoProcessor] - INFO - Processed 2190 frames...
2025-12-06 11:49:43,601 - [core.frame.py] - WARNING - No face detected in frame: InMemoryFrame
2025-12-06 11:49:43,601 - [VideoProcessor] - INFO - Processed 2190 frames...
2025-12-06 11:49:43,634 - [core.frame.py] - WARNING - No face detected in frame: InMemoryFrame
2025-12-06 11:49:43,634 - [VideoProcessor] - INFO - Processed 2190 frames...
2025-12-06 11:49:43,662 - [core.frame.py] - WARNING - No face detected in frame: InMemoryFrame
2025-12-06 11:49:43,663 - [VideoProcessor] - INFO - Processed 2190 frames...
2025-12-06 11:49:43,692 - [core.frame.py] - WARNING - No face detected in frame: InMemoryFrame
2025-12-06 11:49:43,692 - [VideoProcessor] - INFO - Processed 2190 frames...
2025-12-06 11:49:43,732 - [core.frame.py] - WARNING - No face detected in frame: InMemoryFrame
2025-12-06 11:49:43,732 - [VideoProcessor] - INFO - Processed 2190 frames...
2025-12-06 11:49:43,772 - [core.frame.py] - WARNING - No face detected in frame: InMemoryFrame
2025-12-06 11:49:43,772 - [VideoProcessor] - INFO - Processed 2190 frames...
2025-12-06 11:49:43,807 - [core.frame.py] - WARNING - No face detected in frame: InMemoryFrame
2025-12-06 11:49:43,807 - [VideoProcessor] - INFO - Processed 2190 frames...
2025-12-06 11:49:43,835 - [core.frame.py] - WARNING - No face detected in frame: InMemoryFrame
2025-12-06 11:49:43,835 - [VideoProcessor] - INFO - Processed 2190 frames...
2025-12-06 11:49:43,859 - [core.frame.py] - WARNING - No face detected in frame: InMemoryFrame
2025-12-06 11:49:43,859 - [VideoProcessor] - INFO - Processed 2190 frames...
2025-12-06 11:49:43,952 - [core.frame.py] - WARNING - No face detected in frame: InMemoryFrame
2025-12-06 11:49:43,978 - [core.frame.py] - WARNING - No face detected in frame: InMemoryFrame
2025-12-06 11:49:44,015 - [core.frame.py] - WARNING - No face detected in frame: InMemoryFrame
2025-12-06 11:49:44,047 - [core.frame.py] - WARNING - No face detected in frame: InMemoryFrame
2025-12-06 11:49:44,076 - [core.frame.py] - WARNING - No face detected in frame: InMemoryFrame
2025-12-06 11:49:44,108 - [core.frame.py] - WARNING - No face detected in frame: InMemoryFrame
2025-12-06 11:49:44,136 - [core.frame.py] - WARNING - No face detected in frame: InMemoryFrame
2025-12-06 11:49:44,158 - [core.frame.py] - WARNING - No face detected in frame: InMemoryFrame
2025-12-06 11:49:44,194 - [core.frame.py] - WARNING - No face detected in frame: InMemoryFrame
2025-12-06 11:49:44,228 - [core.frame.py] - WARNING - No face detected in frame: InMemoryFrame
2025-12-06 11:49:44,307 - [core.frame.py] - WARNING - No face detected in frame: InMemoryFrame
2025-12-06 11:49:44,337 - [core.frame.py] - WARNING - No face detected in frame: InMemoryFrame
2025-12-06 11:49:44,367 - [core.frame.py] - WARNING - No face detected in frame: InMemoryFrame
2025-12-06 11:49:44,401 - [core.frame.py] - WARNING - No face detected in frame: InMemoryFrame
2025-12-06 11:49:44,424 - [core.frame.py] - WARNING - No face detected in frame: InMemoryFrame
2025-12-06 11:49:44,461 - [core.frame.py] - WARNING - No face detected in frame: InMemoryFrame
2025-12-06 11:49:44,490 - [core.frame.py] - WARNING - No face detected in frame: InMemoryFrame
2025-12-06 11:49:44,511 - [core.frame.py] - WARNING - No face detected in frame: InMemoryFrame
2025-12-06 11:49:44,563 - [core.frame.py] - WARNING - No face detected in frame: InMemoryFrame
2025-12-06 11:49:44,596 - [core.frame.py] - WARNING - No face detected in frame: InMemoryFrame
2025-12-06 11:49:44,622 - [core.frame.py] - WARNING - No face detected in frame: InMemoryFrame
2025-12-06 11:49:44,658 - [core.frame.py] - WARNING - No face detected in frame: InMemoryFrame
2025-12-06 11:49:44,690 - [core.frame.py] - WARNING - No face detected in frame: InMemoryFrame
2025-12-06 11:49:44,732 - [core.frame.py] - WARNING - No face detected in frame: InMemoryFrame
2025-12-06 11:49:44,763 - [core.frame.py] - WARNING - No face detected in frame: InMemoryFrame
2025-12-06 11:49:44,782 - [core.frame.py] - WARNING - No face detected in frame: InMemoryFrame
2025-12-06 11:49:44,819 - [core.frame.py] - WARNING - No face detected in frame: InMemoryFrame
2025-12-06 11:49:44,847 - [core.frame.py] - WARNING - No face detected in frame: InMemoryFrame
2025-12-06 11:49:44,878 - [core.frame.py] - WARNING - No face detected in frame: InMemoryFrame
2025-12-06 11:49:44,908 - [core.frame.py] - WARNING - No face detected in frame: InMemoryFrame
2025-12-06 11:49:44,937 - [core.frame.py] - WARNING - No face detected in frame: InMemoryFrame
2025-12-06 11:49:44,970 - [core.frame.py] - WARNING - No face detected in frame: InMemoryFrame
2025-12-06 11:49:44,999 - [core.frame.py] - WARNING - No face detected in frame: InMemoryFrame
2025-12-06 11:49:45,039 - [core.frame.py] - WARNING - No face detected in frame: InMemoryFrame
2025-12-06 11:49:45,072 - [core.frame.py] - WARNING - No face detected in frame: InMemoryFrame
2025-12-06 11:49:45,097 - [core.frame.py] - WARNING - No face detected in frame: InMemoryFrame
2025-12-06 11:49:45,129 - [core.frame.py] - WARNING - No face detected in frame: InMemoryFrame
2025-12-06 11:49:45,156 - [core.frame.py] - WARNING - No face detected in frame: InMemoryFrame
2025-12-06 11:49:45,238 - [core.frame.py] - WARNING - No face detected in frame: InMemoryFrame
2025-12-06 11:49:45,266 - [core.frame.py] - WARNING - No face detected in frame: InMemoryFrame
2025-12-06 11:49:45,291 - [core.frame.py] - WARNING - No face detected in frame: InMemoryFrame
2025-12-06 11:49:45,313 - [core.frame.py] - WARNING - No face detected in frame: InMemoryFrame
2025-12-06 11:49:45,341 - [core.frame.py] - WARNING - No face detected in frame: InMemoryFrame
2025-12-06 11:49:45,374 - [core.frame.py] - WARNING - No face detected in frame: InMemoryFrame
2025-12-06 11:49:45,396 - [core.frame.py] - WARNING - No face detected in frame: InMemoryFrame
2025-12-06 11:49:45,425 - [core.frame.py] - WARNING - No face detected in frame: InMemoryFrame
2025-12-06 11:49:45,446 - [core.frame.py] - WARNING - No face detected in frame: InMemoryFrame
2025-12-06 11:49:45,480 - [core.frame.py] - WARNING - No face detected in frame: InMemoryFrame
2025-12-06 11:49:45,508 - [core.frame.py] - WARNING - No face detected in frame: InMemoryFrame
2025-12-06 11:49:45,539 - [core.frame.py] - WARNING - No face detected in frame: InMemoryFrame
2025-12-06 11:49:45,564 - [core.frame.py] - WARNING - No face detected in frame: InMemoryFrame
2025-12-06 11:49:45,591 - [core.frame.py] - WARNING - No face detected in frame: InMemoryFrame
2025-12-06 11:49:45,620 - [core.frame.py] - WARNING - No face detected in frame: InMemoryFrame
2025-12-06 11:49:45,641 - [core.frame.py] - WARNING - No face detected in frame: InMemoryFrame
2025-12-06 11:49:45,675 - [core.frame.py] - WARNING - No face detected in frame: InMemoryFrame
2025-12-06 11:49:45,698 - [core.frame.py] - WARNING - No face detected in frame: InMemoryFrame
2025-12-06 11:49:45,731 - [core.frame.py] - WARNING - No face detected in frame: InMemoryFrame
2025-12-06 11:49:45,765 - [core.frame.py] - WARNING - No face detected in frame: InMemoryFrame
2025-12-06 11:49:45,799 - [core.frame.py] - WARNING - No face detected in frame: InMemoryFrame
2025-12-06 11:49:45,824 - [core.frame.py] - WARNING - No face detected in frame: InMemoryFrame
2025-12-06 11:49:45,858 - [core.frame.py] - WARNING - No face detected in frame: InMemoryFrame
2025-12-06 11:49:45,882 - [core.frame.py] - WARNING - No face detected in frame: InMemoryFrame
2025-12-06 11:49:45,908 - [core.frame.py] - WARNING - No face detected in frame: InMemoryFrame
2025-12-06 11:49:45,942 - [core.frame.py] - WARNING - No face detected in frame: InMemoryFrame
2025-12-06 11:49:45,974 - [core.frame.py] - WARNING - No face detected in frame: InMemoryFrame
2025-12-06 11:49:46,012 - [core.frame.py] - WARNING - No face detected in frame: InMemoryFrame
2025-12-06 11:49:46,041 - [core.frame.py] - WARNING - No face detected in frame: InMemoryFrame
2025-12-06 11:49:46,074 - [core.frame.py] - WARNING - No face detected in frame: InMemoryFrame
2025-12-06 11:49:46,107 - [core.frame.py] - WARNING - No face detected in frame: InMemoryFrame
2025-12-06 11:49:46,429 - [VideoProcessor] - INFO - Processed 2200 frames...
2025-12-06 11:49:46,892 - [VideoProcessor] - INFO - Processed 2210 frames...
2025-12-06 11:49:47,273 - [core.frame.py] - WARNING - No face detected in frame: InMemoryFrame
2025-12-06 11:49:47,384 - [core.frame.py] - WARNING - No face detected in frame: InMemoryFrame
2025-12-06 11:49:47,560 - [VideoProcessor] - INFO - Processed 2220 frames...
2025-12-06 11:49:47,740 - [core.frame.py] - WARNING - No face detected in frame: InMemoryFrame
2025-12-06 11:49:47,778 - [core.frame.py] - WARNING - No face detected in frame: InMemoryFrame
2025-12-06 11:49:48,190 - [VideoProcessor] - INFO - Processed 2230 frames...
2025-12-06 11:49:48,833 - [VideoProcessor] - INFO - Processed 2240 frames...
2025-12-06 11:49:49,488 - [VideoProcessor] - INFO - Processed 2250 frames...
2025-12-06 11:49:50,091 - [VideoProcessor] - INFO - Processed 2260 frames...
2025-12-06 11:49:50,714 - [VideoProcessor] - INFO - Processed 2270 frames...
2025-12-06 11:49:51,341 - [VideoProcessor] - INFO - Processed 2280 frames...
2025-12-06 11:49:51,945 - [VideoProcessor] - INFO - Processed 2290 frames...
2025-12-06 11:49:52,576 - [VideoProcessor] - INFO - Processed 2300 frames...
2025-12-06 11:49:53,269 - [VideoProcessor] - INFO - Processed 2310 frames...
2025-12-06 11:49:53,861 - [VideoProcessor] - INFO - Finished MarkRutte_MatthijsNieuwkerk.mp4. Total detections: 2318
2025-12-06 11:49:53,864 - [StatsService] - INFO - Generating statistical report...
2025-12-06 11:49:53,899 - [CSVStorage] - INFO - Statistics report saved to ./data/output\summary_report.csv
2025-12-06 11:49:53,900 - [StatsService] - INFO - Report generated for 2 videos.
2025-12-06 11:52:39,434 - [cli.py] - INFO - Initializing Application...
2025-12-06 11:52:39,434 - [cli.py] - INFO - Please ensure your video files are named in the format: GuestName_HostName_Topic.mp4
2025-12-06 11:52:49,334 - [cli.py] - ERROR - Please rename your files before proceeding.
2025-12-06 11:59:19,824 - [cli.py] - INFO - Initializing Application...
2025-12-06 12:02:17,606 - [cli.py] - ERROR - Please rename your files before proceeding.
2025-12-06 12:57:06,664 - [cli.py] - INFO - Initializing Application...
2025-12-06 12:57:10,798 - [core.analyzer.py] - INFO - Starting analysis on ./data/input/MarkRutte
2025-12-06 12:57:10,799 - [core.analyzer.py] - INFO - Analyzing videos in directory: ./data/input/MarkRutte
2025-12-06 12:57:10,799 - [core.analyzer.py] - INFO - Getting video from folder
2025-12-06 12:57:10,799 - [core.analyzer.py] - INFO - Found 2 videos in ./data/input/MarkRutte
2025-12-06 12:57:10,799 - [core.analyzer.py] - INFO - Analyzing video: ./data/input/MarkRutte\MarkRutte_MariekeElsinga.mkv
2025-12-06 12:57:10,800 - [core.analyzer.py] - ERROR - Failed to process video ./data/input/MarkRutte\MarkRutte_MariekeElsinga.mkv: Video.process() got an unexpected keyword argument 'interval_seconds'
2025-12-06 12:57:10,800 - [core.analyzer.py] - INFO - Analyzing video: ./data/input/MarkRutte\MarkRutte_MatthijsNieuwkerk.mp4
2025-12-06 12:57:10,800 - [core.analyzer.py] - ERROR - Failed to process video ./data/input/MarkRutte\MarkRutte_MatthijsNieuwkerk.mp4: Video.process() got an unexpected keyword argument 'interval_seconds'
2025-12-06 12:57:10,800 - [StatsService] - INFO - Generating statistical report...
2025-12-06 12:57:10,800 - [CSVStorage] - WARNING - No analysis results found to load.
2025-12-06 12:57:10,800 - [StatsService] - WARNING - No data found to generate report.
2025-12-06 12:58:29,374 - [cli.py] - INFO - Initializing Application...
2025-12-06 12:58:31,447 - [core.analyzer.py] - INFO - Starting analysis on ./data/input/MarkRutte
2025-12-06 12:58:31,447 - [core.analyzer.py] - INFO - Analyzing videos in directory: ./data/input/MarkRutte
2025-12-06 12:58:31,462 - [core.analyzer.py] - INFO - Getting video from folder
2025-12-06 12:58:31,462 - [core.analyzer.py] - INFO - Found 2 videos in ./data/input/MarkRutte
2025-12-06 12:58:31,462 - [core.analyzer.py] - INFO - Analyzing video: ./data/input/MarkRutte\MarkRutte_MariekeElsinga.mkv
2025-12-06 12:58:31,482 - [VideoProcessor] - INFO - Starting processing: MarkRutte_MariekeElsinga.mkv (FPS: 25.00) Step: every 25 frames)
2025-12-06 12:58:34,343 - [VideoProcessor] - INFO - Processed 10 frames...
2025-12-06 12:58:36,696 - [VideoProcessor] - INFO - Processed 20 frames...
2025-12-06 12:58:39,042 - [VideoProcessor] - INFO - Processed 30 frames...
2025-12-06 12:58:41,530 - [VideoProcessor] - INFO - Processed 40 frames...
2025-12-06 12:58:43,960 - [VideoProcessor] - INFO - Processed 50 frames...
2025-12-06 12:58:44,598 - [core.frame.py] - WARNING - No face detected in frame: InMemoryFrame
2025-12-06 12:58:44,799 - [core.frame.py] - WARNING - No face detected in frame: InMemoryFrame
2025-12-06 12:58:45,004 - [core.frame.py] - WARNING - No face detected in frame: InMemoryFrame
2025-12-06 12:58:45,020 - [VideoProcessor] - INFO - Finished MarkRutte_MariekeElsinga.mkv. Total detections: 52
2025-12-06 12:58:45,020 - [core.analyzer.py] - INFO - Analyzing video: ./data/input/MarkRutte\MarkRutte_MatthijsNieuwkerk.mp4
2025-12-06 12:58:45,020 - [VideoProcessor] - INFO - Starting processing: MarkRutte_MatthijsNieuwkerk.mp4 (FPS: 25.00) Step: every 25 frames)
2025-12-06 12:58:45,057 - [core.frame.py] - WARNING - No face detected in frame: InMemoryFrame
2025-12-06 12:58:45,186 - [core.frame.py] - WARNING - No face detected in frame: InMemoryFrame
2025-12-06 12:58:45,219 - [core.frame.py] - WARNING - No face detected in frame: InMemoryFrame
2025-12-06 12:58:45,378 - [core.frame.py] - WARNING - No face detected in frame: InMemoryFrame
2025-12-06 12:58:45,405 - [core.frame.py] - WARNING - No face detected in frame: InMemoryFrame
2025-12-06 12:58:45,445 - [core.frame.py] - WARNING - No face detected in frame: InMemoryFrame
2025-12-06 12:58:45,667 - [VideoProcessor] - INFO - Processed 10 frames...
2025-12-06 12:58:46,156 - [VideoProcessor] - INFO - Processed 20 frames...
2025-12-06 12:58:46,320 - [core.frame.py] - WARNING - No face detected in frame: InMemoryFrame
2025-12-06 12:58:46,354 - [core.frame.py] - WARNING - No face detected in frame: InMemoryFrame
2025-12-06 12:58:46,427 - [core.frame.py] - WARNING - No face detected in frame: InMemoryFrame
2025-12-06 12:58:46,452 - [core.frame.py] - WARNING - No face detected in frame: InMemoryFrame
2025-12-06 12:58:46,486 - [core.frame.py] - WARNING - No face detected in frame: InMemoryFrame
2025-12-06 12:58:46,554 - [core.frame.py] - WARNING - No face detected in frame: InMemoryFrame
2025-12-06 12:58:46,697 - [VideoProcessor] - INFO - Processed 30 frames...
2025-12-06 12:58:46,926 - [core.frame.py] - WARNING - No face detected in frame: InMemoryFrame
2025-12-06 12:58:46,953 - [core.frame.py] - WARNING - No face detected in frame: InMemoryFrame
2025-12-06 12:58:46,987 - [core.frame.py] - WARNING - No face detected in frame: InMemoryFrame
2025-12-06 12:58:47,020 - [core.frame.py] - WARNING - No face detected in frame: InMemoryFrame
2025-12-06 12:58:47,173 - [core.frame.py] - WARNING - No face detected in frame: InMemoryFrame
2025-12-06 12:58:47,268 - [VideoProcessor] - INFO - Processed 40 frames...
2025-12-06 12:58:47,686 - [VideoProcessor] - INFO - Processed 50 frames...
2025-12-06 12:58:48,211 - [VideoProcessor] - INFO - Processed 60 frames...
2025-12-06 12:58:48,483 - [core.frame.py] - WARNING - No face detected in frame: InMemoryFrame
2025-12-06 12:58:48,655 - [VideoProcessor] - INFO - Processed 70 frames...
2025-12-06 12:58:48,996 - [core.frame.py] - WARNING - No face detected in frame: InMemoryFrame
2025-12-06 12:58:49,034 - [core.frame.py] - WARNING - No face detected in frame: InMemoryFrame
2025-12-06 12:58:49,137 - [VideoProcessor] - INFO - Processed 80 frames...
2025-12-06 12:58:49,407 - [core.frame.py] - WARNING - No face detected in frame: InMemoryFrame
2025-12-06 12:58:49,439 - [core.frame.py] - WARNING - No face detected in frame: InMemoryFrame
2025-12-06 12:58:49,503 - [core.frame.py] - WARNING - No face detected in frame: InMemoryFrame
2025-12-06 12:58:49,527 - [core.frame.py] - WARNING - No face detected in frame: InMemoryFrame
2025-12-06 12:58:49,653 - [VideoProcessor] - INFO - Processed 90 frames...
2025-12-06 12:58:49,801 - [VideoProcessor] - INFO - Finished MarkRutte_MatthijsNieuwkerk.mp4. Total detections: 93
2025-12-06 12:58:49,802 - [StatsService] - INFO - Generating statistical report...
2025-12-06 12:58:49,802 - [CSVStorage] - INFO - Statistics report saved to ./data/output\summary_report.csv
2025-12-06 12:58:49,802 - [StatsService] - INFO - Report generated for 2 videos.
2025-12-06 13:00:43,519 - [cli.py] - INFO - Initializing Application...
2025-12-06 13:00:47,503 - [core.analyzer.py] - INFO - Starting analysis on ./data/input/MarkRutte/MarkRutte_MariekeElsinga.mkv
2025-12-06 13:00:47,503 - [core.analyzer.py] - INFO - Analyzing video: ./data/input/MarkRutte/MarkRutte_MariekeElsinga.mkv
2025-12-06 13:00:47,527 - [VideoProcessor] - INFO - Starting processing: MarkRutte_MariekeElsinga.mkv (FPS: 25.00) Step: every 500 frames)
2025-12-06 13:00:50,979 - [VideoProcessor] - INFO - Finished MarkRutte_MariekeElsinga.mkv. Total detections: 3
2025-12-06 13:00:50,979 - [StatsService] - INFO - Generating statistical report...
2025-12-06 13:00:50,996 - [CSVStorage] - INFO - Statistics report saved to ./data/output\summary_report.csv
2025-12-06 13:00:50,996 - [StatsService] - INFO - Report generated for 1 videos.
2025-12-06 13:18:13,861 - [cli.py] - INFO - Initializing Application...
2025-12-06 13:18:16,643 - [core.analyzer.py] - INFO - Starting analysis on ./data/input/MarkRutte/MarkRutte_MariekeElsinga.mkv
2025-12-06 13:18:16,643 - [core.analyzer.py] - INFO - Analyzing video: ./data/input/MarkRutte/MarkRutte_MariekeElsinga.mkv
2025-12-06 13:18:16,663 - [VideoProcessor] - INFO - Starting processing: MarkRutte_MariekeElsinga.mkv (FPS: 25.00) Step: every 400 frames)
2025-12-06 13:18:20,617 - [VideoProcessor] - INFO - Finished MarkRutte_MariekeElsinga.mkv. Total detections: 4
2025-12-06 13:18:20,617 - [StatsService] - INFO - Generating statistical report...
2025-12-06 13:18:20,640 - [CSVStorage] - INFO - Statistics report saved to ./data/output\summary_report.csv
2025-12-06 13:18:20,640 - [StatsService] - INFO - Report generated for 1 videos.
2025-12-06 14:58:54,154 - [StatsService] - INFO - Generating statistical report...
2025-12-06 14:58:54,154 - [StatsService] - INFO - Report generated for 1 videos.
2025-12-06 14:58:54,154 - [StatsService] - INFO - Generating statistical report...
2025-12-06 14:58:54,154 - [StatsService] - INFO - Report generated for 2 videos.
2025-12-06 14:58:54,154 - [VideoProcessor] - INFO - Starting processing: test.mp4 (FPS: 1.00) Step: every 1 frames)
2025-12-06 14:58:54,154 - [VideoProcessor] - INFO - Processed 10 frames...
2025-12-06 14:58:54,154 - [VideoProcessor] - INFO - Finished test.mp4. Total detections: 10
2025-12-06 14:58:54,154 - [VideoProcessor] - INFO - Starting processing: test.mp4 (FPS: 1.00) Step: every 2 frames)
2025-12-06 14:58:54,154 - [VideoProcessor] - INFO - Finished test.mp4. Total detections: 5
2025-12-06 14:58:54,167 - [VideoProcessor] - INFO - Starting processing: test.mp4 (FPS: 30.00) Step: every 1 frames)
2025-12-06 14:58:54,167 - [VideoProcessor] - INFO - Finished test.mp4. Total detections: 0
2025-12-06 14:59:35,079 - [StatsService] - INFO - Generating statistical report...
2025-12-06 14:59:35,079 - [StatsService] - INFO - Report generated for 1 videos.
2025-12-06 14:59:35,079 - [StatsService] - INFO - Generating statistical report...
2025-12-06 14:59:35,079 - [StatsService] - INFO - Report generated for 2 videos.
2025-12-06 14:59:35,079 - [VideoProcessor] - INFO - Starting processing: test.mp4 (FPS: 1.00) Step: every 1 frames)
2025-12-06 14:59:35,079 - [VideoProcessor] - INFO - Processed 10 frames...
2025-12-06 14:59:35,079 - [VideoProcessor] - INFO - Finished test.mp4. Total detections: 10
2025-12-06 14:59:35,096 - [VideoProcessor] - INFO - Starting processing: test.mp4 (FPS: 1.00) Step: every 2 frames)
2025-12-06 14:59:35,097 - [VideoProcessor] - INFO - Finished test.mp4. Total detections: 5
2025-12-06 14:59:35,098 - [VideoProcessor] - INFO - Starting processing: test.mp4 (FPS: 30.00) Step: every 1 frames)
2025-12-06 14:59:35,098 - [VideoProcessor] - INFO - Finished test.mp4. Total detections: 0
2025-12-06 14:59:59,971 - [StatsService] - INFO - Generating statistical report...
2025-12-06 14:59:59,972 - [StatsService] - INFO - Report generated for 1 videos.
2025-12-06 14:59:59,973 - [StatsService] - INFO - Generating statistical report...
2025-12-06 14:59:59,973 - [StatsService] - INFO - Report generated for 2 videos.
2025-12-06 14:59:59,974 - [VideoProcessor] - INFO - Starting processing: test.mp4 (FPS: 1.00) Step: every 1 frames)
2025-12-06 14:59:59,975 - [VideoProcessor] - INFO - Processed 10 frames...
2025-12-06 14:59:59,975 - [VideoProcessor] - INFO - Finished test.mp4. Total detections: 10
2025-12-06 14:59:59,977 - [VideoProcessor] - INFO - Starting processing: test.mp4 (FPS: 1.00) Step: every 2 frames)
2025-12-06 14:59:59,977 - [VideoProcessor] - INFO - Finished test.mp4. Total detections: 5
2025-12-06 14:59:59,979 - [VideoProcessor] - INFO - Starting processing: test.mp4 (FPS: 30.00) Step: every 1 frames)
2025-12-06 14:59:59,979 - [VideoProcessor] - INFO - Finished test.mp4. Total detections: 0
2025-12-06 15:01:07,174 - [StatsService] - INFO - Generating statistical report...
2025-12-06 15:01:07,175 - [StatsService] - INFO - Report generated for 1 videos.
2025-12-06 15:01:07,176 - [StatsService] - INFO - Generating statistical report...
2025-12-06 15:01:07,177 - [StatsService] - INFO - Report generated for 2 videos.
2025-12-06 15:01:07,178 - [VideoProcessor] - INFO - Starting processing: test.mp4 (FPS: 1.00) Step: every 1 frames)
2025-12-06 15:01:07,179 - [VideoProcessor] - INFO - Processed 10 frames...
2025-12-06 15:01:07,179 - [VideoProcessor] - INFO - Finished test.mp4. Total detections: 10
2025-12-06 15:01:07,180 - [VideoProcessor] - INFO - Starting processing: test.mp4 (FPS: 1.00) Step: every 2 frames)
2025-12-06 15:01:07,181 - [VideoProcessor] - INFO - Finished test.mp4. Total detections: 5
2025-12-06 15:01:07,182 - [VideoProcessor] - INFO - Starting processing: test.mp4 (FPS: 30.00) Step: every 1 frames)
2025-12-06 15:01:07,182 - [VideoProcessor] - INFO - Finished test.mp4. Total detections: 0
2025-12-06 15:02:20,687 - [StatsService] - INFO - Generating statistical report...
2025-12-06 15:02:20,688 - [StatsService] - INFO - Report generated for 1 videos.
2025-12-06 15:02:20,689 - [StatsService] - INFO - Generating statistical report...
2025-12-06 15:02:20,689 - [StatsService] - INFO - Report generated for 2 videos.
2025-12-06 15:02:20,691 - [VideoProcessor] - INFO - Starting processing: test.mp4 (FPS: 1.00) Step: every 1 frames)
2025-12-06 15:02:20,691 - [VideoProcessor] - INFO - Processed 10 frames...
2025-12-06 15:02:20,692 - [VideoProcessor] - INFO - Finished test.mp4. Total detections: 10
2025-12-06 15:02:20,693 - [VideoProcessor] - INFO - Starting processing: test.mp4 (FPS: 1.00) Step: every 2 frames)
2025-12-06 15:02:20,693 - [VideoProcessor] - INFO - Finished test.mp4. Total detections: 5
2025-12-06 15:02:20,694 - [VideoProcessor] - INFO - Starting processing: test.mp4 (FPS: 30.00) Step: every 1 frames)
2025-12-06 15:02:20,695 - [VideoProcessor] - INFO - Finished test.mp4. Total detections: 0
2025-12-06 15:05:23,657 - [StatsService] - INFO - Generating statistical report...
2025-12-06 15:05:23,657 - [StatsService] - INFO - Report generated for 1 videos.
2025-12-06 15:05:23,662 - [StatsService] - INFO - Generating statistical report...
2025-12-06 15:05:23,663 - [StatsService] - INFO - Report generated for 2 videos.
2025-12-06 15:05:23,665 - [VideoProcessor] - INFO - Starting processing: test.mp4 (FPS: 1.00) Step: every 1 frames)
2025-12-06 15:05:23,666 - [VideoProcessor] - INFO - Processed 10 frames...
2025-12-06 15:05:23,666 - [VideoProcessor] - INFO - Finished test.mp4. Total detections: 10
2025-12-06 15:05:23,668 - [VideoProcessor] - INFO - Starting processing: test.mp4 (FPS: 1.00) Step: every 2 frames)
2025-12-06 15:05:23,669 - [VideoProcessor] - INFO - Finished test.mp4. Total detections: 5
2025-12-06 15:05:23,670 - [VideoProcessor] - INFO - Starting processing: test.mp4 (FPS: 30.00) Step: every 1 frames)
2025-12-06 15:05:23,671 - [VideoProcessor] - INFO - Finished test.mp4. Total detections: 0
2025-12-06 15:07:52,663 - [StatsService] - INFO - Generating statistical report...
2025-12-06 15:07:52,663 - [StatsService] - INFO - Report generated for 1 videos.
2025-12-06 15:07:52,677 - [StatsService] - INFO - Generating statistical report...
2025-12-06 15:07:52,678 - [StatsService] - INFO - Report generated for 2 videos.
2025-12-06 15:07:52,680 - [VideoProcessor] - INFO - Starting processing: test.mp4 (FPS: 1.00) Step: every 1 frames)
2025-12-06 15:07:52,681 - [VideoProcessor] - INFO - Processed 10 frames...
2025-12-06 15:07:52,681 - [VideoProcessor] - INFO - Finished test.mp4. Total detections: 10
2025-12-06 15:07:52,682 - [VideoProcessor] - INFO - Starting processing: test.mp4 (FPS: 1.00) Step: every 2 frames)
2025-12-06 15:07:52,683 - [VideoProcessor] - INFO - Finished test.mp4. Total detections: 5
2025-12-06 15:07:52,685 - [VideoProcessor] - INFO - Starting processing: test.mp4 (FPS: 30.00) Step: every 1 frames)
2025-12-06 15:07:52,685 - [VideoProcessor] - INFO - Finished test.mp4. Total detections: 0
2025-12-06 15:19:14,250 - [StatsService] - INFO - Generating statistical report...
2025-12-06 15:19:14,266 - [StatsService] - INFO - Report generated for 1 videos.
2025-12-06 15:19:14,266 - [StatsService] - INFO - Generating statistical report...
2025-12-06 15:19:14,269 - [StatsService] - INFO - Report generated for 2 videos.
2025-12-06 15:19:14,280 - [StatsService] - INFO - Generating statistical report...
2025-12-06 15:19:14,289 - [StatsService] - INFO - Report generated for 1 videos.
2025-12-06 15:19:14,289 - [StatsService] - INFO - Generating statistical report...
2025-12-06 15:19:14,289 - [StatsService] - WARNING - No data found to generate report.
2025-12-06 15:19:14,298 - [StatsService] - INFO - Generating statistical report...
2025-12-06 15:19:14,299 - [StatsService] - INFO - Report generated for 1 videos.
2025-12-06 15:19:14,301 - [StatsService] - INFO - Generating statistical report...
2025-12-06 15:19:14,301 - [StatsService] - INFO - Report generated for 1 videos.
2025-12-06 15:19:14,301 - [VideoProcessor] - INFO - Starting processing: test.mp4 (FPS: 1.00) Step: every 1 frames)
2025-12-06 15:19:14,305 - [VideoProcessor] - INFO - Processed 10 frames...
2025-12-06 15:19:14,305 - [VideoProcessor] - INFO - Finished test.mp4. Total detections: 10
2025-12-06 15:19:14,305 - [VideoProcessor] - INFO - Starting processing: test.mp4 (FPS: 1.00) Step: every 2 frames)
2025-12-06 15:19:14,305 - [VideoProcessor] - INFO - Finished test.mp4. Total detections: 5
2025-12-06 15:19:14,309 - [VideoProcessor] - INFO - Starting processing: test.mp4 (FPS: 30.00) Step: every 1 frames)
2025-12-06 15:19:14,310 - [VideoProcessor] - INFO - Finished test.mp4. Total detections: 0
2025-12-06 15:22:50,641 - [StatsService] - INFO - Generating statistical report...
2025-12-06 15:22:50,641 - [StatsService] - INFO - Report generated for 1 videos.
2025-12-06 15:22:50,646 - [StatsService] - INFO - Generating statistical report...
2025-12-06 15:22:50,647 - [StatsService] - INFO - Report generated for 2 videos.
2025-12-06 15:22:50,658 - [StatsService] - INFO - Generating statistical report...
2025-12-06 15:22:50,666 - [StatsService] - INFO - Report generated for 1 videos.
2025-12-06 15:22:50,666 - [StatsService] - INFO - Generating statistical report...
2025-12-06 15:22:50,666 - [StatsService] - WARNING - No data found to generate report.
2025-12-06 15:22:50,675 - [StatsService] - INFO - Generating statistical report...
2025-12-06 15:22:50,676 - [StatsService] - INFO - Report generated for 1 videos.
2025-12-06 15:22:50,677 - [StatsService] - INFO - Generating statistical report...
2025-12-06 15:22:50,678 - [StatsService] - INFO - Report generated for 1 videos.
2025-12-06 15:22:50,680 - [VideoProcessor] - INFO - Starting processing: test.mp4 (FPS: 1.00) Step: every 1 frames)
2025-12-06 15:22:50,681 - [VideoProcessor] - INFO - Processed 10 frames...
2025-12-06 15:22:50,681 - [VideoProcessor] - INFO - Finished test.mp4. Total detections: 10
2025-12-06 15:22:50,683 - [VideoProcessor] - INFO - Starting processing: test.mp4 (FPS: 1.00) Step: every 2 frames)
2025-12-06 15:22:50,683 - [VideoProcessor] - INFO - Finished test.mp4. Total detections: 5
2025-12-06 15:22:50,683 - [VideoProcessor] - INFO - Starting processing: test.mp4 (FPS: 30.00) Step: every 1 frames)
2025-12-06 15:22:50,683 - [VideoProcessor] - INFO - Finished test.mp4. Total detections: 0
2025-12-06 15:22:50,683 - [VideoProcessor] - INFO - Starting processing: large.mp4 (FPS: 30.00) Step: every 100 frames)
2025-12-06 15:22:50,692 - [VideoProcessor] - INFO - Processed 10 frames...
2025-12-06 15:22:50,695 - [VideoProcessor] - INFO - Processed 20 frames...
2025-12-06 15:22:50,699 - [VideoProcessor] - INFO - Processed 30 frames...
2025-12-06 15:22:50,699 - [VideoProcessor] - INFO - Processed 40 frames...
2025-12-06 15:22:50,706 - [VideoProcessor] - INFO - Processed 50 frames...
2025-12-06 15:22:50,710 - [VideoProcessor] - INFO - Processed 60 frames...
2025-12-06 15:22:50,715 - [VideoProcessor] - INFO - Processed 70 frames...
2025-12-06 15:22:50,720 - [VideoProcessor] - INFO - Processed 80 frames...
2025-12-06 15:22:50,723 - [VideoProcessor] - INFO - Processed 90 frames...
2025-12-06 15:22:50,727 - [VideoProcessor] - INFO - Processed 100 frames...
2025-12-06 15:22:50,728 - [VideoProcessor] - INFO - Finished large.mp4. Total detections: 100
2025-12-06 15:22:50,731 - [VideoProcessor] - ERROR - Invalid FPS (0.0) for source: corrupt_fps.mp4
2025-12-06 15:22:50,734 - [VideoProcessor] - INFO - Starting processing: test.mp4 (FPS: 30.00) Step: every 1 frames)
2025-12-06 15:22:50,735 - [VideoProcessor] - INFO - Finished test.mp4. Total detections: 5
2025-12-06 15:22:50,738 - [VideoProcessor] - INFO - Starting processing: short.mp4 (FPS: 30.00) Step: every 100 frames)
2025-12-06 15:22:50,739 - [VideoProcessor] - INFO - Finished short.mp4. Total detections: 1
2025-12-06 15:23:46,479 - [StatsService] - INFO - Generating statistical report...
2025-12-06 15:23:46,479 - [StatsService] - INFO - Report generated for 1 videos.
2025-12-06 15:23:46,495 - [StatsService] - INFO - Generating statistical report...
2025-12-06 15:23:46,495 - [StatsService] - INFO - Report generated for 2 videos.
2025-12-06 15:23:46,502 - [StatsService] - INFO - Generating statistical report...
2025-12-06 15:23:46,504 - [StatsService] - INFO - Report generated for 1 videos.
2025-12-06 15:23:46,509 - [StatsService] - INFO - Generating statistical report...
2025-12-06 15:23:46,509 - [StatsService] - WARNING - No data found to generate report.
2025-12-06 15:23:46,511 - [StatsService] - INFO - Generating statistical report...
2025-12-06 15:23:46,511 - [StatsService] - INFO - Report generated for 1 videos.
2025-12-06 15:23:46,512 - [StatsService] - INFO - Generating statistical report...
2025-12-06 15:23:46,512 - [StatsService] - INFO - Report generated for 1 videos.
2025-12-06 15:23:46,512 - [VideoProcessor] - INFO - Starting processing: test.mp4 (FPS: 1.00) Step: every 1 frames)
2025-12-06 15:23:46,512 - [VideoProcessor] - INFO - Processed 10 frames...
2025-12-06 15:23:46,512 - [VideoProcessor] - INFO - Finished test.mp4. Total detections: 10
2025-12-06 15:23:46,515 - [VideoProcessor] - INFO - Starting processing: test.mp4 (FPS: 1.00) Step: every 2 frames)
2025-12-06 15:23:46,516 - [VideoProcessor] - INFO - Finished test.mp4. Total detections: 5
2025-12-06 15:23:46,517 - [VideoProcessor] - INFO - Starting processing: test.mp4 (FPS: 30.00) Step: every 1 frames)
2025-12-06 15:23:46,517 - [VideoProcessor] - INFO - Finished test.mp4. Total detections: 0
2025-12-06 15:23:46,519 - [VideoProcessor] - INFO - Starting processing: large.mp4 (FPS: 30.00) Step: every 100 frames)
2025-12-06 15:23:46,519 - [VideoProcessor] - INFO - Processed 10 frames...
2025-12-06 15:23:46,519 - [VideoProcessor] - INFO - Processed 20 frames...
2025-12-06 15:23:46,522 - [VideoProcessor] - INFO - Processed 30 frames...
2025-12-06 15:23:46,524 - [VideoProcessor] - INFO - Processed 40 frames...
2025-12-06 15:23:46,525 - [VideoProcessor] - INFO - Processed 50 frames...
2025-12-06 15:23:46,526 - [VideoProcessor] - INFO - Processed 60 frames...
2025-12-06 15:23:46,527 - [VideoProcessor] - INFO - Processed 70 frames...
2025-12-06 15:23:46,527 - [VideoProcessor] - INFO - Processed 80 frames...
2025-12-06 15:23:46,531 - [VideoProcessor] - INFO - Processed 90 frames...
2025-12-06 15:23:46,532 - [VideoProcessor] - INFO - Processed 100 frames...
2025-12-06 15:23:46,532 - [VideoProcessor] - INFO - Finished large.mp4. Total detections: 100
2025-12-06 15:23:46,534 - [VideoProcessor] - ERROR - Invalid FPS (0.0) for source: corrupt_fps.mp4
2025-12-06 15:23:46,536 - [VideoProcessor] - INFO - Starting processing: test.mp4 (FPS: 30.00) Step: every 1 frames)
2025-12-06 15:23:46,536 - [VideoProcessor] - INFO - Finished test.mp4. Total detections: 5
2025-12-06 15:23:46,536 - [VideoProcessor] - INFO - Starting processing: short.mp4 (FPS: 30.00) Step: every 100 frames)
2025-12-06 15:23:46,536 - [VideoProcessor] - INFO - Finished short.mp4. Total detections: 1
2025-12-06 15:39:40,827 - [StatsService] - INFO - Generating statistical report...
2025-12-06 15:39:40,829 - [StatsService] - INFO - Report generated for 1 videos.
2025-12-06 15:39:40,831 - [StatsService] - INFO - Generating statistical report...
2025-12-06 15:39:40,831 - [StatsService] - INFO - Report generated for 2 videos.
2025-12-06 15:39:40,843 - [StatsService] - INFO - Generating statistical report...
2025-12-06 15:39:40,855 - [StatsService] - INFO - Report generated for 1 videos.
2025-12-06 15:39:40,859 - [StatsService] - INFO - Generating statistical report...
2025-12-06 15:39:40,859 - [StatsService] - WARNING - No data found to generate report.
2025-12-06 15:39:40,862 - [StatsService] - INFO - Generating statistical report...
2025-12-06 15:39:40,863 - [StatsService] - INFO - Report generated for 1 videos.
2025-12-06 15:39:40,865 - [StatsService] - INFO - Generating statistical report...
2025-12-06 15:39:40,865 - [StatsService] - INFO - Report generated for 1 videos.
2025-12-06 15:39:40,867 - [VideoProcessor] - INFO - Starting processing: test.mp4 (FPS: 1.00) Step: every 1 frames)
2025-12-06 15:39:40,868 - [VideoProcessor] - INFO - Processed 10 frames...
2025-12-06 15:39:40,868 - [VideoProcessor] - INFO - Finished test.mp4. Total detections: 10
2025-12-06 15:39:40,870 - [VideoProcessor] - INFO - Starting processing: test.mp4 (FPS: 1.00) Step: every 2 frames)
2025-12-06 15:39:40,871 - [VideoProcessor] - INFO - Finished test.mp4. Total detections: 5
2025-12-06 15:39:40,872 - [VideoProcessor] - INFO - Starting processing: test.mp4 (FPS: 30.00) Step: every 1 frames)
2025-12-06 15:39:40,873 - [VideoProcessor] - INFO - Finished test.mp4. Total detections: 0
2025-12-06 15:39:40,874 - [VideoProcessor] - INFO - Starting processing: large.mp4 (FPS: 30.00) Step: every 100 frames)
2025-12-06 15:39:40,876 - [VideoProcessor] - INFO - Processed 10 frames...
2025-12-06 15:39:40,879 - [VideoProcessor] - INFO - Processed 20 frames...
2025-12-06 15:39:40,882 - [VideoProcessor] - INFO - Processed 30 frames...
2025-12-06 15:39:40,884 - [VideoProcessor] - INFO - Processed 40 frames...
2025-12-06 15:39:40,886 - [VideoProcessor] - INFO - Processed 50 frames...
2025-12-06 15:39:40,889 - [VideoProcessor] - INFO - Processed 60 frames...
2025-12-06 15:39:40,891 - [VideoProcessor] - INFO - Processed 70 frames...
2025-12-06 15:39:40,894 - [VideoProcessor] - INFO - Processed 80 frames...
2025-12-06 15:39:40,896 - [VideoProcessor] - INFO - Processed 90 frames...
2025-12-06 15:39:40,899 - [VideoProcessor] - INFO - Processed 100 frames...
2025-12-06 15:39:40,899 - [VideoProcessor] - INFO - Finished large.mp4. Total detections: 100
2025-12-06 15:39:40,901 - [VideoProcessor] - ERROR - Invalid FPS (0.0) for source: corrupt_fps.mp4
2025-12-06 15:39:40,904 - [VideoProcessor] - INFO - Starting processing: test.mp4 (FPS: 30.00) Step: every 1 frames)
2025-12-06 15:39:40,904 - [VideoProcessor] - INFO - Finished test.mp4. Total detections: 5
2025-12-06 15:39:40,906 - [VideoProcessor] - INFO - Starting processing: short.mp4 (FPS: 30.00) Step: every 100 frames)
2025-12-06 15:39:40,906 - [VideoProcessor] - INFO - Finished short.mp4. Total detections: 1
2025-12-06 18:15:15,018 - [StatsService] - INFO - Generating statistical report...
2025-12-06 18:15:15,018 - [StatsService] - INFO - Report generated for 1 videos.
2025-12-06 18:15:15,029 - [StatsService] - INFO - Generating statistical report...
2025-12-06 18:15:15,030 - [StatsService] - INFO - Report generated for 2 videos.
2025-12-06 18:15:15,035 - [StatsService] - INFO - Generating statistical report...
2025-12-06 18:15:15,039 - [StatsService] - INFO - Report generated for 1 videos.
2025-12-06 18:15:15,042 - [StatsService] - INFO - Generating statistical report...
2025-12-06 18:15:15,042 - [StatsService] - WARNING - No data found to generate report.
2025-12-06 18:15:15,044 - [StatsService] - INFO - Generating statistical report...
2025-12-06 18:15:15,045 - [StatsService] - INFO - Report generated for 1 videos.
2025-12-06 18:15:15,046 - [StatsService] - INFO - Generating statistical report...
2025-12-06 18:15:15,047 - [StatsService] - INFO - Report generated for 1 videos.
2025-12-06 18:15:15,048 - [VideoProcessor] - INFO - Starting processing: test.mp4 (FPS: 1.00) Step: every 1 frames)
2025-12-06 18:15:15,049 - [VideoProcessor] - INFO - Processed 10 frames...
2025-12-06 18:15:15,049 - [VideoProcessor] - INFO - Finished test.mp4. Total detections: 10
2025-12-06 18:15:15,051 - [VideoProcessor] - INFO - Starting processing: test.mp4 (FPS: 1.00) Step: every 2 frames)
2025-12-06 18:15:15,051 - [VideoProcessor] - INFO - Finished test.mp4. Total detections: 5
2025-12-06 18:15:15,053 - [VideoProcessor] - INFO - Starting processing: test.mp4 (FPS: 30.00) Step: every 1 frames)
2025-12-06 18:15:15,053 - [VideoProcessor] - INFO - Finished test.mp4. Total detections: 0
2025-12-06 18:15:15,054 - [VideoProcessor] - INFO - Starting processing: large.mp4 (FPS: 30.00) Step: every 100 frames)
2025-12-06 18:15:15,055 - [VideoProcessor] - INFO - Processed 10 frames...
2025-12-06 18:15:15,057 - [VideoProcessor] - INFO - Processed 20 frames...
2025-12-06 18:15:15,059 - [VideoProcessor] - INFO - Processed 30 frames...
2025-12-06 18:15:15,060 - [VideoProcessor] - INFO - Processed 40 frames...
2025-12-06 18:15:15,062 - [VideoProcessor] - INFO - Processed 50 frames...
2025-12-06 18:15:15,063 - [VideoProcessor] - INFO - Processed 60 frames...
2025-12-06 18:15:15,064 - [VideoProcessor] - INFO - Processed 70 frames...
2025-12-06 18:15:15,066 - [VideoProcessor] - INFO - Processed 80 frames...
2025-12-06 18:15:15,068 - [VideoProcessor] - INFO - Processed 90 frames...
2025-12-06 18:15:15,069 - [VideoProcessor] - INFO - Processed 100 frames...
2025-12-06 18:15:15,070 - [VideoProcessor] - INFO - Finished large.mp4. Total detections: 100
2025-12-06 18:15:15,071 - [VideoProcessor] - ERROR - Invalid FPS (0.0) for source: corrupt_fps.mp4
2025-12-06 18:15:15,073 - [VideoProcessor] - INFO - Starting processing: test.mp4 (FPS: 30.00) Step: every 1 frames)
2025-12-06 18:15:15,074 - [VideoProcessor] - INFO - Finished test.mp4. Total detections: 5
2025-12-06 18:15:15,075 - [VideoProcessor] - INFO - Starting processing: short.mp4 (FPS: 30.00) Step: every 100 frames)
2025-12-06 18:15:15,076 - [VideoProcessor] - INFO - Finished short.mp4. Total detections: 1
2025-12-06 19:55:56,160 - [core.analyzer.py] - INFO - Starting analysis on data/temp_input
2025-12-06 19:55:56,161 - [core.analyzer.py] - INFO - Analyzing videos in directory: data/temp_input
2025-12-06 19:55:56,161 - [core.analyzer.py] - INFO - Getting video from folder data/temp_input
2025-12-06 19:55:56,161 - [core.analyzer.py] - INFO - Found 1 videos in data/temp_input
2025-12-06 19:55:56,161 - [core.analyzer.py] - INFO - Analyzing video: data/temp_input\MarkRutte_MariekeElsinga.mkv
2025-12-06 19:55:56,263 - [VideoProcessor] - INFO - Starting processing: MarkRutte_MariekeElsinga.mkv (FPS: 25.00) Step: every 25.0 frames)
2025-12-06 19:55:59,528 - [VideoProcessor] - INFO - Processed 10 frames...
2025-12-06 19:56:01,882 - [VideoProcessor] - INFO - Processed 20 frames...
2025-12-06 19:56:04,404 - [VideoProcessor] - INFO - Processed 30 frames...
2025-12-06 19:56:06,951 - [VideoProcessor] - INFO - Processed 40 frames...
2025-12-06 19:56:09,469 - [VideoProcessor] - INFO - Processed 50 frames...
2025-12-06 19:56:10,133 - [core.frame.py] - WARNING - No face detected in frame: InMemoryFrame
2025-12-06 19:56:10,340 - [core.frame.py] - WARNING - No face detected in frame: InMemoryFrame
2025-12-06 19:56:10,529 - [core.frame.py] - WARNING - No face detected in frame: InMemoryFrame
2025-12-06 19:56:10,541 - [VideoProcessor] - INFO - Finished MarkRutte_MariekeElsinga.mkv. Total detections: 52
2025-12-06 19:56:10,543 - [StatsService] - INFO - Generating statistical report...
2025-12-06 19:56:10,555 - [CSVStorage] - INFO - Statistics report saved to data/temp_output\summary_report.csv
2025-12-06 19:56:10,555 - [StatsService] - INFO - Report generated for 1 videos.
2025-12-07 09:34:25,725 - [core.analyzer.py] - INFO - Starting analysis on ./data/inputs
2025-12-07 09:34:25,726 - [core.analyzer.py] - INFO - Analyzing videos in directory: ./data/inputs
2025-12-07 09:34:25,726 - [core.analyzer.py] - INFO - Getting video from folder ./data/inputs
2025-12-07 09:34:25,726 - [core.analyzer.py] - INFO - Found 1 videos in ./data/inputs
2025-12-07 09:34:25,727 - [core.analyzer.py] - INFO - Analyzing video: ./data/inputs\MarkRutte_MatthijsNieuwkerk.mp4
2025-12-07 09:34:25,812 - [VideoProcessor] - INFO - Starting processing: MarkRutte_MatthijsNieuwkerk.mp4 (FPS: 25.00) Step: every 10 frames)
2025-12-07 09:34:26,205 - [core.frame.py] - WARNING - No face detected in frame: InMemoryFrame
2025-12-07 09:34:27,068 - [core.frame.py] - WARNING - No face detected in frame: InMemoryFrame
2025-12-07 09:34:27,102 - [core.frame.py] - WARNING - No face detected in frame: InMemoryFrame
2025-12-07 09:34:27,135 - [core.frame.py] - WARNING - No face detected in frame: InMemoryFrame
2025-12-07 09:34:27,171 - [core.frame.py] - WARNING - No face detected in frame: InMemoryFrame
2025-12-07 09:34:27,299 - [VideoProcessor] - INFO - Processed 10 frames...
2025-12-07 09:34:27,500 - [core.frame.py] - WARNING - No face detected in frame: InMemoryFrame
2025-12-07 09:34:27,532 - [core.frame.py] - WARNING - No face detected in frame: InMemoryFrame
2025-12-07 09:34:27,565 - [core.frame.py] - WARNING - No face detected in frame: InMemoryFrame
2025-12-07 09:34:27,597 - [core.frame.py] - WARNING - No face detected in frame: InMemoryFrame
2025-12-07 09:34:27,628 - [core.frame.py] - WARNING - No face detected in frame: InMemoryFrame
2025-12-07 09:34:27,659 - [core.frame.py] - WARNING - No face detected in frame: InMemoryFrame
2025-12-07 09:34:27,692 - [core.frame.py] - WARNING - No face detected in frame: InMemoryFrame
2025-12-07 09:34:27,725 - [core.frame.py] - WARNING - No face detected in frame: InMemoryFrame
2025-12-07 09:34:27,759 - [core.frame.py] - WARNING - No face detected in frame: InMemoryFrame
2025-12-07 09:34:27,792 - [core.frame.py] - WARNING - No face detected in frame: InMemoryFrame
2025-12-07 09:34:28,059 - [VideoProcessor] - INFO - Processed 20 frames...
2025-12-07 09:34:28,618 - [VideoProcessor] - INFO - Processed 30 frames...
2025-12-07 09:34:29,055 - [VideoProcessor] - INFO - Processed 40 frames...
2025-12-07 09:34:29,447 - [VideoProcessor] - INFO - Processed 50 frames...
2025-12-07 09:34:29,811 - [VideoProcessor] - INFO - Processed 60 frames...
2025-12-07 09:34:29,837 - [core.frame.py] - WARNING - No face detected in frame: InMemoryFrame
2025-12-07 09:34:29,837 - [VideoProcessor] - INFO - Processed 60 frames...
2025-12-07 09:34:29,865 - [core.frame.py] - WARNING - No face detected in frame: InMemoryFrame
2025-12-07 09:34:29,866 - [VideoProcessor] - INFO - Processed 60 frames...
2025-12-07 09:34:29,891 - [core.frame.py] - WARNING - No face detected in frame: InMemoryFrame
2025-12-07 09:34:29,891 - [VideoProcessor] - INFO - Processed 60 frames...
2025-12-07 09:34:29,920 - [core.frame.py] - WARNING - No face detected in frame: InMemoryFrame
2025-12-07 09:34:29,920 - [VideoProcessor] - INFO - Processed 60 frames...
2025-12-07 09:34:29,946 - [core.frame.py] - WARNING - No face detected in frame: InMemoryFrame
2025-12-07 09:34:29,947 - [VideoProcessor] - INFO - Processed 60 frames...
2025-12-07 09:34:30,013 - [core.frame.py] - WARNING - No face detected in frame: InMemoryFrame
2025-12-07 09:34:30,040 - [core.frame.py] - WARNING - No face detected in frame: InMemoryFrame
2025-12-07 09:34:30,069 - [core.frame.py] - WARNING - No face detected in frame: InMemoryFrame
2025-12-07 09:34:30,097 - [core.frame.py] - WARNING - No face detected in frame: InMemoryFrame
2025-12-07 09:34:30,131 - [core.frame.py] - WARNING - No face detected in frame: InMemoryFrame
2025-12-07 09:34:30,164 - [core.frame.py] - WARNING - No face detected in frame: InMemoryFrame
2025-12-07 09:34:30,193 - [core.frame.py] - WARNING - No face detected in frame: InMemoryFrame
2025-12-07 09:34:30,223 - [core.frame.py] - WARNING - No face detected in frame: InMemoryFrame
2025-12-07 09:34:30,462 - [core.frame.py] - WARNING - No face detected in frame: InMemoryFrame
2025-12-07 09:34:30,561 - [core.frame.py] - WARNING - No face detected in frame: InMemoryFrame
2025-12-07 09:34:30,652 - [VideoProcessor] - INFO - Processed 70 frames...
2025-12-07 09:34:31,020 - [VideoProcessor] - INFO - Processed 80 frames...
2025-12-07 09:34:31,345 - [core.frame.py] - WARNING - No face detected in frame: InMemoryFrame
2025-12-07 09:34:31,417 - [core.frame.py] - WARNING - No face detected in frame: InMemoryFrame
2025-12-07 09:34:31,449 - [core.frame.py] - WARNING - No face detected in frame: InMemoryFrame
2025-12-07 09:34:31,481 - [core.frame.py] - WARNING - No face detected in frame: InMemoryFrame
2025-12-07 09:34:31,513 - [core.frame.py] - WARNING - No face detected in frame: InMemoryFrame
2025-12-07 09:34:31,545 - [core.frame.py] - WARNING - No face detected in frame: InMemoryFrame
2025-12-07 09:34:31,576 - [core.frame.py] - WARNING - No face detected in frame: InMemoryFrame
2025-12-07 09:34:31,608 - [core.frame.py] - WARNING - No face detected in frame: InMemoryFrame
2025-12-07 09:34:31,640 - [core.frame.py] - WARNING - No face detected in frame: InMemoryFrame
2025-12-07 09:34:31,689 - [VideoProcessor] - INFO - Processed 90 frames...
2025-12-07 09:34:31,961 - [core.frame.py] - WARNING - No face detected in frame: InMemoryFrame
2025-12-07 09:34:31,989 - [core.frame.py] - WARNING - No face detected in frame: InMemoryFrame
2025-12-07 09:34:32,158 - [VideoProcessor] - INFO - Processed 100 frames...
2025-12-07 09:34:32,647 - [VideoProcessor] - INFO - Processed 110 frames...
2025-12-07 09:34:33,072 - [VideoProcessor] - INFO - Processed 120 frames...
2025-12-07 09:34:33,559 - [VideoProcessor] - INFO - Processed 130 frames...
2025-12-07 09:34:34,120 - [VideoProcessor] - INFO - Processed 140 frames...
2025-12-07 09:34:34,679 - [VideoProcessor] - INFO - Processed 150 frames...
2025-12-07 09:34:35,099 - [VideoProcessor] - INFO - Processed 160 frames...
2025-12-07 09:34:35,459 - [core.frame.py] - WARNING - No face detected in frame: InMemoryFrame
2025-12-07 09:34:35,554 - [VideoProcessor] - INFO - Processed 170 frames...
2025-12-07 09:34:35,958 - [VideoProcessor] - INFO - Processed 180 frames...
2025-12-07 09:34:36,431 - [VideoProcessor] - INFO - Processed 190 frames...
2025-12-07 09:34:36,759 - [core.frame.py] - WARNING - No face detected in frame: InMemoryFrame
2025-12-07 09:34:36,833 - [core.frame.py] - WARNING - No face detected in frame: InMemoryFrame
2025-12-07 09:34:36,945 - [core.frame.py] - WARNING - No face detected in frame: InMemoryFrame
2025-12-07 09:34:36,977 - [core.frame.py] - WARNING - No face detected in frame: InMemoryFrame
2025-12-07 09:34:37,024 - [VideoProcessor] - INFO - Processed 200 frames...
2025-12-07 09:34:37,449 - [VideoProcessor] - INFO - Processed 210 frames...
2025-12-07 09:34:37,853 - [core.frame.py] - WARNING - No face detected in frame: InMemoryFrame
2025-12-07 09:34:37,896 - [VideoProcessor] - INFO - Processed 220 frames...
2025-12-07 09:34:37,924 - [core.frame.py] - WARNING - No face detected in frame: InMemoryFrame
2025-12-07 09:34:37,924 - [VideoProcessor] - INFO - Processed 220 frames...
2025-12-07 09:34:37,949 - [core.frame.py] - WARNING - No face detected in frame: InMemoryFrame
2025-12-07 09:34:37,949 - [VideoProcessor] - INFO - Processed 220 frames...
2025-12-07 09:34:37,975 - [core.frame.py] - WARNING - No face detected in frame: InMemoryFrame
2025-12-07 09:34:37,976 - [VideoProcessor] - INFO - Processed 220 frames...
2025-12-07 09:34:38,038 - [core.frame.py] - WARNING - No face detected in frame: InMemoryFrame
2025-12-07 09:34:38,062 - [core.frame.py] - WARNING - No face detected in frame: InMemoryFrame
2025-12-07 09:34:38,086 - [core.frame.py] - WARNING - No face detected in frame: InMemoryFrame
2025-12-07 09:34:38,151 - [core.frame.py] - WARNING - No face detected in frame: InMemoryFrame
2025-12-07 09:34:38,177 - [core.frame.py] - WARNING - No face detected in frame: InMemoryFrame
2025-12-07 09:34:38,208 - [core.frame.py] - WARNING - No face detected in frame: InMemoryFrame
2025-12-07 09:34:38,568 - [VideoProcessor] - INFO - Processed 230 frames...
2025-12-07 09:34:38,837 - [VideoProcessor] - INFO - Finished MarkRutte_MatthijsNieuwkerk.mp4. Total detections: 235
2025-12-07 09:34:38,839 - [StatsService] - INFO - Generating statistical report...
2025-12-07 09:34:38,854 - [CSVStorage] - INFO - Statistics report saved to ./data/outputs\summary_report.csv
2025-12-07 09:34:38,855 - [StatsService] - INFO - Report generated for 1 videos.
2025-12-07 09:44:12,657 - [core.analyzer.py] - INFO - Starting analysis on ./data/inputs
2025-12-07 09:44:12,657 - [core.analyzer.py] - INFO - Analyzing videos in directory: ./data/inputs
2025-12-07 09:44:12,657 - [core.analyzer.py] - INFO - Getting video from folder ./data/inputs
2025-12-07 09:44:12,658 - [core.analyzer.py] - INFO - Found 2 videos in ./data/inputs
2025-12-07 09:44:12,658 - [core.analyzer.py] - INFO - Analyzing video: ./data/inputs\MarkRutte_MariekeElsinga.mkv
2025-12-07 09:44:12,782 - [VideoProcessor] - ERROR - Could not open source: MarkRutte_MariekeElsinga.mkv
2025-12-07 09:44:12,782 - [core.analyzer.py] - INFO - Analyzing video: ./data/inputs\MarkRutte_MatthijsNieuwkerk.mp4
2025-12-07 09:44:12,790 - [VideoProcessor] - INFO - Starting processing: MarkRutte_MatthijsNieuwkerk.mp4 (FPS: 25.00) Step: every 10 frames)
2025-12-07 09:44:12,977 - [core.frame.py] - WARNING - No face detected in frame: InMemoryFrame
2025-12-07 09:44:13,818 - [core.frame.py] - WARNING - No face detected in frame: InMemoryFrame
2025-12-07 09:44:13,853 - [core.frame.py] - WARNING - No face detected in frame: InMemoryFrame
2025-12-07 09:44:13,891 - [core.frame.py] - WARNING - No face detected in frame: InMemoryFrame
2025-12-07 09:44:13,927 - [core.frame.py] - WARNING - No face detected in frame: InMemoryFrame
2025-12-07 09:44:14,063 - [VideoProcessor] - INFO - Processed 10 frames...
2025-12-07 09:44:14,269 - [core.frame.py] - WARNING - No face detected in frame: InMemoryFrame
2025-12-07 09:44:14,301 - [core.frame.py] - WARNING - No face detected in frame: InMemoryFrame
2025-12-07 09:44:14,334 - [core.frame.py] - WARNING - No face detected in frame: InMemoryFrame
2025-12-07 09:44:14,365 - [core.frame.py] - WARNING - No face detected in frame: InMemoryFrame
2025-12-07 09:44:14,399 - [core.frame.py] - WARNING - No face detected in frame: InMemoryFrame
2025-12-07 09:44:14,432 - [core.frame.py] - WARNING - No face detected in frame: InMemoryFrame
2025-12-07 09:44:14,464 - [core.frame.py] - WARNING - No face detected in frame: InMemoryFrame
2025-12-07 09:44:14,499 - [core.frame.py] - WARNING - No face detected in frame: InMemoryFrame
2025-12-07 09:44:14,541 - [core.frame.py] - WARNING - No face detected in frame: InMemoryFrame
2025-12-07 09:44:14,581 - [core.frame.py] - WARNING - No face detected in frame: InMemoryFrame
2025-12-07 09:44:14,872 - [VideoProcessor] - INFO - Processed 20 frames...
2025-12-07 09:44:15,476 - [VideoProcessor] - INFO - Processed 30 frames...
2025-12-07 09:44:15,946 - [VideoProcessor] - INFO - Processed 40 frames...
2025-12-07 09:44:16,358 - [VideoProcessor] - INFO - Processed 50 frames...
2025-12-07 09:44:16,711 - [VideoProcessor] - INFO - Processed 60 frames...
2025-12-07 09:44:16,734 - [core.frame.py] - WARNING - No face detected in frame: InMemoryFrame
2025-12-07 09:44:16,734 - [VideoProcessor] - INFO - Processed 60 frames...
2025-12-07 09:44:16,763 - [core.frame.py] - WARNING - No face detected in frame: InMemoryFrame
2025-12-07 09:44:16,764 - [VideoProcessor] - INFO - Processed 60 frames...
2025-12-07 09:44:16,789 - [core.frame.py] - WARNING - No face detected in frame: InMemoryFrame
2025-12-07 09:44:16,790 - [VideoProcessor] - INFO - Processed 60 frames...
2025-12-07 09:44:16,815 - [core.frame.py] - WARNING - No face detected in frame: InMemoryFrame
2025-12-07 09:44:16,816 - [VideoProcessor] - INFO - Processed 60 frames...
2025-12-07 09:44:16,846 - [core.frame.py] - WARNING - No face detected in frame: InMemoryFrame
2025-12-07 09:44:16,847 - [VideoProcessor] - INFO - Processed 60 frames...
2025-12-07 09:44:16,926 - [core.frame.py] - WARNING - No face detected in frame: InMemoryFrame
2025-12-07 09:44:16,955 - [core.frame.py] - WARNING - No face detected in frame: InMemoryFrame
2025-12-07 09:44:16,985 - [core.frame.py] - WARNING - No face detected in frame: InMemoryFrame
2025-12-07 09:44:17,012 - [core.frame.py] - WARNING - No face detected in frame: InMemoryFrame
2025-12-07 09:44:17,041 - [core.frame.py] - WARNING - No face detected in frame: InMemoryFrame
2025-12-07 09:44:17,073 - [core.frame.py] - WARNING - No face detected in frame: InMemoryFrame
2025-12-07 09:44:17,100 - [core.frame.py] - WARNING - No face detected in frame: InMemoryFrame
2025-12-07 09:44:17,127 - [core.frame.py] - WARNING - No face detected in frame: InMemoryFrame
2025-12-07 09:44:17,351 - [core.frame.py] - WARNING - No face detected in frame: InMemoryFrame
2025-12-07 09:44:17,457 - [core.frame.py] - WARNING - No face detected in frame: InMemoryFrame
2025-12-07 09:44:17,546 - [VideoProcessor] - INFO - Processed 70 frames...
2025-12-07 09:44:17,912 - [VideoProcessor] - INFO - Processed 80 frames...
2025-12-07 09:44:18,237 - [core.frame.py] - WARNING - No face detected in frame: InMemoryFrame
2025-12-07 09:44:18,311 - [core.frame.py] - WARNING - No face detected in frame: InMemoryFrame
2025-12-07 09:44:18,341 - [core.frame.py] - WARNING - No face detected in frame: InMemoryFrame
2025-12-07 09:44:18,370 - [core.frame.py] - WARNING - No face detected in frame: InMemoryFrame
2025-12-07 09:44:18,398 - [core.frame.py] - WARNING - No face detected in frame: InMemoryFrame
2025-12-07 09:44:18,429 - [core.frame.py] - WARNING - No face detected in frame: InMemoryFrame
2025-12-07 09:44:18,464 - [core.frame.py] - WARNING - No face detected in frame: InMemoryFrame
2025-12-07 09:44:18,495 - [core.frame.py] - WARNING - No face detected in frame: InMemoryFrame
2025-12-07 09:44:18,531 - [core.frame.py] - WARNING - No face detected in frame: InMemoryFrame
2025-12-07 09:44:18,574 - [VideoProcessor] - INFO - Processed 90 frames...
2025-12-07 09:44:18,843 - [core.frame.py] - WARNING - No face detected in frame: InMemoryFrame
2025-12-07 09:44:18,866 - [core.frame.py] - WARNING - No face detected in frame: InMemoryFrame
2025-12-07 09:44:19,032 - [VideoProcessor] - INFO - Processed 100 frames...
2025-12-07 09:44:19,492 - [VideoProcessor] - INFO - Processed 110 frames...
2025-12-07 09:44:19,896 - [VideoProcessor] - INFO - Processed 120 frames...
2025-12-07 09:44:20,351 - [VideoProcessor] - INFO - Processed 130 frames...
2025-12-07 09:44:20,909 - [VideoProcessor] - INFO - Processed 140 frames...
2025-12-07 09:44:21,497 - [VideoProcessor] - INFO - Processed 150 frames...
2025-12-07 09:44:21,956 - [VideoProcessor] - INFO - Processed 160 frames...
2025-12-07 09:44:22,340 - [core.frame.py] - WARNING - No face detected in frame: InMemoryFrame
2025-12-07 09:44:22,427 - [VideoProcessor] - INFO - Processed 170 frames...
2025-12-07 09:44:22,847 - [VideoProcessor] - INFO - Processed 180 frames...
2025-12-07 09:44:23,323 - [VideoProcessor] - INFO - Processed 190 frames...
2025-12-07 09:44:23,636 - [core.frame.py] - WARNING - No face detected in frame: InMemoryFrame
2025-12-07 09:44:23,702 - [core.frame.py] - WARNING - No face detected in frame: InMemoryFrame
2025-12-07 09:44:23,811 - [core.frame.py] - WARNING - No face detected in frame: InMemoryFrame
2025-12-07 09:44:23,837 - [core.frame.py] - WARNING - No face detected in frame: InMemoryFrame
2025-12-07 09:44:23,880 - [VideoProcessor] - INFO - Processed 200 frames...
2025-12-07 09:44:24,296 - [VideoProcessor] - INFO - Processed 210 frames...
2025-12-07 09:44:24,703 - [core.frame.py] - WARNING - No face detected in frame: InMemoryFrame
2025-12-07 09:44:24,746 - [VideoProcessor] - INFO - Processed 220 frames...
2025-12-07 09:44:24,773 - [core.frame.py] - WARNING - No face detected in frame: InMemoryFrame
2025-12-07 09:44:24,773 - [VideoProcessor] - INFO - Processed 220 frames...
2025-12-07 09:44:24,799 - [core.frame.py] - WARNING - No face detected in frame: InMemoryFrame
2025-12-07 09:44:24,799 - [VideoProcessor] - INFO - Processed 220 frames...
2025-12-07 09:44:24,823 - [core.frame.py] - WARNING - No face detected in frame: InMemoryFrame
2025-12-07 09:44:24,824 - [VideoProcessor] - INFO - Processed 220 frames...
2025-12-07 09:44:24,884 - [core.frame.py] - WARNING - No face detected in frame: InMemoryFrame
2025-12-07 09:44:24,908 - [core.frame.py] - WARNING - No face detected in frame: InMemoryFrame
2025-12-07 09:44:24,936 - [core.frame.py] - WARNING - No face detected in frame: InMemoryFrame
2025-12-07 09:44:24,996 - [core.frame.py] - WARNING - No face detected in frame: InMemoryFrame
2025-12-07 09:44:25,022 - [core.frame.py] - WARNING - No face detected in frame: InMemoryFrame
2025-12-07 09:44:25,049 - [core.frame.py] - WARNING - No face detected in frame: InMemoryFrame
2025-12-07 09:44:25,402 - [VideoProcessor] - INFO - Processed 230 frames...
2025-12-07 09:44:25,655 - [VideoProcessor] - INFO - Finished MarkRutte_MatthijsNieuwkerk.mp4. Total detections: 235
2025-12-07 09:44:25,661 - [StatsService] - INFO - Generating statistical report...
2025-12-07 09:44:25,675 - [CSVStorage] - INFO - Statistics report saved to ./data/outputs\summary_report.csv
2025-12-07 09:44:25,675 - [StatsService] - INFO - Report generated for 1 videos.
2025-12-07 12:51:49,771 - [VideoProcessor] - INFO - Starting processing: MarkRutte_MariekeElsinga.mkv (FPS: 25.00) Step: every 100 frames)
2025-12-07 12:51:55,062 - [VideoProcessor] - INFO - Processed 10 frames...
2025-12-07 12:51:56,714 - [core.frame.py] - WARNING - No face detected in frame: InMemoryFrame
2025-12-07 12:51:56,840 - [VideoProcessor] - INFO - Finished MarkRutte_MariekeElsinga.mkv. Total detections: 13
2025-12-07 12:51:56,889 - [VideoProcessor] - INFO - Starting processing: MarkRutte_MatthijsNieuwkerk.mp4 (FPS: 25.00) Step: every 100 frames)
2025-12-07 12:51:56,930 - [core.frame.py] - WARNING - No face detected in frame: InMemoryFrame
2025-12-07 12:51:56,995 - [core.frame.py] - WARNING - No face detected in frame: InMemoryFrame
2025-12-07 12:51:57,055 - [core.frame.py] - WARNING - No face detected in frame: InMemoryFrame
2025-12-07 12:51:57,747 - [core.frame.py] - WARNING - No face detected in frame: InMemoryFrame
2025-12-07 12:51:57,820 - [VideoProcessor] - INFO - Processed 10 frames...
2025-12-07 12:51:58,467 - [VideoProcessor] - INFO - Processed 20 frames...
2025-12-07 12:51:58,510 - [core.frame.py] - WARNING - No face detected in frame: InMemoryFrame
2025-12-07 12:51:58,510 - [VideoProcessor] - INFO - Processed 20 frames...
2025-12-07 12:51:58,809 - [VideoProcessor] - INFO - Finished MarkRutte_MatthijsNieuwkerk.mp4. Total detections: 25
2025-12-07 12:58:01,340 - [VideoProcessor] - INFO - Starting processing: MarkRutte_MariekeElsinga.mkv (FPS: 25.00) Step: every 100 frames)
2025-12-07 12:58:05,272 - [VideoProcessor] - INFO - Processed 10 frames...
2025-12-07 12:58:06,900 - [core.frame.py] - WARNING - No face detected in frame: InMemoryFrame
2025-12-07 12:58:07,026 - [VideoProcessor] - INFO - Finished MarkRutte_MariekeElsinga.mkv. Total detections: 13
2025-12-07 12:58:07,068 - [VideoProcessor] - INFO - Starting processing: MarkRutte_MatthijsNieuwkerk.mp4 (FPS: 25.00) Step: every 100 frames)
2025-12-07 12:58:07,110 - [core.frame.py] - WARNING - No face detected in frame: InMemoryFrame
2025-12-07 12:58:07,162 - [core.frame.py] - WARNING - No face detected in frame: InMemoryFrame
2025-12-07 12:58:07,213 - [core.frame.py] - WARNING - No face detected in frame: InMemoryFrame
2025-12-07 12:58:07,788 - [core.frame.py] - WARNING - No face detected in frame: InMemoryFrame
2025-12-07 12:58:07,856 - [VideoProcessor] - INFO - Processed 10 frames...
2025-12-07 12:58:08,502 - [VideoProcessor] - INFO - Processed 20 frames...
2025-12-07 12:58:08,547 - [core.frame.py] - WARNING - No face detected in frame: InMemoryFrame
2025-12-07 12:58:08,547 - [VideoProcessor] - INFO - Processed 20 frames...
2025-12-07 12:58:08,848 - [VideoProcessor] - INFO - Finished MarkRutte_MatthijsNieuwkerk.mp4. Total detections: 25
2025-12-07 17:51:34,520 - [VideoProcessor] - INFO - Starting processing: MarkRutte_MariekeElsinga.mkv (FPS: 25.00) Step: every 25 frames)
2025-12-07 17:51:36,894 - [VideoProcessor] - INFO - Processed 10 frames...
2025-12-07 17:51:39,211 - [VideoProcessor] - INFO - Processed 20 frames...
2025-12-07 17:51:41,755 - [VideoProcessor] - INFO - Processed 30 frames...
2025-12-07 17:51:44,406 - [VideoProcessor] - INFO - Processed 40 frames...
2025-12-07 17:51:47,048 - [VideoProcessor] - INFO - Processed 50 frames...
2025-12-07 17:51:47,714 - [core.frame.py] - WARNING - No face detected in frame: InMemoryFrame
2025-12-07 17:51:47,931 - [core.frame.py] - WARNING - No face detected in frame: InMemoryFrame
2025-12-07 17:51:48,124 - [core.frame.py] - WARNING - No face detected in frame: InMemoryFrame
2025-12-07 17:51:48,139 - [VideoProcessor] - INFO - Finished MarkRutte_MariekeElsinga.mkv. Total detections: 52
2025-12-07 17:51:48,181 - [VideoProcessor] - INFO - Starting processing: MarkRutte_MatthijsNieuwkerk.mp4 (FPS: 25.00) Step: every 25 frames)
2025-12-07 17:51:48,228 - [core.frame.py] - WARNING - No face detected in frame: InMemoryFrame
2025-12-07 17:51:48,366 - [core.frame.py] - WARNING - No face detected in frame: InMemoryFrame
2025-12-07 17:51:48,404 - [core.frame.py] - WARNING - No face detected in frame: InMemoryFrame
2025-12-07 17:51:48,574 - [core.frame.py] - WARNING - No face detected in frame: InMemoryFrame
2025-12-07 17:51:48,611 - [core.frame.py] - WARNING - No face detected in frame: InMemoryFrame
2025-12-07 17:51:48,645 - [core.frame.py] - WARNING - No face detected in frame: InMemoryFrame
2025-12-07 17:51:48,902 - [VideoProcessor] - INFO - Processed 10 frames...
2025-12-07 17:51:49,411 - [VideoProcessor] - INFO - Processed 20 frames...
2025-12-07 17:51:49,609 - [core.frame.py] - WARNING - No face detected in frame: InMemoryFrame
2025-12-07 17:51:49,638 - [core.frame.py] - WARNING - No face detected in frame: InMemoryFrame
2025-12-07 17:51:49,714 - [core.frame.py] - WARNING - No face detected in frame: InMemoryFrame
2025-12-07 17:51:49,746 - [core.frame.py] - WARNING - No face detected in frame: InMemoryFrame
2025-12-07 17:51:49,781 - [core.frame.py] - WARNING - No face detected in frame: InMemoryFrame
2025-12-07 17:51:49,854 - [core.frame.py] - WARNING - No face detected in frame: InMemoryFrame
2025-12-07 17:51:50,028 - [VideoProcessor] - INFO - Processed 30 frames...
2025-12-07 17:51:50,265 - [core.frame.py] - WARNING - No face detected in frame: InMemoryFrame
2025-12-07 17:51:50,301 - [core.frame.py] - WARNING - No face detected in frame: InMemoryFrame
2025-12-07 17:51:50,337 - [core.frame.py] - WARNING - No face detected in frame: InMemoryFrame
2025-12-07 17:51:50,374 - [core.frame.py] - WARNING - No face detected in frame: InMemoryFrame
2025-12-07 17:51:50,542 - [core.frame.py] - WARNING - No face detected in frame: InMemoryFrame
2025-12-07 17:51:50,645 - [VideoProcessor] - INFO - Processed 40 frames...
2025-12-07 17:51:51,130 - [VideoProcessor] - INFO - Processed 50 frames...
2025-12-07 17:51:51,728 - [VideoProcessor] - INFO - Processed 60 frames...
2025-12-07 17:51:52,029 - [core.frame.py] - WARNING - No face detected in frame: InMemoryFrame
2025-12-07 17:51:52,200 - [VideoProcessor] - INFO - Processed 70 frames...
2025-12-07 17:51:52,596 - [core.frame.py] - WARNING - No face detected in frame: InMemoryFrame
2025-12-07 17:51:52,623 - [core.frame.py] - WARNING - No face detected in frame: InMemoryFrame
2025-12-07 17:51:52,746 - [VideoProcessor] - INFO - Processed 80 frames...
2025-12-07 17:51:53,054 - [core.frame.py] - WARNING - No face detected in frame: InMemoryFrame
2025-12-07 17:51:53,082 - [core.frame.py] - WARNING - No face detected in frame: InMemoryFrame
2025-12-07 17:51:53,148 - [core.frame.py] - WARNING - No face detected in frame: InMemoryFrame
2025-12-07 17:51:53,173 - [core.frame.py] - WARNING - No face detected in frame: InMemoryFrame
2025-12-07 17:51:53,313 - [VideoProcessor] - INFO - Processed 90 frames...
2025-12-07 17:51:53,486 - [VideoProcessor] - INFO - Finished MarkRutte_MatthijsNieuwkerk.mp4. Total detections: 93
2025-12-07 19:32:00,454 - [VideoProcessor] - INFO - Starting processing: MarkRutte_MariekeElsinga.mkv (FPS: 25.00) Step: every 25 frames)
2025-12-07 19:32:03,804 - [VideoProcessor] - INFO - Processed 10 frames...
2025-12-07 19:32:06,144 - [VideoProcessor] - INFO - Processed 20 frames...
2025-12-07 19:32:08,751 - [VideoProcessor] - INFO - Processed 30 frames...
2025-12-07 19:32:11,335 - [VideoProcessor] - INFO - Processed 40 frames...
2025-12-07 19:32:13,827 - [VideoProcessor] - INFO - Processed 50 frames...
2025-12-07 19:32:14,423 - [core.frame.py] - WARNING - No face detected in frame: InMemoryFrame
2025-12-07 19:32:14,627 - [core.frame.py] - WARNING - No face detected in frame: InMemoryFrame
2025-12-07 19:32:14,815 - [core.frame.py] - WARNING - No face detected in frame: InMemoryFrame
2025-12-07 19:32:14,829 - [VideoProcessor] - INFO - Finished MarkRutte_MariekeElsinga.mkv. Total detections: 52
2025-12-07 19:32:14,869 - [VideoProcessor] - INFO - Starting processing: MarkRutte_MatthijsNieuwkerk.mp4 (FPS: 25.00) Step: every 25 frames)
2025-12-07 19:32:14,912 - [core.frame.py] - WARNING - No face detected in frame: InMemoryFrame
2025-12-07 19:32:15,033 - [core.frame.py] - WARNING - No face detected in frame: InMemoryFrame
2025-12-07 19:32:15,066 - [core.frame.py] - WARNING - No face detected in frame: InMemoryFrame
2025-12-07 19:32:15,222 - [core.frame.py] - WARNING - No face detected in frame: InMemoryFrame
2025-12-07 19:32:15,255 - [core.frame.py] - WARNING - No face detected in frame: InMemoryFrame
2025-12-07 19:32:15,290 - [core.frame.py] - WARNING - No face detected in frame: InMemoryFrame
2025-12-07 19:32:15,520 - [VideoProcessor] - INFO - Processed 10 frames...
2025-12-07 19:32:15,969 - [VideoProcessor] - INFO - Processed 20 frames...
2025-12-07 19:32:16,139 - [core.frame.py] - WARNING - No face detected in frame: InMemoryFrame
2025-12-07 19:32:16,167 - [core.frame.py] - WARNING - No face detected in frame: InMemoryFrame
2025-12-07 19:32:16,231 - [core.frame.py] - WARNING - No face detected in frame: InMemoryFrame
2025-12-07 19:32:16,264 - [core.frame.py] - WARNING - No face detected in frame: InMemoryFrame
2025-12-07 19:32:16,295 - [core.frame.py] - WARNING - No face detected in frame: InMemoryFrame
2025-12-07 19:32:16,362 - [core.frame.py] - WARNING - No face detected in frame: InMemoryFrame
2025-12-07 19:32:16,527 - [VideoProcessor] - INFO - Processed 30 frames...
2025-12-07 19:32:16,752 - [core.frame.py] - WARNING - No face detected in frame: InMemoryFrame
2025-12-07 19:32:16,787 - [core.frame.py] - WARNING - No face detected in frame: InMemoryFrame
2025-12-07 19:32:16,821 - [core.frame.py] - WARNING - No face detected in frame: InMemoryFrame
2025-12-07 19:32:16,851 - [core.frame.py] - WARNING - No face detected in frame: InMemoryFrame
2025-12-07 19:32:17,003 - [core.frame.py] - WARNING - No face detected in frame: InMemoryFrame
2025-12-07 19:32:17,092 - [VideoProcessor] - INFO - Processed 40 frames...
2025-12-07 19:32:17,534 - [VideoProcessor] - INFO - Processed 50 frames...
2025-12-07 19:32:18,047 - [VideoProcessor] - INFO - Processed 60 frames...
2025-12-07 19:32:18,330 - [core.frame.py] - WARNING - No face detected in frame: InMemoryFrame
2025-12-07 19:32:18,493 - [VideoProcessor] - INFO - Processed 70 frames...
2025-12-07 19:32:18,854 - [core.frame.py] - WARNING - No face detected in frame: InMemoryFrame
2025-12-07 19:32:18,884 - [core.frame.py] - WARNING - No face detected in frame: InMemoryFrame
2025-12-07 19:32:18,998 - [VideoProcessor] - INFO - Processed 80 frames...
2025-12-07 19:32:19,263 - [core.frame.py] - WARNING - No face detected in frame: InMemoryFrame
2025-12-07 19:32:19,287 - [core.frame.py] - WARNING - No face detected in frame: InMemoryFrame
2025-12-07 19:32:19,349 - [core.frame.py] - WARNING - No face detected in frame: InMemoryFrame
2025-12-07 19:32:19,373 - [core.frame.py] - WARNING - No face detected in frame: InMemoryFrame
2025-12-07 19:32:19,492 - [VideoProcessor] - INFO - Processed 90 frames...
2025-12-07 19:32:19,637 - [VideoProcessor] - INFO - Finished MarkRutte_MatthijsNieuwkerk.mp4. Total detections: 93
2025-12-07 19:48:56,554 - [VideoProcessor] - INFO - Starting processing: MarkRutte_MariekeElsinga.mkv (FPS: 25.00) Step: every 100 frames)
2025-12-07 19:49:01,640 - [VideoProcessor] - INFO - Processed 10 frames...
2025-12-07 19:49:03,245 - [core.frame.py] - WARNING - No face detected in frame: InMemoryFrame
2025-12-07 19:49:03,373 - [VideoProcessor] - INFO - Finished MarkRutte_MariekeElsinga.mkv. Total detections: 13
2025-12-07 19:49:03,404 - [VideoProcessor] - INFO - Starting processing: MarkRutte_MatthijsNieuwkerk.mp4 (FPS: 25.00) Step: every 100 frames)
2025-12-07 19:49:03,446 - [core.frame.py] - WARNING - No face detected in frame: InMemoryFrame
2025-12-07 19:49:03,499 - [core.frame.py] - WARNING - No face detected in frame: InMemoryFrame
2025-12-07 19:49:03,551 - [core.frame.py] - WARNING - No face detected in frame: InMemoryFrame
2025-12-07 19:49:04,198 - [core.frame.py] - WARNING - No face detected in frame: InMemoryFrame
2025-12-07 19:49:04,262 - [VideoProcessor] - INFO - Processed 10 frames...
2025-12-07 19:49:04,961 - [VideoProcessor] - INFO - Processed 20 frames...
2025-12-07 19:49:05,006 - [core.frame.py] - WARNING - No face detected in frame: InMemoryFrame
2025-12-07 19:49:05,007 - [VideoProcessor] - INFO - Processed 20 frames...
2025-12-07 19:49:05,327 - [VideoProcessor] - INFO - Finished MarkRutte_MatthijsNieuwkerk.mp4. Total detections: 25
2025-12-07 21:32:48,660 - [core.analyzer.py] - INFO - Starting analysis on ./data/inputs
2025-12-07 21:32:48,683 - [core.analyzer.py] - INFO - Analyzing videos in directory: ./data/inputs
2025-12-07 21:32:48,707 - [core.analyzer.py] - INFO - Getting video from folder ./data/inputs
2025-12-07 21:32:48,734 - [core.analyzer.py] - INFO - Found 2 videos in ./data/inputs
2025-12-07 21:32:48,761 - [core.analyzer.py] - INFO - Analyzing video: ./data/inputs\MarkRutte_MariekeElsinga.mkv
2025-12-07 21:32:48,987 - [VideoProcessor] - ERROR - Could not open source: MarkRutte_MariekeElsinga.mkv
2025-12-07 21:32:49,049 - [core.analyzer.py] - INFO - Analyzing video: ./data/inputs\MarkRutte_MatthijsNieuwkerk.mp4
2025-12-07 21:32:49,115 - [VideoProcessor] - INFO - Starting processing: MarkRutte_MatthijsNieuwkerk.mp4 (FPS: 25.00) Step: every 10 frames)
2025-12-07 21:32:49,374 - [core.frame.py] - WARNING - No face detected in frame: InMemoryFrame
2025-12-07 21:32:50,377 - [core.frame.py] - WARNING - No face detected in frame: InMemoryFrame
2025-12-07 21:32:50,480 - [core.frame.py] - WARNING - No face detected in frame: InMemoryFrame
2025-12-07 21:32:50,583 - [core.frame.py] - WARNING - No face detected in frame: InMemoryFrame
2025-12-07 21:32:50,669 - [core.frame.py] - WARNING - No face detected in frame: InMemoryFrame
2025-12-07 21:32:50,856 - [VideoProcessor] - INFO - Processed 10 frames...
2025-12-07 21:32:51,101 - [core.frame.py] - WARNING - No face detected in frame: InMemoryFrame
2025-12-07 21:32:51,177 - [core.frame.py] - WARNING - No face detected in frame: InMemoryFrame
2025-12-07 21:32:51,249 - [core.frame.py] - WARNING - No face detected in frame: InMemoryFrame
2025-12-07 21:32:51,311 - [core.frame.py] - WARNING - No face detected in frame: InMemoryFrame
2025-12-07 21:32:51,380 - [core.frame.py] - WARNING - No face detected in frame: InMemoryFrame
2025-12-07 21:32:51,448 - [core.frame.py] - WARNING - No face detected in frame: InMemoryFrame
2025-12-07 21:32:51,507 - [core.frame.py] - WARNING - No face detected in frame: InMemoryFrame
2025-12-07 21:32:51,545 - [core.frame.py] - WARNING - No face detected in frame: InMemoryFrame
2025-12-07 21:32:51,581 - [core.frame.py] - WARNING - No face detected in frame: InMemoryFrame
2025-12-07 21:32:51,621 - [core.frame.py] - WARNING - No face detected in frame: InMemoryFrame
2025-12-07 21:32:51,918 - [VideoProcessor] - INFO - Processed 20 frames...
2025-12-07 21:32:52,593 - [VideoProcessor] - INFO - Processed 30 frames...
2025-12-07 21:32:53,115 - [VideoProcessor] - INFO - Processed 40 frames...
2025-12-07 21:32:53,647 - [VideoProcessor] - INFO - Processed 50 frames...
2025-12-07 21:32:54,150 - [VideoProcessor] - INFO - Processed 60 frames...
2025-12-07 21:32:54,239 - [core.frame.py] - WARNING - No face detected in frame: InMemoryFrame
2025-12-07 21:32:54,309 - [VideoProcessor] - INFO - Processed 60 frames...
2025-12-07 21:32:54,413 - [core.frame.py] - WARNING - No face detected in frame: InMemoryFrame
2025-12-07 21:32:54,482 - [VideoProcessor] - INFO - Processed 60 frames...
2025-12-07 21:32:54,588 - [core.frame.py] - WARNING - No face detected in frame: InMemoryFrame
2025-12-07 21:32:54,653 - [VideoProcessor] - INFO - Processed 60 frames...
2025-12-07 21:32:54,754 - [core.frame.py] - WARNING - No face detected in frame: InMemoryFrame
2025-12-07 21:32:54,821 - [VideoProcessor] - INFO - Processed 60 frames...
2025-12-07 21:32:54,917 - [core.frame.py] - WARNING - No face detected in frame: InMemoryFrame
2025-12-07 21:32:54,987 - [VideoProcessor] - INFO - Processed 60 frames...
2025-12-07 21:32:55,133 - [core.frame.py] - WARNING - No face detected in frame: InMemoryFrame
2025-12-07 21:32:55,210 - [core.frame.py] - WARNING - No face detected in frame: InMemoryFrame
2025-12-07 21:32:55,282 - [core.frame.py] - WARNING - No face detected in frame: InMemoryFrame
2025-12-07 21:32:55,354 - [core.frame.py] - WARNING - No face detected in frame: InMemoryFrame
2025-12-07 21:32:55,424 - [core.frame.py] - WARNING - No face detected in frame: InMemoryFrame
2025-12-07 21:32:55,485 - [core.frame.py] - WARNING - No face detected in frame: InMemoryFrame
2025-12-07 21:32:55,539 - [core.frame.py] - WARNING - No face detected in frame: InMemoryFrame
2025-12-07 21:32:55,574 - [core.frame.py] - WARNING - No face detected in frame: InMemoryFrame
2025-12-07 21:32:55,822 - [core.frame.py] - WARNING - No face detected in frame: InMemoryFrame
2025-12-07 21:32:55,927 - [core.frame.py] - WARNING - No face detected in frame: InMemoryFrame
2025-12-07 21:32:56,023 - [VideoProcessor] - INFO - Processed 70 frames...
2025-12-07 21:32:56,435 - [VideoProcessor] - INFO - Processed 80 frames...
2025-12-07 21:32:56,839 - [core.frame.py] - WARNING - No face detected in frame: InMemoryFrame
2025-12-07 21:32:56,942 - [core.frame.py] - WARNING - No face detected in frame: InMemoryFrame
2025-12-07 21:32:57,003 - [core.frame.py] - WARNING - No face detected in frame: InMemoryFrame
2025-12-07 21:32:57,069 - [core.frame.py] - WARNING - No face detected in frame: InMemoryFrame
2025-12-07 21:32:57,140 - [core.frame.py] - WARNING - No face detected in frame: InMemoryFrame
2025-12-07 21:32:57,213 - [core.frame.py] - WARNING - No face detected in frame: InMemoryFrame
2025-12-07 21:32:57,269 - [core.frame.py] - WARNING - No face detected in frame: InMemoryFrame
2025-12-07 21:32:57,321 - [core.frame.py] - WARNING - No face detected in frame: InMemoryFrame
2025-12-07 21:32:57,372 - [core.frame.py] - WARNING - No face detected in frame: InMemoryFrame
2025-12-07 21:32:57,420 - [VideoProcessor] - INFO - Processed 90 frames...
2025-12-07 21:32:57,719 - [core.frame.py] - WARNING - No face detected in frame: InMemoryFrame
2025-12-07 21:32:57,773 - [core.frame.py] - WARNING - No face detected in frame: InMemoryFrame
2025-12-07 21:32:57,968 - [VideoProcessor] - INFO - Processed 100 frames...
2025-12-07 21:32:58,493 - [VideoProcessor] - INFO - Processed 110 frames...
2025-12-07 21:32:58,975 - [VideoProcessor] - INFO - Processed 120 frames...
2025-12-07 21:32:59,516 - [VideoProcessor] - INFO - Processed 130 frames...
2025-12-07 21:33:00,160 - [VideoProcessor] - INFO - Processed 140 frames...
2025-12-07 21:33:00,734 - [VideoProcessor] - INFO - Processed 150 frames...
2025-12-07 21:33:01,201 - [VideoProcessor] - INFO - Processed 160 frames...
2025-12-07 21:33:01,604 - [core.frame.py] - WARNING - No face detected in frame: InMemoryFrame
2025-12-07 21:33:01,731 - [VideoProcessor] - INFO - Processed 170 frames...
2025-12-07 21:33:02,192 - [VideoProcessor] - INFO - Processed 180 frames...
2025-12-07 21:33:02,706 - [VideoProcessor] - INFO - Processed 190 frames...
2025-12-07 21:33:03,076 - [core.frame.py] - WARNING - No face detected in frame: InMemoryFrame
2025-12-07 21:33:03,187 - [core.frame.py] - WARNING - No face detected in frame: InMemoryFrame
2025-12-07 21:33:03,335 - [core.frame.py] - WARNING - No face detected in frame: InMemoryFrame
2025-12-07 21:33:03,397 - [core.frame.py] - WARNING - No face detected in frame: InMemoryFrame
2025-12-07 21:33:03,468 - [VideoProcessor] - INFO - Processed 200 frames...
2025-12-07 21:33:03,916 - [VideoProcessor] - INFO - Processed 210 frames...
2025-12-07 21:33:04,342 - [core.frame.py] - WARNING - No face detected in frame: InMemoryFrame
2025-12-07 21:33:04,417 - [VideoProcessor] - INFO - Processed 220 frames...
2025-12-07 21:33:04,478 - [core.frame.py] - WARNING - No face detected in frame: InMemoryFrame
2025-12-07 21:33:04,516 - [VideoProcessor] - INFO - Processed 220 frames...
2025-12-07 21:33:04,586 - [core.frame.py] - WARNING - No face detected in frame: InMemoryFrame
2025-12-07 21:33:04,637 - [VideoProcessor] - INFO - Processed 220 frames...
2025-12-07 21:33:04,711 - [core.frame.py] - WARNING - No face detected in frame: InMemoryFrame
2025-12-07 21:33:04,761 - [VideoProcessor] - INFO - Processed 220 frames...
2025-12-07 21:33:04,867 - [core.frame.py] - WARNING - No face detected in frame: InMemoryFrame
2025-12-07 21:33:04,938 - [core.frame.py] - WARNING - No face detected in frame: InMemoryFrame
2025-12-07 21:33:05,002 - [core.frame.py] - WARNING - No face detected in frame: InMemoryFrame
2025-12-07 21:33:05,102 - [core.frame.py] - WARNING - No face detected in frame: InMemoryFrame
2025-12-07 21:33:05,164 - [core.frame.py] - WARNING - No face detected in frame: InMemoryFrame
2025-12-07 21:33:05,223 - [core.frame.py] - WARNING - No face detected in frame: InMemoryFrame
2025-12-07 21:33:05,602 - [VideoProcessor] - INFO - Processed 230 frames...
2025-12-07 21:33:05,887 - [VideoProcessor] - INFO - Finished MarkRutte_MatthijsNieuwkerk.mp4. Total detections: 235
2025-12-07 21:33:05,932 - [StatsService] - INFO - Generating statistical report...
2025-12-07 21:33:05,980 - [CSVStorage] - INFO - Statistics report saved to ./data/outputs\summary_report.csv
2025-12-07 21:33:06,015 - [StatsService] - INFO - Report generated for 1 videos.
2025-12-07 21:36:50,380 - [core.analyzer.py] - INFO - Starting analysis on ./data/inputs
2025-12-07 21:36:50,448 - [core.analyzer.py] - INFO - Analyzing videos in directory: ./data/inputs
2025-12-07 21:36:50,519 - [core.analyzer.py] - INFO - Getting video from folder ./data/inputs
2025-12-07 21:36:50,594 - [core.analyzer.py] - INFO - Found 2 videos in ./data/inputs
2025-12-07 21:36:50,656 - [core.analyzer.py] - INFO - Analyzing video: ./data/inputs\MarkRutte_MariekeElsinga.mkv
2025-12-07 21:36:50,813 - [VideoProcessor] - ERROR - Could not open source: MarkRutte_MariekeElsinga.mkv
2025-12-07 21:36:50,878 - [core.analyzer.py] - INFO - Analyzing video: ./data/inputs\MarkRutte_MatthijsNieuwkerk.mp4
2025-12-07 21:36:50,948 - [VideoProcessor] - INFO - Starting processing: MarkRutte_MatthijsNieuwkerk.mp4 (FPS: 25.00) Step: every 60 frames)
2025-12-07 21:36:51,062 - [core.frame.py] - WARNING - No face detected in frame: InMemoryFrame
2025-12-07 21:36:51,354 - [core.frame.py] - WARNING - No face detected in frame: InMemoryFrame
2025-12-07 21:36:51,853 - [VideoProcessor] - INFO - Processed 10 frames...
2025-12-07 21:36:52,007 - [core.frame.py] - WARNING - No face detected in frame: InMemoryFrame
2025-12-07 21:36:52,108 - [core.frame.py] - WARNING - No face detected in frame: InMemoryFrame
2025-12-07 21:36:52,476 - [core.frame.py] - WARNING - No face detected in frame: InMemoryFrame
2025-12-07 21:36:52,527 - [core.frame.py] - WARNING - No face detected in frame: InMemoryFrame
2025-12-07 21:36:52,760 - [VideoProcessor] - INFO - Processed 20 frames...
2025-12-07 21:36:53,454 - [VideoProcessor] - INFO - Processed 30 frames...
2025-12-07 21:36:53,840 - [core.frame.py] - WARNING - No face detected in frame: InMemoryFrame
2025-12-07 21:36:54,221 - [core.frame.py] - WARNING - No face detected in frame: InMemoryFrame
2025-12-07 21:36:54,344 - [VideoProcessor] - INFO - Processed 40 frames...
2025-12-07 21:36:54,488 - [VideoProcessor] - INFO - Finished MarkRutte_MatthijsNieuwkerk.mp4. Total detections: 41
2025-12-07 21:36:54,578 - [StatsService] - INFO - Generating statistical report...
2025-12-07 21:36:54,678 - [CSVStorage] - INFO - Statistics report saved to ./data/outputs\summary_report.csv
2025-12-07 21:36:54,753 - [StatsService] - INFO - Report generated for 1 videos.
2025-12-07 21:37:27,976 - [core.analyzer.py] - INFO - Starting analysis on ./data/inputs
2025-12-07 21:37:28,051 - [core.analyzer.py] - INFO - Analyzing videos in directory: ./data/inputs
2025-12-07 21:37:28,127 - [core.analyzer.py] - INFO - Getting video from folder ./data/inputs
2025-12-07 21:37:28,191 - [core.analyzer.py] - INFO - Found 2 videos in ./data/inputs
2025-12-07 21:37:28,251 - [core.analyzer.py] - INFO - Analyzing video: ./data/inputs\MarkRutte_MariekeElsinga.mkv
2025-12-07 21:37:28,403 - [VideoProcessor] - ERROR - Could not open source: MarkRutte_MariekeElsinga.mkv
2025-12-07 21:37:28,462 - [core.analyzer.py] - INFO - Analyzing video: ./data/inputs\MarkRutte_MatthijsNieuwkerk.mp4
2025-12-07 21:37:28,528 - [VideoProcessor] - INFO - Starting processing: MarkRutte_MatthijsNieuwkerk.mp4 (FPS: 25.00) Step: every 60 frames)
2025-12-07 21:37:28,637 - [core.frame.py] - WARNING - No face detected in frame: InMemoryFrame
2025-12-07 21:37:28,913 - [core.frame.py] - WARNING - No face detected in frame: InMemoryFrame
2025-12-07 21:37:29,381 - [VideoProcessor] - INFO - Processed 10 frames...
2025-12-07 21:37:29,519 - [core.frame.py] - WARNING - No face detected in frame: InMemoryFrame
2025-12-07 21:37:29,619 - [core.frame.py] - WARNING - No face detected in frame: InMemoryFrame
2025-12-07 21:37:29,960 - [core.frame.py] - WARNING - No face detected in frame: InMemoryFrame
2025-12-07 21:37:30,006 - [core.frame.py] - WARNING - No face detected in frame: InMemoryFrame
2025-12-07 21:37:30,283 - [VideoProcessor] - INFO - Processed 20 frames...
2025-12-07 21:37:30,938 - [VideoProcessor] - INFO - Processed 30 frames...
2025-12-07 21:37:31,281 - [core.frame.py] - WARNING - No face detected in frame: InMemoryFrame
2025-12-07 21:37:31,641 - [core.frame.py] - WARNING - No face detected in frame: InMemoryFrame
2025-12-07 21:37:31,749 - [VideoProcessor] - INFO - Processed 40 frames...
2025-12-07 21:37:31,863 - [VideoProcessor] - INFO - Finished MarkRutte_MatthijsNieuwkerk.mp4. Total detections: 41
2025-12-07 21:37:31,928 - [StatsService] - INFO - Generating statistical report...
2025-12-07 21:37:32,007 - [CSVStorage] - INFO - Statistics report saved to ./data/outputs\summary_report.csv
2025-12-07 21:37:32,073 - [StatsService] - INFO - Report generated for 1 videos.
2025-12-08 09:49:08,017 - [core.analyzer.py] - INFO - Starting analysis on ./data/inputs
2025-12-08 09:49:08,089 - [core.analyzer.py] - INFO - Analyzing videos in directory: ./data/inputs
2025-12-08 09:49:08,168 - [core.analyzer.py] - INFO - Getting video from folder ./data/inputs
2025-12-08 09:49:08,239 - [core.analyzer.py] - INFO - Found 2 videos in ./data/inputs
2025-12-08 09:49:08,299 - [core.analyzer.py] - INFO - Analyzing video: ./data/inputs\MarkRutte_MariekeElsinga.mkv
2025-12-08 09:49:08,475 - [VideoProcessor] - ERROR - Could not open source: MarkRutte_MariekeElsinga.mkv
2025-12-08 09:49:08,536 - [core.analyzer.py] - INFO - Analyzing video: ./data/inputs\MarkRutte_MatthijsNieuwkerk.mp4
2025-12-08 09:49:08,607 - [VideoProcessor] - INFO - Starting processing: MarkRutte_MatthijsNieuwkerk.mp4 (FPS: 25.00) Step: every 60 frames)
2025-12-08 09:49:08,714 - [core.frame.py] - WARNING - No face detected in frame: InMemoryFrame
2025-12-08 09:49:09,040 - [core.frame.py] - WARNING - No face detected in frame: InMemoryFrame
2025-12-08 09:49:09,508 - [VideoProcessor] - INFO - Processed 10 frames...
2025-12-08 09:49:09,654 - [core.frame.py] - WARNING - No face detected in frame: InMemoryFrame
2025-12-08 09:49:09,760 - [core.frame.py] - WARNING - No face detected in frame: InMemoryFrame
2025-12-08 09:49:10,126 - [core.frame.py] - WARNING - No face detected in frame: InMemoryFrame
2025-12-08 09:49:10,226 - [core.frame.py] - WARNING - No face detected in frame: InMemoryFrame
2025-12-08 09:49:10,490 - [VideoProcessor] - INFO - Processed 20 frames...
2025-12-08 09:49:11,147 - [VideoProcessor] - INFO - Processed 30 frames...
2025-12-08 09:49:11,480 - [core.frame.py] - WARNING - No face detected in frame: InMemoryFrame
2025-12-08 09:49:11,835 - [core.frame.py] - WARNING - No face detected in frame: InMemoryFrame
2025-12-08 09:49:11,958 - [VideoProcessor] - INFO - Processed 40 frames...
2025-12-08 09:49:12,069 - [VideoProcessor] - INFO - Finished MarkRutte_MatthijsNieuwkerk.mp4. Total detections: 41
2025-12-08 09:49:12,135 - [StatsService] - INFO - Generating statistical report...
2025-12-08 09:49:12,221 - [CSVStorage] - INFO - Statistics report saved to ./data/outputs\summary_report.csv
2025-12-08 09:49:12,287 - [StatsService] - INFO - Report generated for 1 videos.
2025-12-08 16:12:28,193 - [core.analyzer.py] - INFO - Starting analysis on ./data/inputs
2025-12-08 16:12:28,244 - [core.analyzer.py] - INFO - Analyzing videos in directory: ./data/inputs
2025-12-08 16:12:28,304 - [core.analyzer.py] - INFO - Getting video from folder ./data/inputs
2025-12-08 16:12:28,376 - [core.analyzer.py] - INFO - Found 2 videos in ./data/inputs
2025-12-08 16:12:28,448 - [core.analyzer.py] - INFO - Analyzing video: ./data/inputs\MarkRutte_MariekeElsinga.mkv
2025-12-08 16:12:28,645 - [VideoProcessor] - ERROR - Could not open source: MarkRutte_MariekeElsinga.mkv
2025-12-08 16:12:28,716 - [core.analyzer.py] - INFO - Analyzing video: ./data/inputs\MarkRutte_MatthijsNieuwkerk.mp4
2025-12-08 16:12:28,802 - [VideoProcessor] - INFO - Starting processing: MarkRutte_MatthijsNieuwkerk.mp4 (FPS: 25.00) Step: every 30 frames)
2025-12-08 16:12:28,961 - [core.frame.py] - WARNING - No face detected in frame: InMemoryFrame
2025-12-08 16:12:29,272 - [core.frame.py] - WARNING - No face detected in frame: InMemoryFrame
2025-12-08 16:12:29,518 - [core.frame.py] - WARNING - No face detected in frame: InMemoryFrame
2025-12-08 16:12:29,610 - [core.frame.py] - WARNING - No face detected in frame: InMemoryFrame
2025-12-08 16:12:29,652 - [core.frame.py] - WARNING - No face detected in frame: InMemoryFrame
2025-12-08 16:12:29,993 - [VideoProcessor] - INFO - Processed 10 frames...
2025-12-08 16:12:30,520 - [VideoProcessor] - INFO - Processed 20 frames...
2025-12-08 16:12:30,617 - [core.frame.py] - WARNING - No face detected in frame: InMemoryFrame
2025-12-08 16:12:30,686 - [VideoProcessor] - INFO - Processed 20 frames...
2025-12-08 16:12:30,790 - [core.frame.py] - WARNING - No face detected in frame: InMemoryFrame
2025-12-08 16:12:30,863 - [VideoProcessor] - INFO - Processed 20 frames...
2025-12-08 16:12:30,958 - [core.frame.py] - WARNING - No face detected in frame: InMemoryFrame
2025-12-08 16:12:31,023 - [VideoProcessor] - INFO - Processed 20 frames...
2025-12-08 16:12:31,133 - [core.frame.py] - WARNING - No face detected in frame: InMemoryFrame
2025-12-08 16:12:31,207 - [VideoProcessor] - INFO - Processed 20 frames...
2025-12-08 16:12:31,330 - [core.frame.py] - WARNING - No face detected in frame: InMemoryFrame
2025-12-08 16:12:31,397 - [VideoProcessor] - INFO - Processed 20 frames...
2025-12-08 16:12:31,948 - [VideoProcessor] - INFO - Processed 30 frames...
2025-12-08 16:12:32,057 - [core.frame.py] - WARNING - No face detected in frame: InMemoryFrame
2025-12-08 16:12:32,120 - [VideoProcessor] - INFO - Processed 30 frames...
2025-12-08 16:12:32,224 - [core.frame.py] - WARNING - No face detected in frame: InMemoryFrame
2025-12-08 16:12:32,285 - [VideoProcessor] - INFO - Processed 30 frames...
2025-12-08 16:12:32,386 - [core.frame.py] - WARNING - No face detected in frame: InMemoryFrame
2025-12-08 16:12:32,444 - [VideoProcessor] - INFO - Processed 30 frames...
2025-12-08 16:12:32,639 - [core.frame.py] - WARNING - No face detected in frame: InMemoryFrame
2025-12-08 16:12:33,166 - [VideoProcessor] - INFO - Processed 40 frames...
2025-12-08 16:12:33,842 - [VideoProcessor] - INFO - Processed 50 frames...
2025-12-08 16:12:34,405 - [VideoProcessor] - INFO - Processed 60 frames...
2025-12-08 16:12:34,845 - [core.frame.py] - WARNING - No face detected in frame: InMemoryFrame
2025-12-08 16:12:34,944 - [core.frame.py] - WARNING - No face detected in frame: InMemoryFrame
2025-12-08 16:12:35,203 - [VideoProcessor] - INFO - Processed 70 frames...
2025-12-08 16:12:35,433 - [core.frame.py] - WARNING - No face detected in frame: InMemoryFrame
2025-12-08 16:12:35,559 - [core.frame.py] - WARNING - No face detected in frame: InMemoryFrame
2025-12-08 16:12:35,640 - [core.frame.py] - WARNING - No face detected in frame: InMemoryFrame
2025-12-08 16:12:35,855 - [VideoProcessor] - INFO - Finished MarkRutte_MatthijsNieuwkerk.mp4. Total detections: 78
2025-12-08 16:12:35,925 - [StatsService] - INFO - Generating statistical report...
2025-12-08 16:12:35,994 - [CSVStorage] - INFO - Statistics report saved to ./data/outputs\summary_report.csv
2025-12-08 16:12:36,058 - [StatsService] - INFO - Report generated for 1 videos.
2025-12-08 17:21:31,881 - [VideoProcessor] - INFO - Starting processing: MarkRutte_MariekeElsinga.mkv (FPS: 25.00) Step: every 25 frames)
2025-12-08 17:21:35,163 - [VideoProcessor] - INFO - Processed 10 frames...
2025-12-08 17:21:37,585 - [VideoProcessor] - INFO - Processed 20 frames...
2025-12-08 17:21:40,092 - [VideoProcessor] - INFO - Processed 30 frames...
2025-12-08 17:21:42,622 - [VideoProcessor] - INFO - Processed 40 frames...
2025-12-08 17:21:45,105 - [VideoProcessor] - INFO - Processed 50 frames...
2025-12-08 17:21:45,757 - [core.frame.py] - WARNING - No face detected in frame: InMemoryFrame
2025-12-08 17:21:45,937 - [core.frame.py] - WARNING - No face detected in frame: InMemoryFrame
2025-12-08 17:21:46,129 - [core.frame.py] - WARNING - No face detected in frame: InMemoryFrame
2025-12-08 17:21:46,143 - [VideoProcessor] - INFO - Finished MarkRutte_MariekeElsinga.mkv. Total detections: 52
2025-12-08 17:21:46,175 - [VideoProcessor] - INFO - Starting processing: MarkRutte_MatthijsNieuwkerk.mp4 (FPS: 25.00) Step: every 25 frames)
2025-12-08 17:21:46,212 - [core.frame.py] - WARNING - No face detected in frame: InMemoryFrame
2025-12-08 17:21:46,332 - [core.frame.py] - WARNING - No face detected in frame: InMemoryFrame
2025-12-08 17:21:46,363 - [core.frame.py] - WARNING - No face detected in frame: InMemoryFrame
2025-12-08 17:21:46,518 - [core.frame.py] - WARNING - No face detected in frame: InMemoryFrame
2025-12-08 17:21:46,551 - [core.frame.py] - WARNING - No face detected in frame: InMemoryFrame
2025-12-08 17:21:46,589 - [core.frame.py] - WARNING - No face detected in frame: InMemoryFrame
2025-12-08 17:21:46,817 - [VideoProcessor] - INFO - Processed 10 frames...
2025-12-08 17:21:47,274 - [VideoProcessor] - INFO - Processed 20 frames...
2025-12-08 17:21:47,446 - [core.frame.py] - WARNING - No face detected in frame: InMemoryFrame
2025-12-08 17:21:47,472 - [core.frame.py] - WARNING - No face detected in frame: InMemoryFrame
2025-12-08 17:21:47,538 - [core.frame.py] - WARNING - No face detected in frame: InMemoryFrame
2025-12-08 17:21:47,570 - [core.frame.py] - WARNING - No face detected in frame: InMemoryFrame
2025-12-08 17:21:47,601 - [core.frame.py] - WARNING - No face detected in frame: InMemoryFrame
2025-12-08 17:21:47,666 - [core.frame.py] - WARNING - No face detected in frame: InMemoryFrame
2025-12-08 17:21:47,824 - [VideoProcessor] - INFO - Processed 30 frames...
2025-12-08 17:21:48,041 - [core.frame.py] - WARNING - No face detected in frame: InMemoryFrame
2025-12-08 17:21:48,074 - [core.frame.py] - WARNING - No face detected in frame: InMemoryFrame
2025-12-08 17:21:48,107 - [core.frame.py] - WARNING - No face detected in frame: InMemoryFrame
2025-12-08 17:21:48,141 - [core.frame.py] - WARNING - No face detected in frame: InMemoryFrame
2025-12-08 17:21:48,299 - [core.frame.py] - WARNING - No face detected in frame: InMemoryFrame
2025-12-08 17:21:48,392 - [VideoProcessor] - INFO - Processed 40 frames...
2025-12-08 17:21:48,831 - [VideoProcessor] - INFO - Processed 50 frames...
2025-12-08 17:21:49,352 - [VideoProcessor] - INFO - Processed 60 frames...
2025-12-08 17:21:49,630 - [core.frame.py] - WARNING - No face detected in frame: InMemoryFrame
2025-12-08 17:21:49,784 - [VideoProcessor] - INFO - Processed 70 frames...
2025-12-08 17:21:50,146 - [core.frame.py] - WARNING - No face detected in frame: InMemoryFrame
2025-12-08 17:21:50,175 - [core.frame.py] - WARNING - No face detected in frame: InMemoryFrame
2025-12-08 17:21:50,284 - [VideoProcessor] - INFO - Processed 80 frames...
2025-12-08 17:21:50,543 - [core.frame.py] - WARNING - No face detected in frame: InMemoryFrame
2025-12-08 17:21:50,569 - [core.frame.py] - WARNING - No face detected in frame: InMemoryFrame
2025-12-08 17:21:50,629 - [core.frame.py] - WARNING - No face detected in frame: InMemoryFrame
2025-12-08 17:21:50,651 - [core.frame.py] - WARNING - No face detected in frame: InMemoryFrame
2025-12-08 17:21:50,771 - [VideoProcessor] - INFO - Processed 90 frames...
2025-12-08 17:21:50,927 - [VideoProcessor] - INFO - Finished MarkRutte_MatthijsNieuwkerk.mp4. Total detections: 93
2025-12-08 19:36:07,030 - [core.analyzer.py] - INFO - Starting analysis on ./data/inputs
2025-12-08 19:36:07,104 - [core.analyzer.py] - INFO - Analyzing videos in directory: ./data/inputs
2025-12-08 19:36:07,180 - [core.analyzer.py] - INFO - Getting video from folder ./data/inputs
2025-12-08 19:36:07,242 - [core.analyzer.py] - INFO - Found 2 videos in ./data/inputs
2025-12-08 19:36:07,305 - [core.analyzer.py] - INFO - Analyzing video: ./data/inputs\MarkRutte_MariekeElsinga.mkv
2025-12-08 19:36:07,468 - [VideoProcessor] - ERROR - Could not open source: MarkRutte_MariekeElsinga.mkv
2025-12-08 19:36:07,535 - [core.analyzer.py] - INFO - Analyzing video: ./data/inputs\MarkRutte_MatthijsNieuwkerk.mp4
2025-12-08 19:36:07,602 - [VideoProcessor] - INFO - Starting processing: MarkRutte_MatthijsNieuwkerk.mp4 (FPS: 25.00) Step: every 10 frames)
2025-12-08 19:36:07,719 - [core.frame.py] - WARNING - No face detected in frame: InMemoryFrame
2025-12-08 19:36:08,154 - [core.frame.py] - WARNING - No face detected in frame: InMemoryFrame
2025-12-08 19:36:08,251 - [core.frame.py] - WARNING - No face detected in frame: InMemoryFrame
2025-12-08 19:36:08,289 - [core.frame.py] - WARNING - No face detected in frame: InMemoryFrame
2025-12-08 19:36:08,337 - [core.frame.py] - WARNING - No face detected in frame: InMemoryFrame
2025-12-08 19:36:08,480 - [VideoProcessor] - INFO - Processed 10 frames...
2025-12-08 19:36:08,737 - [core.frame.py] - WARNING - No face detected in frame: InMemoryFrame
2025-12-08 19:36:08,832 - [core.frame.py] - WARNING - No face detected in frame: InMemoryFrame
2025-12-08 19:36:08,872 - [core.frame.py] - WARNING - No face detected in frame: InMemoryFrame
2025-12-08 19:36:08,922 - [core.frame.py] - WARNING - No face detected in frame: InMemoryFrame
2025-12-08 19:36:08,967 - [core.frame.py] - WARNING - No face detected in frame: InMemoryFrame
2025-12-08 19:36:09,012 - [core.frame.py] - WARNING - No face detected in frame: InMemoryFrame
2025-12-08 19:36:09,108 - [core.frame.py] - WARNING - No face detected in frame: InMemoryFrame
2025-12-08 19:36:09,147 - [core.frame.py] - WARNING - No face detected in frame: InMemoryFrame
2025-12-08 19:36:09,187 - [core.frame.py] - WARNING - No face detected in frame: InMemoryFrame
2025-12-08 19:36:09,231 - [core.frame.py] - WARNING - No face detected in frame: InMemoryFrame
2025-12-08 19:36:09,508 - [VideoProcessor] - INFO - Processed 20 frames...
2025-12-08 19:36:10,190 - [VideoProcessor] - INFO - Processed 30 frames...
2025-12-08 19:36:10,692 - [VideoProcessor] - INFO - Processed 40 frames...
2025-12-08 19:36:11,181 - [VideoProcessor] - INFO - Processed 50 frames...
2025-12-08 19:36:11,626 - [VideoProcessor] - INFO - Processed 60 frames...
2025-12-08 19:36:11,713 - [core.frame.py] - WARNING - No face detected in frame: InMemoryFrame
2025-12-08 19:36:11,773 - [VideoProcessor] - INFO - Processed 60 frames...
2025-12-08 19:36:11,868 - [core.frame.py] - WARNING - No face detected in frame: InMemoryFrame
2025-12-08 19:36:11,937 - [VideoProcessor] - INFO - Processed 60 frames...
2025-12-08 19:36:12,026 - [core.frame.py] - WARNING - No face detected in frame: InMemoryFrame
2025-12-08 19:36:12,088 - [VideoProcessor] - INFO - Processed 60 frames...
2025-12-08 19:36:12,181 - [core.frame.py] - WARNING - No face detected in frame: InMemoryFrame
2025-12-08 19:36:12,241 - [VideoProcessor] - INFO - Processed 60 frames...
2025-12-08 19:36:12,336 - [core.frame.py] - WARNING - No face detected in frame: InMemoryFrame
2025-12-08 19:36:12,396 - [VideoProcessor] - INFO - Processed 60 frames...
2025-12-08 19:36:12,524 - [core.frame.py] - WARNING - No face detected in frame: InMemoryFrame
2025-12-08 19:36:12,615 - [core.frame.py] - WARNING - No face detected in frame: InMemoryFrame
2025-12-08 19:36:12,657 - [core.frame.py] - WARNING - No face detected in frame: InMemoryFrame
2025-12-08 19:36:12,697 - [core.frame.py] - WARNING - No face detected in frame: InMemoryFrame
2025-12-08 19:36:12,738 - [core.frame.py] - WARNING - No face detected in frame: InMemoryFrame
2025-12-08 19:36:12,783 - [core.frame.py] - WARNING - No face detected in frame: InMemoryFrame
2025-12-08 19:36:12,824 - [core.frame.py] - WARNING - No face detected in frame: InMemoryFrame
2025-12-08 19:36:12,869 - [core.frame.py] - WARNING - No face detected in frame: InMemoryFrame
2025-12-08 19:36:13,127 - [core.frame.py] - WARNING - No face detected in frame: InMemoryFrame
2025-12-08 19:36:13,295 - [core.frame.py] - WARNING - No face detected in frame: InMemoryFrame
2025-12-08 19:36:13,394 - [VideoProcessor] - INFO - Processed 70 frames...
2025-12-08 19:36:13,838 - [VideoProcessor] - INFO - Processed 80 frames...
2025-12-08 19:36:14,246 - [core.frame.py] - WARNING - No face detected in frame: InMemoryFrame
2025-12-08 19:36:14,377 - [core.frame.py] - WARNING - No face detected in frame: InMemoryFrame
2025-12-08 19:36:14,416 - [core.frame.py] - WARNING - No face detected in frame: InMemoryFrame
2025-12-08 19:36:14,462 - [core.frame.py] - WARNING - No face detected in frame: InMemoryFrame
2025-12-08 19:36:14,506 - [core.frame.py] - WARNING - No face detected in frame: InMemoryFrame
2025-12-08 19:36:14,548 - [core.frame.py] - WARNING - No face detected in frame: InMemoryFrame
2025-12-08 19:36:14,589 - [core.frame.py] - WARNING - No face detected in frame: InMemoryFrame
2025-12-08 19:36:14,629 - [core.frame.py] - WARNING - No face detected in frame: InMemoryFrame
2025-12-08 19:36:14,670 - [core.frame.py] - WARNING - No face detected in frame: InMemoryFrame
2025-12-08 19:36:14,730 - [VideoProcessor] - INFO - Processed 90 frames...
2025-12-08 19:36:15,091 - [core.frame.py] - WARNING - No face detected in frame: InMemoryFrame
2025-12-08 19:36:15,187 - [core.frame.py] - WARNING - No face detected in frame: InMemoryFrame
2025-12-08 19:36:15,385 - [VideoProcessor] - INFO - Processed 100 frames...
2025-12-08 19:36:16,006 - [VideoProcessor] - INFO - Processed 110 frames...
2025-12-08 19:36:16,547 - [VideoProcessor] - INFO - Processed 120 frames...
2025-12-08 19:36:17,147 - [VideoProcessor] - INFO - Processed 130 frames...
2025-12-08 19:36:17,823 - [VideoProcessor] - INFO - Processed 140 frames...
2025-12-08 19:36:18,453 - [VideoProcessor] - INFO - Processed 150 frames...
2025-12-08 19:36:18,937 - [VideoProcessor] - INFO - Processed 160 frames...
2025-12-08 19:36:19,372 - [core.frame.py] - WARNING - No face detected in frame: InMemoryFrame
2025-12-08 19:36:19,515 - [VideoProcessor] - INFO - Processed 170 frames...
2025-12-08 19:36:20,477 - [VideoProcessor] - INFO - Processed 180 frames...
2025-12-08 19:36:21,057 - [VideoProcessor] - INFO - Processed 190 frames...
2025-12-08 19:36:21,476 - [core.frame.py] - WARNING - No face detected in frame: InMemoryFrame
2025-12-08 19:36:21,613 - [core.frame.py] - WARNING - No face detected in frame: InMemoryFrame
2025-12-08 19:36:21,740 - [core.frame.py] - WARNING - No face detected in frame: InMemoryFrame
2025-12-08 19:36:21,781 - [core.frame.py] - WARNING - No face detected in frame: InMemoryFrame
2025-12-08 19:36:21,832 - [VideoProcessor] - INFO - Processed 200 frames...
2025-12-08 19:36:22,349 - [VideoProcessor] - INFO - Processed 210 frames...
2025-12-08 19:36:22,857 - [core.frame.py] - WARNING - No face detected in frame: InMemoryFrame
2025-12-08 19:36:22,974 - [VideoProcessor] - INFO - Processed 220 frames...
2025-12-08 19:36:23,071 - [core.frame.py] - WARNING - No face detected in frame: InMemoryFrame
2025-12-08 19:36:23,147 - [VideoProcessor] - INFO - Processed 220 frames...
2025-12-08 19:36:23,246 - [core.frame.py] - WARNING - No face detected in frame: InMemoryFrame
2025-12-08 19:36:23,322 - [VideoProcessor] - INFO - Processed 220 frames...
2025-12-08 19:36:23,418 - [core.frame.py] - WARNING - No face detected in frame: InMemoryFrame
2025-12-08 19:36:23,492 - [VideoProcessor] - INFO - Processed 220 frames...
2025-12-08 19:36:23,634 - [core.frame.py] - WARNING - No face detected in frame: InMemoryFrame
2025-12-08 19:36:23,732 - [core.frame.py] - WARNING - No face detected in frame: InMemoryFrame
2025-12-08 19:36:23,769 - [core.frame.py] - WARNING - No face detected in frame: InMemoryFrame
2025-12-08 19:36:23,842 - [core.frame.py] - WARNING - No face detected in frame: InMemoryFrame
2025-12-08 19:36:23,885 - [core.frame.py] - WARNING - No face detected in frame: InMemoryFrame
2025-12-08 19:36:23,930 - [core.frame.py] - WARNING - No face detected in frame: InMemoryFrame
2025-12-08 19:36:24,320 - [VideoProcessor] - INFO - Processed 230 frames...
2025-12-08 19:36:24,669 - [VideoProcessor] - INFO - Finished MarkRutte_MatthijsNieuwkerk.mp4. Total detections: 235
2025-12-08 19:36:24,760 - [StatsService] - INFO - Generating statistical report...
2025-12-08 19:36:24,851 - [CSVStorage] - INFO - Statistics report saved to ./data/outputs\summary_report.csv
2025-12-08 19:36:24,925 - [StatsService] - INFO - Report generated for 1 videos.
2025-12-09 10:56:17,668 - [core.analyzer.py] - INFO - Starting analysis on ./data/input/MarkRutte
2025-12-09 10:56:17,684 - [core.analyzer.py] - INFO - Analyzing videos in directory: ./data/input/MarkRutte
2025-12-09 10:56:17,698 - [core.analyzer.py] - INFO - Getting video from folder ./data/input/MarkRutte
2025-12-09 10:56:17,713 - [core.analyzer.py] - INFO - Found 2 videos in ./data/input/MarkRutte
2025-12-09 10:56:17,731 - [core.analyzer.py] - INFO - Analyzing video: ./data/input/MarkRutte\MarkRutte_MariekeElsinga.mkv
2025-12-09 10:56:17,785 - [VideoProcessor] - INFO - Starting processing: MarkRutte_MariekeElsinga.mkv (FPS: 25.00) Step: every 27 frames)
2025-12-09 10:56:18,655 - [core.frame.py] - WARNING - No face detected in frame: InMemoryFrame
2025-12-09 10:56:20,815 - [VideoProcessor] - INFO - Processed 10 frames...
2025-12-09 10:56:23,388 - [VideoProcessor] - INFO - Processed 20 frames...
2025-12-09 10:56:26,221 - [VideoProcessor] - INFO - Processed 30 frames...
2025-12-09 10:56:28,812 - [VideoProcessor] - INFO - Processed 40 frames...
2025-12-09 10:56:29,968 - [core.frame.py] - WARNING - No face detected in frame: InMemoryFrame
2025-12-09 10:56:30,994 - [core.frame.py] - WARNING - No face detected in frame: InMemoryFrame
2025-12-09 10:56:31,234 - [core.frame.py] - WARNING - No face detected in frame: InMemoryFrame
2025-12-09 10:56:31,457 - [core.frame.py] - WARNING - No face detected in frame: InMemoryFrame
2025-12-09 10:56:31,490 - [VideoProcessor] - INFO - Finished MarkRutte_MariekeElsinga.mkv. Total detections: 46
2025-12-09 10:56:31,503 - [core.analyzer.py] - INFO - Analyzing video: ./data/input/MarkRutte\MarkRutte_MatthijsNieuwkerk.mp4
2025-12-09 10:56:31,545 - [VideoProcessor] - INFO - Starting processing: MarkRutte_MatthijsNieuwkerk.mp4 (FPS: 25.00) Step: every 27 frames)
2025-12-09 10:56:31,602 - [core.frame.py] - WARNING - No face detected in frame: InMemoryFrame
2025-12-09 10:56:31,759 - [core.frame.py] - WARNING - No face detected in frame: InMemoryFrame
2025-12-09 10:56:31,810 - [core.frame.py] - WARNING - No face detected in frame: InMemoryFrame
2025-12-09 10:56:31,969 - [core.frame.py] - WARNING - No face detected in frame: InMemoryFrame
2025-12-09 10:56:32,021 - [core.frame.py] - WARNING - No face detected in frame: InMemoryFrame
2025-12-09 10:56:32,069 - [core.frame.py] - WARNING - No face detected in frame: InMemoryFrame
2025-12-09 10:56:32,122 - [core.frame.py] - WARNING - No face detected in frame: InMemoryFrame
2025-12-09 10:56:32,267 - [core.frame.py] - WARNING - No face detected in frame: InMemoryFrame
2025-12-09 10:56:32,507 - [VideoProcessor] - INFO - Processed 10 frames...
2025-12-09 10:56:32,973 - [VideoProcessor] - INFO - Processed 20 frames...
2025-12-09 10:56:33,114 - [core.frame.py] - WARNING - No face detected in frame: InMemoryFrame
2025-12-09 10:56:33,161 - [core.frame.py] - WARNING - No face detected in frame: InMemoryFrame
2025-12-09 10:56:33,210 - [core.frame.py] - WARNING - No face detected in frame: InMemoryFrame
2025-12-09 10:56:33,588 - [VideoProcessor] - INFO - Processed 30 frames...
2025-12-09 10:56:33,764 - [core.frame.py] - WARNING - No face detected in frame: InMemoryFrame
2025-12-09 10:56:33,818 - [core.frame.py] - WARNING - No face detected in frame: InMemoryFrame
2025-12-09 10:56:33,871 - [core.frame.py] - WARNING - No face detected in frame: InMemoryFrame
2025-12-09 10:56:33,928 - [core.frame.py] - WARNING - No face detected in frame: InMemoryFrame
2025-12-09 10:56:34,101 - [core.frame.py] - WARNING - No face detected in frame: InMemoryFrame
2025-12-09 10:56:34,417 - [VideoProcessor] - INFO - Processed 40 frames...
2025-12-09 10:56:35,025 - [VideoProcessor] - INFO - Processed 50 frames...
2025-12-09 10:56:35,590 - [VideoProcessor] - INFO - Processed 60 frames...
2025-12-09 10:56:35,689 - [core.frame.py] - WARNING - No face detected in frame: InMemoryFrame
2025-12-09 10:56:36,148 - [VideoProcessor] - INFO - Processed 70 frames...
2025-12-09 10:56:36,244 - [core.frame.py] - WARNING - No face detected in frame: InMemoryFrame
2025-12-09 10:56:36,334 - [core.frame.py] - WARNING - No face detected in frame: InMemoryFrame
2025-12-09 10:56:36,735 - [VideoProcessor] - INFO - Processed 80 frames...
2025-12-09 10:56:36,783 - [core.frame.py] - WARNING - No face detected in frame: InMemoryFrame
2025-12-09 10:56:36,796 - [VideoProcessor] - INFO - Processed 80 frames...
2025-12-09 10:56:36,885 - [core.frame.py] - WARNING - No face detected in frame: InMemoryFrame
2025-12-09 10:56:36,928 - [core.frame.py] - WARNING - No face detected in frame: InMemoryFrame
2025-12-09 10:56:37,231 - [VideoProcessor] - INFO - Finished MarkRutte_MatthijsNieuwkerk.mp4. Total detections: 86
2025-12-09 10:56:37,250 - [StatsService] - INFO - Generating statistical report...
2025-12-09 10:56:37,276 - [CSVStorage] - INFO - Statistics report saved to ./data/output/MarkRutte\summary_report.csv
2025-12-09 10:56:37,294 - [StatsService] - INFO - Report generated for 2 videos.
2025-12-09 11:00:06,898 - [core.analyzer.py] - INFO - Starting analysis on ./data/input/MarkRutte
2025-12-09 11:00:06,909 - [core.analyzer.py] - INFO - Analyzing videos in directory: ./data/input/MarkRutte
2025-12-09 11:00:06,922 - [core.analyzer.py] - INFO - Getting video from folder ./data/input/MarkRutte
2025-12-09 11:00:06,938 - [core.analyzer.py] - INFO - Found 2 videos in ./data/input/MarkRutte
2025-12-09 11:00:06,951 - [core.analyzer.py] - INFO - Analyzing video: ./data/input/MarkRutte\MarkRutte_MariekeElsinga.mkv
2025-12-09 11:00:06,987 - [VideoProcessor] - INFO - Starting processing: MarkRutte_MariekeElsinga.mkv (FPS: 25.00) Step: every 10 frames)
2025-12-09 11:00:08,327 - [core.frame.py] - WARNING - No face detected in frame: InMemoryFrame
2025-12-09 11:00:09,151 - [VideoProcessor] - INFO - Processed 10 frames...
2025-12-09 11:00:11,311 - [VideoProcessor] - INFO - Processed 20 frames...
2025-12-09 11:00:13,476 - [VideoProcessor] - INFO - Processed 30 frames...
2025-12-09 11:00:15,461 - [VideoProcessor] - INFO - Processed 40 frames...
2025-12-09 11:00:17,564 - [VideoProcessor] - INFO - Processed 50 frames...
2025-12-09 11:00:19,749 - [VideoProcessor] - INFO - Processed 60 frames...
2025-12-09 11:00:21,908 - [VideoProcessor] - INFO - Processed 70 frames...
2025-12-09 11:00:24,760 - [VideoProcessor] - INFO - Processed 80 frames...
2025-12-09 11:00:27,015 - [VideoProcessor] - INFO - Processed 90 frames...
2025-12-09 11:00:28,765 - [core.frame.py] - WARNING - No face detected in frame: InMemoryFrame
2025-12-09 11:00:29,171 - [VideoProcessor] - INFO - Processed 100 frames...
2025-12-09 11:00:31,339 - [VideoProcessor] - INFO - Processed 110 frames...
2025-12-09 11:00:33,735 - [core.frame.py] - WARNING - No face detected in frame: InMemoryFrame
2025-12-09 11:00:33,976 - [core.frame.py] - WARNING - No face detected in frame: InMemoryFrame
2025-12-09 11:00:34,185 - [VideoProcessor] - INFO - Processed 120 frames...
2025-12-09 11:00:35,344 - [core.frame.py] - WARNING - No face detected in frame: InMemoryFrame
2025-12-09 11:00:35,531 - [core.frame.py] - WARNING - No face detected in frame: InMemoryFrame
2025-12-09 11:00:35,716 - [core.frame.py] - WARNING - No face detected in frame: InMemoryFrame
2025-12-09 11:00:35,897 - [core.frame.py] - WARNING - No face detected in frame: InMemoryFrame
2025-12-09 11:00:36,079 - [core.frame.py] - WARNING - No face detected in frame: InMemoryFrame
2025-12-09 11:00:36,257 - [core.frame.py] - WARNING - No face detected in frame: InMemoryFrame
2025-12-09 11:00:36,440 - [core.frame.py] - WARNING - No face detected in frame: InMemoryFrame
2025-12-09 11:00:36,471 - [VideoProcessor] - INFO - Finished MarkRutte_MariekeElsinga.mkv. Total detections: 125
2025-12-09 11:00:36,484 - [core.analyzer.py] - INFO - Analyzing video: ./data/input/MarkRutte\MarkRutte_MatthijsNieuwkerk.mp4
2025-12-09 11:00:36,503 - [VideoProcessor] - INFO - Starting processing: MarkRutte_MatthijsNieuwkerk.mp4 (FPS: 25.00) Step: every 10 frames)
2025-12-09 11:00:36,555 - [core.frame.py] - WARNING - No face detected in frame: InMemoryFrame
2025-12-09 11:00:36,938 - [core.frame.py] - WARNING - No face detected in frame: InMemoryFrame
2025-12-09 11:00:36,989 - [core.frame.py] - WARNING - No face detected in frame: InMemoryFrame
2025-12-09 11:00:37,039 - [core.frame.py] - WARNING - No face detected in frame: InMemoryFrame
2025-12-09 11:00:37,081 - [core.frame.py] - WARNING - No face detected in frame: InMemoryFrame
2025-12-09 11:00:37,223 - [VideoProcessor] - INFO - Processed 10 frames...
2025-12-09 11:00:37,421 - [core.frame.py] - WARNING - No face detected in frame: InMemoryFrame
2025-12-09 11:00:37,463 - [core.frame.py] - WARNING - No face detected in frame: InMemoryFrame
2025-12-09 11:00:37,514 - [core.frame.py] - WARNING - No face detected in frame: InMemoryFrame
2025-12-09 11:00:37,567 - [core.frame.py] - WARNING - No face detected in frame: InMemoryFrame
2025-12-09 11:00:37,613 - [core.frame.py] - WARNING - No face detected in frame: InMemoryFrame
2025-12-09 11:00:37,658 - [core.frame.py] - WARNING - No face detected in frame: InMemoryFrame
2025-12-09 11:00:37,707 - [core.frame.py] - WARNING - No face detected in frame: InMemoryFrame
2025-12-09 11:00:37,755 - [core.frame.py] - WARNING - No face detected in frame: InMemoryFrame
2025-12-09 11:00:37,802 - [core.frame.py] - WARNING - No face detected in frame: InMemoryFrame
2025-12-09 11:00:37,854 - [core.frame.py] - WARNING - No face detected in frame: InMemoryFrame
2025-12-09 11:00:38,148 - [VideoProcessor] - INFO - Processed 20 frames...
2025-12-09 11:00:38,740 - [VideoProcessor] - INFO - Processed 30 frames...
2025-12-09 11:00:39,174 - [VideoProcessor] - INFO - Processed 40 frames...
2025-12-09 11:00:39,599 - [VideoProcessor] - INFO - Processed 50 frames...
2025-12-09 11:00:39,977 - [VideoProcessor] - INFO - Processed 60 frames...
2025-12-09 11:00:40,012 - [core.frame.py] - WARNING - No face detected in frame: InMemoryFrame
2025-12-09 11:00:40,024 - [VideoProcessor] - INFO - Processed 60 frames...
2025-12-09 11:00:40,061 - [core.frame.py] - WARNING - No face detected in frame: InMemoryFrame
2025-12-09 11:00:40,074 - [VideoProcessor] - INFO - Processed 60 frames...
2025-12-09 11:00:40,111 - [core.frame.py] - WARNING - No face detected in frame: InMemoryFrame
2025-12-09 11:00:40,121 - [VideoProcessor] - INFO - Processed 60 frames...
2025-12-09 11:00:40,159 - [core.frame.py] - WARNING - No face detected in frame: InMemoryFrame
2025-12-09 11:00:40,170 - [VideoProcessor] - INFO - Processed 60 frames...
2025-12-09 11:00:40,208 - [core.frame.py] - WARNING - No face detected in frame: InMemoryFrame
2025-12-09 11:00:40,219 - [VideoProcessor] - INFO - Processed 60 frames...
2025-12-09 11:00:40,300 - [core.frame.py] - WARNING - No face detected in frame: InMemoryFrame
2025-12-09 11:00:40,345 - [core.frame.py] - WARNING - No face detected in frame: InMemoryFrame
2025-12-09 11:00:40,390 - [core.frame.py] - WARNING - No face detected in frame: InMemoryFrame
2025-12-09 11:00:40,445 - [core.frame.py] - WARNING - No face detected in frame: InMemoryFrame
2025-12-09 11:00:40,491 - [core.frame.py] - WARNING - No face detected in frame: InMemoryFrame
2025-12-09 11:00:40,536 - [core.frame.py] - WARNING - No face detected in frame: InMemoryFrame
2025-12-09 11:00:40,582 - [core.frame.py] - WARNING - No face detected in frame: InMemoryFrame
2025-12-09 11:00:40,626 - [core.frame.py] - WARNING - No face detected in frame: InMemoryFrame
2025-12-09 11:00:40,875 - [core.frame.py] - WARNING - No face detected in frame: InMemoryFrame
2025-12-09 11:00:40,987 - [core.frame.py] - WARNING - No face detected in frame: InMemoryFrame
2025-12-09 11:00:41,094 - [VideoProcessor] - INFO - Processed 70 frames...
2025-12-09 11:00:41,476 - [VideoProcessor] - INFO - Processed 80 frames...
2025-12-09 11:00:41,818 - [core.frame.py] - WARNING - No face detected in frame: InMemoryFrame
2025-12-09 11:00:41,899 - [core.frame.py] - WARNING - No face detected in frame: InMemoryFrame
2025-12-09 11:00:41,946 - [core.frame.py] - WARNING - No face detected in frame: InMemoryFrame
2025-12-09 11:00:41,994 - [core.frame.py] - WARNING - No face detected in frame: InMemoryFrame
2025-12-09 11:00:42,044 - [core.frame.py] - WARNING - No face detected in frame: InMemoryFrame
2025-12-09 11:00:42,090 - [core.frame.py] - WARNING - No face detected in frame: InMemoryFrame
2025-12-09 11:00:42,139 - [core.frame.py] - WARNING - No face detected in frame: InMemoryFrame
2025-12-09 11:00:42,184 - [core.frame.py] - WARNING - No face detected in frame: InMemoryFrame
2025-12-09 11:00:42,235 - [core.frame.py] - WARNING - No face detected in frame: InMemoryFrame
2025-12-09 11:00:42,303 - [VideoProcessor] - INFO - Processed 90 frames...
2025-12-09 11:00:42,641 - [core.frame.py] - WARNING - No face detected in frame: InMemoryFrame
2025-12-09 11:00:42,684 - [core.frame.py] - WARNING - No face detected in frame: InMemoryFrame
2025-12-09 11:00:42,898 - [VideoProcessor] - INFO - Processed 100 frames...
2025-12-09 11:00:43,517 - [VideoProcessor] - INFO - Processed 110 frames...
2025-12-09 11:00:43,990 - [VideoProcessor] - INFO - Processed 120 frames...
2025-12-09 11:00:44,589 - [VideoProcessor] - INFO - Processed 130 frames...
2025-12-09 11:00:45,226 - [VideoProcessor] - INFO - Processed 140 frames...
2025-12-09 11:00:45,798 - [VideoProcessor] - INFO - Processed 150 frames...
2025-12-09 11:00:46,234 - [VideoProcessor] - INFO - Processed 160 frames...
2025-12-09 11:00:46,594 - [core.frame.py] - WARNING - No face detected in frame: InMemoryFrame
2025-12-09 11:00:46,691 - [VideoProcessor] - INFO - Processed 170 frames...
2025-12-09 11:00:47,120 - [VideoProcessor] - INFO - Processed 180 frames...
2025-12-09 11:00:47,636 - [VideoProcessor] - INFO - Processed 190 frames...
2025-12-09 11:00:47,955 - [core.frame.py] - WARNING - No face detected in frame: InMemoryFrame
2025-12-09 11:00:48,036 - [core.frame.py] - WARNING - No face detected in frame: InMemoryFrame
2025-12-09 11:00:48,156 - [core.frame.py] - WARNING - No face detected in frame: InMemoryFrame
2025-12-09 11:00:48,202 - [core.frame.py] - WARNING - No face detected in frame: InMemoryFrame
2025-12-09 11:00:48,258 - [VideoProcessor] - INFO - Processed 200 frames...
2025-12-09 11:00:48,685 - [VideoProcessor] - INFO - Processed 210 frames...
2025-12-09 11:00:49,084 - [core.frame.py] - WARNING - No face detected in frame: InMemoryFrame
2025-12-09 11:00:49,135 - [VideoProcessor] - INFO - Processed 220 frames...
2025-12-09 11:00:49,172 - [core.frame.py] - WARNING - No face detected in frame: InMemoryFrame
2025-12-09 11:00:49,184 - [VideoProcessor] - INFO - Processed 220 frames...
2025-12-09 11:00:49,219 - [core.frame.py] - WARNING - No face detected in frame: InMemoryFrame
2025-12-09 11:00:49,229 - [VideoProcessor] - INFO - Processed 220 frames...
2025-12-09 11:00:49,263 - [core.frame.py] - WARNING - No face detected in frame: InMemoryFrame
2025-12-09 11:00:49,274 - [VideoProcessor] - INFO - Processed 220 frames...
2025-12-09 11:00:49,346 - [core.frame.py] - WARNING - No face detected in frame: InMemoryFrame
2025-12-09 11:00:49,384 - [core.frame.py] - WARNING - No face detected in frame: InMemoryFrame
2025-12-09 11:00:49,422 - [core.frame.py] - WARNING - No face detected in frame: InMemoryFrame
2025-12-09 11:00:49,493 - [core.frame.py] - WARNING - No face detected in frame: InMemoryFrame
2025-12-09 11:00:49,533 - [core.frame.py] - WARNING - No face detected in frame: InMemoryFrame
2025-12-09 11:00:49,576 - [core.frame.py] - WARNING - No face detected in frame: InMemoryFrame
2025-12-09 11:00:49,936 - [VideoProcessor] - INFO - Processed 230 frames...
2025-12-09 11:00:50,189 - [VideoProcessor] - INFO - Finished MarkRutte_MatthijsNieuwkerk.mp4. Total detections: 235
2025-12-09 11:00:50,208 - [StatsService] - INFO - Generating statistical report...
2025-12-09 11:00:50,234 - [CSVStorage] - INFO - Statistics report saved to ./data/output/MarkRutte\summary_report.csv
2025-12-09 11:00:50,244 - [StatsService] - INFO - Report generated for 2 videos.
2025-12-09 15:39:23,186 - [core.analyzer.py] - INFO - Starting analysis on ./data/input/MarkRutte
2025-12-09 15:39:23,231 - [core.analyzer.py] - INFO - Analyzing videos in directory: ./data/input/MarkRutte
2025-12-09 15:39:23,285 - [core.analyzer.py] - INFO - Getting video from folder ./data/input/MarkRutte
2025-12-09 15:39:23,333 - [core.analyzer.py] - INFO - Found 10 videos in ./data/input/MarkRutte
2025-12-09 15:39:23,369 - [core.analyzer.py] - INFO - Analyzing video: ./data/input/MarkRutte\MarkRutte_MariekeElsinga - Copy (2).mkv
2025-12-09 15:39:23,421 - [VideoProcessor] - INFO - Starting processing: MarkRutte_MariekeElsinga - Copy (2).mkv (FPS: 25.00) Step: every 10 frames)
2025-12-09 15:39:25,202 - [core.frame.py] - WARNING - No face detected in frame: InMemoryFrame
2025-12-09 15:39:26,101 - [VideoProcessor] - INFO - Processed 10 frames...
2025-12-09 15:39:28,427 - [VideoProcessor] - INFO - Processed 20 frames...
2025-12-09 15:39:30,752 - [VideoProcessor] - INFO - Processed 30 frames...
2025-12-09 15:39:32,982 - [VideoProcessor] - INFO - Processed 40 frames...
2025-12-09 15:39:35,398 - [VideoProcessor] - INFO - Processed 50 frames...
2025-12-09 15:39:37,466 - [VideoProcessor] - INFO - Processed 60 frames...
2025-12-09 15:39:39,626 - [VideoProcessor] - INFO - Processed 70 frames...
2025-12-09 15:39:42,223 - [VideoProcessor] - INFO - Processed 80 frames...
2025-12-09 15:39:44,311 - [VideoProcessor] - INFO - Processed 90 frames...
2025-12-09 15:39:46,044 - [core.frame.py] - WARNING - No face detected in frame: InMemoryFrame
2025-12-09 15:39:46,458 - [VideoProcessor] - INFO - Processed 100 frames...
2025-12-09 15:39:48,575 - [VideoProcessor] - INFO - Processed 110 frames...
2025-12-09 15:39:50,959 - [core.frame.py] - WARNING - No face detected in frame: InMemoryFrame
2025-12-09 15:39:51,246 - [core.frame.py] - WARNING - No face detected in frame: InMemoryFrame
2025-12-09 15:39:51,460 - [VideoProcessor] - INFO - Processed 120 frames...
2025-12-09 15:39:52,620 - [core.frame.py] - WARNING - No face detected in frame: InMemoryFrame
2025-12-09 15:39:52,827 - [core.frame.py] - WARNING - No face detected in frame: InMemoryFrame
2025-12-09 15:39:53,044 - [core.frame.py] - WARNING - No face detected in frame: InMemoryFrame
2025-12-09 15:39:53,293 - [core.frame.py] - WARNING - No face detected in frame: InMemoryFrame
2025-12-09 15:39:53,494 - [core.frame.py] - WARNING - No face detected in frame: InMemoryFrame
2025-12-09 15:39:53,694 - [core.frame.py] - WARNING - No face detected in frame: InMemoryFrame
2025-12-09 15:39:53,894 - [core.frame.py] - WARNING - No face detected in frame: InMemoryFrame
2025-12-09 15:39:53,969 - [VideoProcessor] - INFO - Finished MarkRutte_MariekeElsinga - Copy (2).mkv. Total detections: 125
2025-12-09 15:39:54,012 - [core.analyzer.py] - INFO - Analyzing video: ./data/input/MarkRutte\MarkRutte_MariekeElsinga - Copy (3).mkv
2025-12-09 15:39:54,071 - [VideoProcessor] - INFO - Starting processing: MarkRutte_MariekeElsinga - Copy (3).mkv (FPS: 25.00) Step: every 10 frames)
2025-12-09 15:39:55,367 - [core.frame.py] - WARNING - No face detected in frame: InMemoryFrame
2025-12-09 15:39:56,131 - [VideoProcessor] - INFO - Processed 10 frames...
2025-12-09 15:39:58,229 - [VideoProcessor] - INFO - Processed 20 frames...
2025-12-09 15:40:00,424 - [VideoProcessor] - INFO - Processed 30 frames...
2025-12-09 15:40:02,346 - [VideoProcessor] - INFO - Processed 40 frames...
2025-12-09 15:40:04,381 - [VideoProcessor] - INFO - Processed 50 frames...
2025-12-09 15:40:06,432 - [VideoProcessor] - INFO - Processed 60 frames...
2025-12-09 15:40:08,499 - [VideoProcessor] - INFO - Processed 70 frames...
2025-12-09 15:40:11,100 - [VideoProcessor] - INFO - Processed 80 frames...
2025-12-09 15:40:13,251 - [VideoProcessor] - INFO - Processed 90 frames...
2025-12-09 15:40:15,077 - [core.frame.py] - WARNING - No face detected in frame: InMemoryFrame
2025-12-09 15:40:15,596 - [VideoProcessor] - INFO - Processed 100 frames...
2025-12-09 15:40:18,048 - [VideoProcessor] - INFO - Processed 110 frames...
2025-12-09 15:40:20,679 - [core.frame.py] - WARNING - No face detected in frame: InMemoryFrame
2025-12-09 15:40:20,985 - [core.frame.py] - WARNING - No face detected in frame: InMemoryFrame
2025-12-09 15:40:21,238 - [VideoProcessor] - INFO - Processed 120 frames...
2025-12-09 15:40:22,457 - [core.frame.py] - WARNING - No face detected in frame: InMemoryFrame
2025-12-09 15:40:22,694 - [core.frame.py] - WARNING - No face detected in frame: InMemoryFrame
2025-12-09 15:40:22,919 - [core.frame.py] - WARNING - No face detected in frame: InMemoryFrame
2025-12-09 15:40:23,136 - [core.frame.py] - WARNING - No face detected in frame: InMemoryFrame
2025-12-09 15:40:23,348 - [core.frame.py] - WARNING - No face detected in frame: InMemoryFrame
2025-12-09 15:40:23,564 - [core.frame.py] - WARNING - No face detected in frame: InMemoryFrame
2025-12-09 15:40:23,792 - [core.frame.py] - WARNING - No face detected in frame: InMemoryFrame
2025-12-09 15:40:23,871 - [VideoProcessor] - INFO - Finished MarkRutte_MariekeElsinga - Copy (3).mkv. Total detections: 125
2025-12-09 15:40:23,919 - [core.analyzer.py] - INFO - Analyzing video: ./data/input/MarkRutte\MarkRutte_MariekeElsinga - Copy (4).mkv
2025-12-09 15:40:23,982 - [VideoProcessor] - INFO - Starting processing: MarkRutte_MariekeElsinga - Copy (4).mkv (FPS: 25.00) Step: every 10 frames)
2025-12-09 15:40:25,517 - [core.frame.py] - WARNING - No face detected in frame: InMemoryFrame
2025-12-09 15:40:26,450 - [VideoProcessor] - INFO - Processed 10 frames...
2025-12-09 15:40:28,929 - [VideoProcessor] - INFO - Processed 20 frames...
2025-12-09 15:40:31,438 - [VideoProcessor] - INFO - Processed 30 frames...
2025-12-09 15:40:33,761 - [VideoProcessor] - INFO - Processed 40 frames...
2025-12-09 15:40:36,170 - [VideoProcessor] - INFO - Processed 50 frames...
2025-12-09 15:40:38,579 - [VideoProcessor] - INFO - Processed 60 frames...
2025-12-09 15:40:41,026 - [VideoProcessor] - INFO - Processed 70 frames...
2025-12-09 15:40:44,003 - [VideoProcessor] - INFO - Processed 80 frames...
2025-12-09 15:40:46,464 - [VideoProcessor] - INFO - Processed 90 frames...
2025-12-09 15:40:48,481 - [core.frame.py] - WARNING - No face detected in frame: InMemoryFrame
2025-12-09 15:40:48,986 - [VideoProcessor] - INFO - Processed 100 frames...
2025-12-09 15:40:51,488 - [VideoProcessor] - INFO - Processed 110 frames...
2025-12-09 15:40:54,510 - [core.frame.py] - WARNING - No face detected in frame: InMemoryFrame
2025-12-09 15:40:54,876 - [core.frame.py] - WARNING - No face detected in frame: InMemoryFrame
2025-12-09 15:40:55,202 - [VideoProcessor] - INFO - Processed 120 frames...
2025-12-09 15:40:56,608 - [core.frame.py] - WARNING - No face detected in frame: InMemoryFrame
2025-12-09 15:40:56,812 - [core.frame.py] - WARNING - No face detected in frame: InMemoryFrame
2025-12-09 15:40:57,028 - [core.frame.py] - WARNING - No face detected in frame: InMemoryFrame
2025-12-09 15:40:57,285 - [core.frame.py] - WARNING - No face detected in frame: InMemoryFrame
2025-12-09 15:40:57,534 - [core.frame.py] - WARNING - No face detected in frame: InMemoryFrame
2025-12-09 15:40:57,758 - [core.frame.py] - WARNING - No face detected in frame: InMemoryFrame
2025-12-09 15:40:57,972 - [core.frame.py] - WARNING - No face detected in frame: InMemoryFrame
2025-12-09 15:40:58,034 - [VideoProcessor] - INFO - Finished MarkRutte_MariekeElsinga - Copy (4).mkv. Total detections: 125
2025-12-09 15:40:58,077 - [core.analyzer.py] - INFO - Analyzing video: ./data/input/MarkRutte\MarkRutte_MariekeElsinga - Copy.mkv
2025-12-09 15:40:58,137 - [VideoProcessor] - INFO - Starting processing: MarkRutte_MariekeElsinga - Copy.mkv (FPS: 25.00) Step: every 10 frames)
2025-12-09 15:40:59,428 - [core.frame.py] - WARNING - No face detected in frame: InMemoryFrame
2025-12-09 15:41:00,193 - [VideoProcessor] - INFO - Processed 10 frames...
2025-12-09 15:41:02,458 - [VideoProcessor] - INFO - Processed 20 frames...
2025-12-09 15:41:04,886 - [VideoProcessor] - INFO - Processed 30 frames...
2025-12-09 15:41:07,079 - [VideoProcessor] - INFO - Processed 40 frames...
2025-12-09 15:41:09,354 - [VideoProcessor] - INFO - Processed 50 frames...
2025-12-09 15:41:11,539 - [VideoProcessor] - INFO - Processed 60 frames...
2025-12-09 15:41:13,872 - [VideoProcessor] - INFO - Processed 70 frames...
2025-12-09 15:41:16,723 - [VideoProcessor] - INFO - Processed 80 frames...
2025-12-09 15:41:19,112 - [VideoProcessor] - INFO - Processed 90 frames...
2025-12-09 15:41:21,015 - [core.frame.py] - WARNING - No face detected in frame: InMemoryFrame
2025-12-09 15:41:21,475 - [VideoProcessor] - INFO - Processed 100 frames...
2025-12-09 15:41:23,776 - [VideoProcessor] - INFO - Processed 110 frames...
2025-12-09 15:41:26,881 - [core.frame.py] - WARNING - No face detected in frame: InMemoryFrame
2025-12-09 15:41:27,148 - [core.frame.py] - WARNING - No face detected in frame: InMemoryFrame
2025-12-09 15:41:27,375 - [VideoProcessor] - INFO - Processed 120 frames...
2025-12-09 15:41:28,844 - [core.frame.py] - WARNING - No face detected in frame: InMemoryFrame
2025-12-09 15:41:29,036 - [core.frame.py] - WARNING - No face detected in frame: InMemoryFrame
2025-12-09 15:41:29,212 - [core.frame.py] - WARNING - No face detected in frame: InMemoryFrame
2025-12-09 15:41:29,395 - [core.frame.py] - WARNING - No face detected in frame: InMemoryFrame
2025-12-09 15:41:29,625 - [core.frame.py] - WARNING - No face detected in frame: InMemoryFrame
2025-12-09 15:41:29,824 - [core.frame.py] - WARNING - No face detected in frame: InMemoryFrame
2025-12-09 15:41:30,012 - [core.frame.py] - WARNING - No face detected in frame: InMemoryFrame
2025-12-09 15:41:30,047 - [VideoProcessor] - INFO - Finished MarkRutte_MariekeElsinga - Copy.mkv. Total detections: 125
2025-12-09 15:41:30,047 - [core.analyzer.py] - INFO - Analyzing video: ./data/input/MarkRutte\MarkRutte_MariekeElsinga.mkv
2025-12-09 15:41:30,085 - [VideoProcessor] - INFO - Starting processing: MarkRutte_MariekeElsinga.mkv (FPS: 25.00) Step: every 10 frames)
2025-12-09 15:41:31,486 - [core.frame.py] - WARNING - No face detected in frame: InMemoryFrame
2025-12-09 15:41:32,284 - [VideoProcessor] - INFO - Processed 10 frames...
2025-12-09 15:41:35,187 - [VideoProcessor] - INFO - Processed 20 frames...
2025-12-09 15:41:37,818 - [VideoProcessor] - INFO - Processed 30 frames...
2025-12-09 15:41:40,181 - [VideoProcessor] - INFO - Processed 40 frames...
2025-12-09 15:41:42,635 - [VideoProcessor] - INFO - Processed 50 frames...
2025-12-09 15:41:45,148 - [VideoProcessor] - INFO - Processed 60 frames...
2025-12-09 15:41:47,717 - [VideoProcessor] - INFO - Processed 70 frames...
2025-12-09 15:41:50,807 - [VideoProcessor] - INFO - Processed 80 frames...
2025-12-09 15:41:53,419 - [VideoProcessor] - INFO - Processed 90 frames...
2025-12-09 15:41:55,566 - [core.frame.py] - WARNING - No face detected in frame: InMemoryFrame
2025-12-09 15:41:56,069 - [VideoProcessor] - INFO - Processed 100 frames...
2025-12-09 15:41:58,285 - [VideoProcessor] - INFO - Processed 110 frames...
2025-12-09 15:42:01,120 - [core.frame.py] - WARNING - No face detected in frame: InMemoryFrame
2025-12-09 15:42:01,399 - [core.frame.py] - WARNING - No face detected in frame: InMemoryFrame
2025-12-09 15:42:01,631 - [VideoProcessor] - INFO - Processed 120 frames...
2025-12-09 15:42:02,699 - [core.frame.py] - WARNING - No face detected in frame: InMemoryFrame
2025-12-09 15:42:02,870 - [core.frame.py] - WARNING - No face detected in frame: InMemoryFrame
2025-12-09 15:42:03,051 - [core.frame.py] - WARNING - No face detected in frame: InMemoryFrame
2025-12-09 15:42:03,222 - [core.frame.py] - WARNING - No face detected in frame: InMemoryFrame
2025-12-09 15:42:03,396 - [core.frame.py] - WARNING - No face detected in frame: InMemoryFrame
2025-12-09 15:42:03,554 - [core.frame.py] - WARNING - No face detected in frame: InMemoryFrame
2025-12-09 15:42:03,724 - [core.frame.py] - WARNING - No face detected in frame: InMemoryFrame
2025-12-09 15:42:03,762 - [VideoProcessor] - INFO - Finished MarkRutte_MariekeElsinga.mkv. Total detections: 125
2025-12-09 15:42:03,775 - [core.analyzer.py] - INFO - Analyzing video: ./data/input/MarkRutte\MarkRutte_MatthijsNieuwkerk - Copy (2).mp4
2025-12-09 15:42:03,796 - [VideoProcessor] - INFO - Starting processing: MarkRutte_MatthijsNieuwkerk - Copy (2).mp4 (FPS: 25.00) Step: every 10 frames)
2025-12-09 15:42:03,842 - [core.frame.py] - WARNING - No face detected in frame: InMemoryFrame
2025-12-09 15:42:04,210 - [core.frame.py] - WARNING - No face detected in frame: InMemoryFrame
2025-12-09 15:42:04,256 - [core.frame.py] - WARNING - No face detected in frame: InMemoryFrame
2025-12-09 15:42:04,291 - [core.frame.py] - WARNING - No face detected in frame: InMemoryFrame
2025-12-09 15:42:04,341 - [core.frame.py] - WARNING - No face detected in frame: InMemoryFrame
2025-12-09 15:42:04,471 - [VideoProcessor] - INFO - Processed 10 frames...
2025-12-09 15:42:04,684 - [core.frame.py] - WARNING - No face detected in frame: InMemoryFrame
2025-12-09 15:42:04,733 - [core.frame.py] - WARNING - No face detected in frame: InMemoryFrame
2025-12-09 15:42:04,777 - [core.frame.py] - WARNING - No face detected in frame: InMemoryFrame
2025-12-09 15:42:04,807 - [core.frame.py] - WARNING - No face detected in frame: InMemoryFrame
2025-12-09 15:42:04,857 - [core.frame.py] - WARNING - No face detected in frame: InMemoryFrame
2025-12-09 15:42:04,895 - [core.frame.py] - WARNING - No face detected in frame: InMemoryFrame
2025-12-09 15:42:04,941 - [core.frame.py] - WARNING - No face detected in frame: InMemoryFrame
2025-12-09 15:42:04,994 - [core.frame.py] - WARNING - No face detected in frame: InMemoryFrame
2025-12-09 15:42:05,040 - [core.frame.py] - WARNING - No face detected in frame: InMemoryFrame
2025-12-09 15:42:05,075 - [core.frame.py] - WARNING - No face detected in frame: InMemoryFrame
2025-12-09 15:42:05,366 - [VideoProcessor] - INFO - Processed 20 frames...
2025-12-09 15:42:05,908 - [VideoProcessor] - INFO - Processed 30 frames...
2025-12-09 15:42:06,340 - [VideoProcessor] - INFO - Processed 40 frames...
2025-12-09 15:42:06,734 - [VideoProcessor] - INFO - Processed 50 frames...
2025-12-09 15:42:07,083 - [VideoProcessor] - INFO - Processed 60 frames...
2025-12-09 15:42:07,126 - [core.frame.py] - WARNING - No face detected in frame: InMemoryFrame
2025-12-09 15:42:07,144 - [VideoProcessor] - INFO - Processed 60 frames...
2025-12-09 15:42:07,176 - [core.frame.py] - WARNING - No face detected in frame: InMemoryFrame
2025-12-09 15:42:07,196 - [VideoProcessor] - INFO - Processed 60 frames...
2025-12-09 15:42:07,232 - [core.frame.py] - WARNING - No face detected in frame: InMemoryFrame
2025-12-09 15:42:07,249 - [VideoProcessor] - INFO - Processed 60 frames...
2025-12-09 15:42:07,282 - [core.frame.py] - WARNING - No face detected in frame: InMemoryFrame
2025-12-09 15:42:07,297 - [VideoProcessor] - INFO - Processed 60 frames...
2025-12-09 15:42:07,327 - [core.frame.py] - WARNING - No face detected in frame: InMemoryFrame
2025-12-09 15:42:07,343 - [VideoProcessor] - INFO - Processed 60 frames...
2025-12-09 15:42:07,430 - [core.frame.py] - WARNING - No face detected in frame: InMemoryFrame
2025-12-09 15:42:07,460 - [core.frame.py] - WARNING - No face detected in frame: InMemoryFrame
2025-12-09 15:42:07,509 - [core.frame.py] - WARNING - No face detected in frame: InMemoryFrame
2025-12-09 15:42:07,559 - [core.frame.py] - WARNING - No face detected in frame: InMemoryFrame
2025-12-09 15:42:07,593 - [core.frame.py] - WARNING - No face detected in frame: InMemoryFrame
2025-12-09 15:42:07,641 - [core.frame.py] - WARNING - No face detected in frame: InMemoryFrame
2025-12-09 15:42:07,676 - [core.frame.py] - WARNING - No face detected in frame: InMemoryFrame
2025-12-09 15:42:07,726 - [core.frame.py] - WARNING - No face detected in frame: InMemoryFrame
2025-12-09 15:42:07,961 - [core.frame.py] - WARNING - No face detected in frame: InMemoryFrame
2025-12-09 15:42:08,073 - [core.frame.py] - WARNING - No face detected in frame: InMemoryFrame
2025-12-09 15:42:08,175 - [VideoProcessor] - INFO - Processed 70 frames...
2025-12-09 15:42:08,560 - [VideoProcessor] - INFO - Processed 80 frames...
2025-12-09 15:42:08,883 - [core.frame.py] - WARNING - No face detected in frame: InMemoryFrame
2025-12-09 15:42:08,960 - [core.frame.py] - WARNING - No face detected in frame: InMemoryFrame
2025-12-09 15:42:09,010 - [core.frame.py] - WARNING - No face detected in frame: InMemoryFrame
2025-12-09 15:42:09,060 - [core.frame.py] - WARNING - No face detected in frame: InMemoryFrame
2025-12-09 15:42:09,108 - [core.frame.py] - WARNING - No face detected in frame: InMemoryFrame
2025-12-09 15:42:09,143 - [core.frame.py] - WARNING - No face detected in frame: InMemoryFrame
2025-12-09 15:42:09,195 - [core.frame.py] - WARNING - No face detected in frame: InMemoryFrame
2025-12-09 15:42:09,231 - [core.frame.py] - WARNING - No face detected in frame: InMemoryFrame
2025-12-09 15:42:09,275 - [core.frame.py] - WARNING - No face detected in frame: InMemoryFrame
2025-12-09 15:42:09,337 - [VideoProcessor] - INFO - Processed 90 frames...
2025-12-09 15:42:09,614 - [core.frame.py] - WARNING - No face detected in frame: InMemoryFrame
2025-12-09 15:42:09,648 - [core.frame.py] - WARNING - No face detected in frame: InMemoryFrame
2025-12-09 15:42:09,837 - [VideoProcessor] - INFO - Processed 100 frames...
2025-12-09 15:42:10,310 - [VideoProcessor] - INFO - Processed 110 frames...
2025-12-09 15:42:10,762 - [VideoProcessor] - INFO - Processed 120 frames...
2025-12-09 15:42:11,225 - [VideoProcessor] - INFO - Processed 130 frames...
2025-12-09 15:42:11,771 - [VideoProcessor] - INFO - Processed 140 frames...
2025-12-09 15:42:12,290 - [VideoProcessor] - INFO - Processed 150 frames...
2025-12-09 15:42:12,687 - [VideoProcessor] - INFO - Processed 160 frames...
2025-12-09 15:42:13,042 - [core.frame.py] - WARNING - No face detected in frame: InMemoryFrame
2025-12-09 15:42:13,128 - [VideoProcessor] - INFO - Processed 170 frames...
2025-12-09 15:42:13,543 - [VideoProcessor] - INFO - Processed 180 frames...
2025-12-09 15:42:14,032 - [VideoProcessor] - INFO - Processed 190 frames...
2025-12-09 15:42:14,376 - [core.frame.py] - WARNING - No face detected in frame: InMemoryFrame
2025-12-09 15:42:14,458 - [core.frame.py] - WARNING - No face detected in frame: InMemoryFrame
2025-12-09 15:42:14,585 - [core.frame.py] - WARNING - No face detected in frame: InMemoryFrame
2025-12-09 15:42:14,637 - [core.frame.py] - WARNING - No face detected in frame: InMemoryFrame
2025-12-09 15:42:14,700 - [VideoProcessor] - INFO - Processed 200 frames...
2025-12-09 15:45:34,239 - [core.analyzer.py] - INFO - Starting analysis on ./data/input/MarkRutte
2025-12-09 15:45:34,247 - [core.analyzer.py] - INFO - Analyzing videos in directory: ./data/input/MarkRutte
2025-12-09 15:45:34,257 - [core.analyzer.py] - INFO - Getting video from folder ./data/input/MarkRutte
2025-12-09 15:45:34,267 - [core.analyzer.py] - INFO - Found 2 videos in ./data/input/MarkRutte
2025-12-09 15:45:34,276 - [core.analyzer.py] - INFO - Analyzing video: ./data/input/MarkRutte\MarkRutte_MariekeElsinga.mkv
2025-12-09 15:45:34,388 - [VideoProcessor] - INFO - Starting processing: MarkRutte_MariekeElsinga.mkv (FPS: 25.00) Step: every 10 frames)
2025-12-09 15:45:38,515 - [core.frame.py] - WARNING - No face detected in frame: InMemoryFrame
2025-12-09 15:45:39,329 - [VideoProcessor] - INFO - Processed 10 frames...
2025-12-09 15:45:41,602 - [VideoProcessor] - INFO - Processed 20 frames...
2025-12-09 15:45:43,898 - [VideoProcessor] - INFO - Processed 30 frames...
2025-12-09 15:45:45,936 - [VideoProcessor] - INFO - Processed 40 frames...
2025-12-09 15:45:48,077 - [VideoProcessor] - INFO - Processed 50 frames...
2025-12-09 15:45:50,174 - [VideoProcessor] - INFO - Processed 60 frames...
2025-12-09 15:45:52,349 - [VideoProcessor] - INFO - Processed 70 frames...
2025-12-09 15:45:55,011 - [VideoProcessor] - INFO - Processed 80 frames...
2025-12-09 15:45:57,206 - [VideoProcessor] - INFO - Processed 90 frames...
2025-12-09 15:45:58,964 - [core.frame.py] - WARNING - No face detected in frame: InMemoryFrame
2025-12-09 15:45:59,379 - [VideoProcessor] - INFO - Processed 100 frames...
2025-12-09 15:46:01,547 - [VideoProcessor] - INFO - Processed 110 frames...
2025-12-09 15:46:04,023 - [core.frame.py] - WARNING - No face detected in frame: InMemoryFrame
2025-12-09 15:46:04,294 - [core.frame.py] - WARNING - No face detected in frame: InMemoryFrame
2025-12-09 15:46:04,497 - [VideoProcessor] - INFO - Processed 120 frames...
2025-12-09 15:46:05,653 - [core.frame.py] - WARNING - No face detected in frame: InMemoryFrame
2025-12-09 15:46:05,849 - [core.frame.py] - WARNING - No face detected in frame: InMemoryFrame
2025-12-09 15:46:06,032 - [core.frame.py] - WARNING - No face detected in frame: InMemoryFrame
2025-12-09 15:46:06,213 - [core.frame.py] - WARNING - No face detected in frame: InMemoryFrame
2025-12-09 15:46:06,401 - [core.frame.py] - WARNING - No face detected in frame: InMemoryFrame
2025-12-09 15:46:06,576 - [core.frame.py] - WARNING - No face detected in frame: InMemoryFrame
2025-12-09 15:46:06,761 - [core.frame.py] - WARNING - No face detected in frame: InMemoryFrame
2025-12-09 15:46:06,785 - [VideoProcessor] - INFO - Finished MarkRutte_MariekeElsinga.mkv. Total detections: 125
2025-12-09 15:46:06,796 - [core.analyzer.py] - INFO - Analyzing video: ./data/input/MarkRutte\MarkRutte_MatthijsNieuwkerk.mp4
2025-12-09 15:46:06,819 - [VideoProcessor] - INFO - Starting processing: MarkRutte_MatthijsNieuwkerk.mp4 (FPS: 25.00) Step: every 10 frames)
2025-12-09 15:46:06,870 - [core.frame.py] - WARNING - No face detected in frame: InMemoryFrame
2025-12-09 15:46:07,245 - [core.frame.py] - WARNING - No face detected in frame: InMemoryFrame
2025-12-09 15:46:07,290 - [core.frame.py] - WARNING - No face detected in frame: InMemoryFrame
2025-12-09 15:46:07,333 - [core.frame.py] - WARNING - No face detected in frame: InMemoryFrame
2025-12-09 15:46:07,380 - [core.frame.py] - WARNING - No face detected in frame: InMemoryFrame
2025-12-09 15:46:07,522 - [VideoProcessor] - INFO - Processed 10 frames...
2025-12-09 15:46:07,734 - [core.frame.py] - WARNING - No face detected in frame: InMemoryFrame
2025-12-09 15:46:07,777 - [core.frame.py] - WARNING - No face detected in frame: InMemoryFrame
2025-12-09 15:46:07,822 - [core.frame.py] - WARNING - No face detected in frame: InMemoryFrame
2025-12-09 15:46:07,868 - [core.frame.py] - WARNING - No face detected in frame: InMemoryFrame
2025-12-09 15:46:07,913 - [core.frame.py] - WARNING - No face detected in frame: InMemoryFrame
2025-12-09 15:46:07,956 - [core.frame.py] - WARNING - No face detected in frame: InMemoryFrame
2025-12-09 15:46:07,998 - [core.frame.py] - WARNING - No face detected in frame: InMemoryFrame
2025-12-09 15:46:08,044 - [core.frame.py] - WARNING - No face detected in frame: InMemoryFrame
2025-12-09 15:46:08,090 - [core.frame.py] - WARNING - No face detected in frame: InMemoryFrame
2025-12-09 15:46:08,135 - [core.frame.py] - WARNING - No face detected in frame: InMemoryFrame
2025-12-09 15:46:08,429 - [VideoProcessor] - INFO - Processed 20 frames...
2025-12-09 15:46:09,033 - [VideoProcessor] - INFO - Processed 30 frames...
2025-12-09 15:46:09,480 - [VideoProcessor] - INFO - Processed 40 frames...
2025-12-09 15:46:09,906 - [VideoProcessor] - INFO - Processed 50 frames...
2025-12-09 15:46:10,298 - [VideoProcessor] - INFO - Processed 60 frames...
2025-12-09 15:46:10,339 - [core.frame.py] - WARNING - No face detected in frame: InMemoryFrame
2025-12-09 15:46:10,350 - [VideoProcessor] - INFO - Processed 60 frames...
2025-12-09 15:46:10,392 - [core.frame.py] - WARNING - No face detected in frame: InMemoryFrame
2025-12-09 15:46:10,408 - [VideoProcessor] - INFO - Processed 60 frames...
2025-12-09 15:46:10,449 - [core.frame.py] - WARNING - No face detected in frame: InMemoryFrame
2025-12-09 15:46:10,461 - [VideoProcessor] - INFO - Processed 60 frames...
2025-12-09 15:46:10,503 - [core.frame.py] - WARNING - No face detected in frame: InMemoryFrame
2025-12-09 15:46:10,515 - [VideoProcessor] - INFO - Processed 60 frames...
2025-12-09 15:46:10,555 - [core.frame.py] - WARNING - No face detected in frame: InMemoryFrame
2025-12-09 15:46:10,572 - [VideoProcessor] - INFO - Processed 60 frames...
2025-12-09 15:46:10,653 - [core.frame.py] - WARNING - No face detected in frame: InMemoryFrame
2025-12-09 15:46:10,695 - [core.frame.py] - WARNING - No face detected in frame: InMemoryFrame
2025-12-09 15:46:10,738 - [core.frame.py] - WARNING - No face detected in frame: InMemoryFrame
2025-12-09 15:46:10,783 - [core.frame.py] - WARNING - No face detected in frame: InMemoryFrame
2025-12-09 15:46:10,831 - [core.frame.py] - WARNING - No face detected in frame: InMemoryFrame
2025-12-09 15:46:10,874 - [core.frame.py] - WARNING - No face detected in frame: InMemoryFrame
2025-12-09 15:46:10,919 - [core.frame.py] - WARNING - No face detected in frame: InMemoryFrame
2025-12-09 15:46:10,968 - [core.frame.py] - WARNING - No face detected in frame: InMemoryFrame
2025-12-09 15:46:11,230 - [core.frame.py] - WARNING - No face detected in frame: InMemoryFrame
2025-12-09 15:46:11,352 - [core.frame.py] - WARNING - No face detected in frame: InMemoryFrame
2025-12-09 15:46:11,459 - [VideoProcessor] - INFO - Processed 70 frames...
2025-12-09 15:46:11,864 - [VideoProcessor] - INFO - Processed 80 frames...
2025-12-09 15:46:12,228 - [core.frame.py] - WARNING - No face detected in frame: InMemoryFrame
2025-12-09 15:46:12,318 - [core.frame.py] - WARNING - No face detected in frame: InMemoryFrame
2025-12-09 15:46:12,367 - [core.frame.py] - WARNING - No face detected in frame: InMemoryFrame
2025-12-09 15:46:12,413 - [core.frame.py] - WARNING - No face detected in frame: InMemoryFrame
2025-12-09 15:46:12,461 - [core.frame.py] - WARNING - No face detected in frame: InMemoryFrame
2025-12-09 15:46:12,514 - [core.frame.py] - WARNING - No face detected in frame: InMemoryFrame
2025-12-09 15:46:12,560 - [core.frame.py] - WARNING - No face detected in frame: InMemoryFrame
2025-12-09 15:46:12,608 - [core.frame.py] - WARNING - No face detected in frame: InMemoryFrame
2025-12-09 15:46:12,660 - [core.frame.py] - WARNING - No face detected in frame: InMemoryFrame
2025-12-09 15:46:12,725 - [VideoProcessor] - INFO - Processed 90 frames...
2025-12-09 15:46:13,022 - [core.frame.py] - WARNING - No face detected in frame: InMemoryFrame
2025-12-09 15:46:13,065 - [core.frame.py] - WARNING - No face detected in frame: InMemoryFrame
2025-12-09 15:46:13,259 - [VideoProcessor] - INFO - Processed 100 frames...
2025-12-09 15:46:13,779 - [VideoProcessor] - INFO - Processed 110 frames...
2025-12-09 15:46:14,263 - [VideoProcessor] - INFO - Processed 120 frames...
2025-12-09 15:46:14,770 - [VideoProcessor] - INFO - Processed 130 frames...
2025-12-09 15:46:15,420 - [VideoProcessor] - INFO - Processed 140 frames...
2025-12-09 15:46:16,005 - [VideoProcessor] - INFO - Processed 150 frames...
2025-12-09 15:46:16,458 - [VideoProcessor] - INFO - Processed 160 frames...
2025-12-09 15:46:16,853 - [core.frame.py] - WARNING - No face detected in frame: InMemoryFrame
2025-12-09 15:46:16,954 - [VideoProcessor] - INFO - Processed 170 frames...
2025-12-09 15:46:17,402 - [VideoProcessor] - INFO - Processed 180 frames...
2025-12-09 15:46:17,900 - [VideoProcessor] - INFO - Processed 190 frames...
2025-12-09 15:46:18,268 - [core.frame.py] - WARNING - No face detected in frame: InMemoryFrame
2025-12-09 15:46:18,355 - [core.frame.py] - WARNING - No face detected in frame: InMemoryFrame
2025-12-09 15:46:18,511 - [core.frame.py] - WARNING - No face detected in frame: InMemoryFrame
2025-12-09 15:46:18,582 - [core.frame.py] - WARNING - No face detected in frame: InMemoryFrame
2025-12-09 15:46:18,666 - [VideoProcessor] - INFO - Processed 200 frames...
2025-12-09 15:46:19,134 - [VideoProcessor] - INFO - Processed 210 frames...
2025-12-09 15:46:19,598 - [core.frame.py] - WARNING - No face detected in frame: InMemoryFrame
2025-12-09 15:46:19,689 - [VideoProcessor] - INFO - Processed 220 frames...
2025-12-09 15:46:19,768 - [core.frame.py] - WARNING - No face detected in frame: InMemoryFrame
2025-12-09 15:46:19,816 - [VideoProcessor] - INFO - Processed 220 frames...
2025-12-09 15:46:19,886 - [core.frame.py] - WARNING - No face detected in frame: InMemoryFrame
2025-12-09 15:46:19,930 - [VideoProcessor] - INFO - Processed 220 frames...
2025-12-09 15:46:20,003 - [core.frame.py] - WARNING - No face detected in frame: InMemoryFrame
2025-12-09 15:46:20,058 - [VideoProcessor] - INFO - Processed 220 frames...
2025-12-09 15:46:20,175 - [core.frame.py] - WARNING - No face detected in frame: InMemoryFrame
2025-12-09 15:46:20,253 - [core.frame.py] - WARNING - No face detected in frame: InMemoryFrame
2025-12-09 15:46:20,329 - [core.frame.py] - WARNING - No face detected in frame: InMemoryFrame
2025-12-09 15:46:20,451 - [core.frame.py] - WARNING - No face detected in frame: InMemoryFrame
2025-12-09 15:46:20,518 - [core.frame.py] - WARNING - No face detected in frame: InMemoryFrame
2025-12-09 15:46:20,592 - [core.frame.py] - WARNING - No face detected in frame: InMemoryFrame
2025-12-09 15:46:20,992 - [VideoProcessor] - INFO - Processed 230 frames...
2025-12-09 15:46:21,290 - [VideoProcessor] - INFO - Finished MarkRutte_MatthijsNieuwkerk.mp4. Total detections: 235
2025-12-09 15:46:21,358 - [StatsService] - INFO - Generating statistical report...
2025-12-09 15:46:21,422 - [CSVStorage] - INFO - Statistics report saved to ./data/output/MarkRutte\summary_report.csv
2025-12-09 15:46:21,664 - [StatsService] - INFO - Report generated for 2 videos.
2025-12-09 16:50:49,612 - [core.analyzer.py] - INFO - Starting analysis on ./data/input/MarkRutte
2025-12-09 16:50:49,613 - [core.analyzer.py] - INFO - Analyzing videos in directory: ./data/input/MarkRutte
2025-12-09 16:50:49,629 - [core.analyzer.py] - INFO - Getting video from folder ./data/input/MarkRutte
2025-12-09 16:50:49,631 - [core.analyzer.py] - INFO - Found 2 videos in ./data/input/MarkRutte
2025-12-09 16:50:49,648 - [core.analyzer.py] - INFO - Analyzing video: ./data/input/MarkRutte\MarkRutte_MariekeElsinga.mkv
2025-12-09 16:50:49,684 - [VideoProcessor] - INFO - Starting processing: MarkRutte_MariekeElsinga.mkv (FPS: 25.00) Step: every 10 frames)
2025-12-09 16:50:52,715 - [core.frame.py] - WARNING - No face detected in frame: InMemoryFrame
2025-12-09 16:50:53,462 - [VideoProcessor] - INFO - Processed 10 frames...
2025-12-09 16:50:55,712 - [VideoProcessor] - INFO - Processed 20 frames...
2025-12-09 16:50:57,896 - [VideoProcessor] - INFO - Processed 30 frames...
2025-12-09 16:50:59,980 - [VideoProcessor] - INFO - Processed 40 frames...
2025-12-09 16:51:02,181 - [VideoProcessor] - INFO - Processed 50 frames...
2025-12-09 16:51:04,345 - [VideoProcessor] - INFO - Processed 60 frames...
2025-12-09 16:51:06,550 - [VideoProcessor] - INFO - Processed 70 frames...
2025-12-09 16:51:09,383 - [VideoProcessor] - INFO - Processed 80 frames...
2025-12-09 16:51:11,710 - [VideoProcessor] - INFO - Processed 90 frames...
2025-12-09 16:51:13,571 - [core.frame.py] - WARNING - No face detected in frame: InMemoryFrame
2025-12-09 16:51:13,979 - [VideoProcessor] - INFO - Processed 100 frames...
2025-12-09 16:51:16,189 - [VideoProcessor] - INFO - Processed 110 frames...
2025-12-09 16:51:18,661 - [core.frame.py] - WARNING - No face detected in frame: InMemoryFrame
2025-12-09 16:51:18,922 - [core.frame.py] - WARNING - No face detected in frame: InMemoryFrame
2025-12-09 16:51:19,135 - [VideoProcessor] - INFO - Processed 120 frames...
2025-12-09 16:51:20,371 - [core.frame.py] - WARNING - No face detected in frame: InMemoryFrame
2025-12-09 16:51:20,559 - [core.frame.py] - WARNING - No face detected in frame: InMemoryFrame
2025-12-09 16:51:20,739 - [core.frame.py] - WARNING - No face detected in frame: InMemoryFrame
2025-12-09 16:51:20,925 - [core.frame.py] - WARNING - No face detected in frame: InMemoryFrame
2025-12-09 16:51:21,087 - [core.frame.py] - WARNING - No face detected in frame: InMemoryFrame
2025-12-09 16:51:21,283 - [core.frame.py] - WARNING - No face detected in frame: InMemoryFrame
2025-12-09 16:51:21,466 - [core.frame.py] - WARNING - No face detected in frame: InMemoryFrame
2025-12-09 16:51:21,490 - [VideoProcessor] - INFO - Finished MarkRutte_MariekeElsinga.mkv. Total detections: 125
2025-12-09 16:51:21,490 - [core.analyzer.py] - INFO - Analyzing video: ./data/input/MarkRutte\MarkRutte_MatthijsNieuwkerk.mp4
2025-12-09 16:51:21,521 - [VideoProcessor] - INFO - Starting processing: MarkRutte_MatthijsNieuwkerk.mp4 (FPS: 25.00) Step: every 10 frames)
2025-12-09 16:51:21,574 - [core.frame.py] - WARNING - No face detected in frame: InMemoryFrame
2025-12-09 16:51:21,992 - [core.frame.py] - WARNING - No face detected in frame: InMemoryFrame
2025-12-09 16:51:22,035 - [core.frame.py] - WARNING - No face detected in frame: InMemoryFrame
2025-12-09 16:51:22,081 - [core.frame.py] - WARNING - No face detected in frame: InMemoryFrame
2025-12-09 16:51:22,124 - [core.frame.py] - WARNING - No face detected in frame: InMemoryFrame
2025-12-09 16:51:22,272 - [VideoProcessor] - INFO - Processed 10 frames...
2025-12-09 16:51:22,499 - [core.frame.py] - WARNING - No face detected in frame: InMemoryFrame
2025-12-09 16:51:22,548 - [core.frame.py] - WARNING - No face detected in frame: InMemoryFrame
2025-12-09 16:51:22,589 - [core.frame.py] - WARNING - No face detected in frame: InMemoryFrame
2025-12-09 16:51:22,648 - [core.frame.py] - WARNING - No face detected in frame: InMemoryFrame
2025-12-09 16:51:22,690 - [core.frame.py] - WARNING - No face detected in frame: InMemoryFrame
2025-12-09 16:51:22,739 - [core.frame.py] - WARNING - No face detected in frame: InMemoryFrame
2025-12-09 16:51:22,784 - [core.frame.py] - WARNING - No face detected in frame: InMemoryFrame
2025-12-09 16:51:22,823 - [core.frame.py] - WARNING - No face detected in frame: InMemoryFrame
2025-12-09 16:51:22,873 - [core.frame.py] - WARNING - No face detected in frame: InMemoryFrame
2025-12-09 16:51:22,923 - [core.frame.py] - WARNING - No face detected in frame: InMemoryFrame
2025-12-09 16:51:23,224 - [VideoProcessor] - INFO - Processed 20 frames...
2025-12-09 16:51:23,887 - [VideoProcessor] - INFO - Processed 30 frames...
2025-12-09 16:51:24,348 - [VideoProcessor] - INFO - Processed 40 frames...
2025-12-09 16:51:24,805 - [VideoProcessor] - INFO - Processed 50 frames...
2025-12-09 16:51:25,222 - [VideoProcessor] - INFO - Processed 60 frames...
2025-12-09 16:51:25,276 - [core.frame.py] - WARNING - No face detected in frame: InMemoryFrame
2025-12-09 16:51:25,289 - [VideoProcessor] - INFO - Processed 60 frames...
2025-12-09 16:51:25,335 - [core.frame.py] - WARNING - No face detected in frame: InMemoryFrame
2025-12-09 16:51:25,347 - [VideoProcessor] - INFO - Processed 60 frames...
2025-12-09 16:51:25,390 - [core.frame.py] - WARNING - No face detected in frame: InMemoryFrame
2025-12-09 16:51:25,404 - [VideoProcessor] - INFO - Processed 60 frames...
2025-12-09 16:51:25,449 - [core.frame.py] - WARNING - No face detected in frame: InMemoryFrame
2025-12-09 16:51:25,462 - [VideoProcessor] - INFO - Processed 60 frames...
2025-12-09 16:51:25,509 - [core.frame.py] - WARNING - No face detected in frame: InMemoryFrame
2025-12-09 16:51:25,522 - [VideoProcessor] - INFO - Processed 60 frames...
2025-12-09 16:51:25,610 - [core.frame.py] - WARNING - No face detected in frame: InMemoryFrame
2025-12-09 16:51:25,652 - [core.frame.py] - WARNING - No face detected in frame: InMemoryFrame
2025-12-09 16:51:25,703 - [core.frame.py] - WARNING - No face detected in frame: InMemoryFrame
2025-12-09 16:51:25,751 - [core.frame.py] - WARNING - No face detected in frame: InMemoryFrame
2025-12-09 16:51:25,800 - [core.frame.py] - WARNING - No face detected in frame: InMemoryFrame
2025-12-09 16:51:25,843 - [core.frame.py] - WARNING - No face detected in frame: InMemoryFrame
2025-12-09 16:51:25,893 - [core.frame.py] - WARNING - No face detected in frame: InMemoryFrame
2025-12-09 16:51:25,942 - [core.frame.py] - WARNING - No face detected in frame: InMemoryFrame
2025-12-09 16:51:26,231 - [core.frame.py] - WARNING - No face detected in frame: InMemoryFrame
2025-12-09 16:51:26,368 - [core.frame.py] - WARNING - No face detected in frame: InMemoryFrame
2025-12-09 16:51:26,488 - [VideoProcessor] - INFO - Processed 70 frames...
2025-12-09 16:51:26,924 - [VideoProcessor] - INFO - Processed 80 frames...
2025-12-09 16:51:27,363 - [core.frame.py] - WARNING - No face detected in frame: InMemoryFrame
2025-12-09 16:51:27,455 - [core.frame.py] - WARNING - No face detected in frame: InMemoryFrame
2025-12-09 16:51:27,508 - [core.frame.py] - WARNING - No face detected in frame: InMemoryFrame
2025-12-09 16:51:27,556 - [core.frame.py] - WARNING - No face detected in frame: InMemoryFrame
2025-12-09 16:51:27,607 - [core.frame.py] - WARNING - No face detected in frame: InMemoryFrame
2025-12-09 16:51:27,655 - [core.frame.py] - WARNING - No face detected in frame: InMemoryFrame
2025-12-09 16:51:27,702 - [core.frame.py] - WARNING - No face detected in frame: InMemoryFrame
2025-12-09 16:51:27,750 - [core.frame.py] - WARNING - No face detected in frame: InMemoryFrame
2025-12-09 16:51:27,801 - [core.frame.py] - WARNING - No face detected in frame: InMemoryFrame
2025-12-09 16:51:27,874 - [VideoProcessor] - INFO - Processed 90 frames...
2025-12-09 16:51:28,194 - [core.frame.py] - WARNING - No face detected in frame: InMemoryFrame
2025-12-09 16:51:28,236 - [core.frame.py] - WARNING - No face detected in frame: InMemoryFrame
2025-12-09 16:51:28,444 - [VideoProcessor] - INFO - Processed 100 frames...
2025-12-09 16:51:29,016 - [VideoProcessor] - INFO - Processed 110 frames...
2025-12-09 16:51:29,528 - [VideoProcessor] - INFO - Processed 120 frames...
2025-12-09 16:51:30,100 - [VideoProcessor] - INFO - Processed 130 frames...
2025-12-09 16:51:30,799 - [VideoProcessor] - INFO - Processed 140 frames...
2025-12-09 16:51:31,425 - [VideoProcessor] - INFO - Processed 150 frames...
2025-12-09 16:51:31,905 - [VideoProcessor] - INFO - Processed 160 frames...
2025-12-09 16:51:32,325 - [core.frame.py] - WARNING - No face detected in frame: InMemoryFrame
2025-12-09 16:51:32,425 - [VideoProcessor] - INFO - Processed 170 frames...
2025-12-09 16:51:32,925 - [VideoProcessor] - INFO - Processed 180 frames...
2025-12-09 16:51:33,452 - [VideoProcessor] - INFO - Processed 190 frames...
2025-12-09 16:51:33,823 - [core.frame.py] - WARNING - No face detected in frame: InMemoryFrame
2025-12-09 16:51:33,911 - [core.frame.py] - WARNING - No face detected in frame: InMemoryFrame
2025-12-09 16:51:34,082 - [core.frame.py] - WARNING - No face detected in frame: InMemoryFrame
2025-12-09 16:51:34,157 - [core.frame.py] - WARNING - No face detected in frame: InMemoryFrame
2025-12-09 16:51:34,256 - [VideoProcessor] - INFO - Processed 200 frames...
2025-12-09 16:51:34,775 - [VideoProcessor] - INFO - Processed 210 frames...
2025-12-09 16:51:35,275 - [core.frame.py] - WARNING - No face detected in frame: InMemoryFrame
2025-12-09 16:51:35,371 - [VideoProcessor] - INFO - Processed 220 frames...
2025-12-09 16:51:35,451 - [core.frame.py] - WARNING - No face detected in frame: InMemoryFrame
2025-12-09 16:51:35,509 - [VideoProcessor] - INFO - Processed 220 frames...
2025-12-09 16:51:35,586 - [core.frame.py] - WARNING - No face detected in frame: InMemoryFrame
2025-12-09 16:51:35,639 - [VideoProcessor] - INFO - Processed 220 frames...
2025-12-09 16:51:35,717 - [core.frame.py] - WARNING - No face detected in frame: InMemoryFrame
2025-12-09 16:51:35,764 - [VideoProcessor] - INFO - Processed 220 frames...
2025-12-09 16:51:35,872 - [core.frame.py] - WARNING - No face detected in frame: InMemoryFrame
2025-12-09 16:51:35,945 - [core.frame.py] - WARNING - No face detected in frame: InMemoryFrame
2025-12-09 16:51:36,015 - [core.frame.py] - WARNING - No face detected in frame: InMemoryFrame
2025-12-09 16:51:36,129 - [core.frame.py] - WARNING - No face detected in frame: InMemoryFrame
2025-12-09 16:51:36,201 - [core.frame.py] - WARNING - No face detected in frame: InMemoryFrame
2025-12-09 16:51:36,273 - [core.frame.py] - WARNING - No face detected in frame: InMemoryFrame
2025-12-09 16:51:36,709 - [VideoProcessor] - INFO - Processed 230 frames...
2025-12-09 16:51:37,066 - [VideoProcessor] - INFO - Finished MarkRutte_MatthijsNieuwkerk.mp4. Total detections: 235
2025-12-09 16:51:37,137 - [StatsService] - INFO - Generating statistical report...
2025-12-09 16:51:37,198 - [CSVStorage] - INFO - Statistics report saved to ./data/output\summary_report.csv
2025-12-09 16:51:37,242 - [StatsService] - INFO - Report generated for 2 videos.
2025-12-09 17:01:14,166 - [core.analyzer.py] - INFO - Starting analysis on ./data/input/MarkRutte
2025-12-09 17:01:14,210 - [core.analyzer.py] - INFO - Analyzing videos in directory: ./data/input/MarkRutte
2025-12-09 17:01:14,252 - [core.analyzer.py] - INFO - Getting video from folder ./data/input/MarkRutte
2025-12-09 17:01:14,301 - [core.analyzer.py] - INFO - Found 2 videos in ./data/input/MarkRutte
2025-12-09 17:01:14,335 - [core.analyzer.py] - INFO - Analyzing video: ./data/input/MarkRutte\MarkRutte_MariekeElsinga.mkv
2025-12-09 17:01:14,399 - [VideoProcessor] - INFO - Starting processing: MarkRutte_MariekeElsinga.mkv (FPS: 25.00) Step: every 10 frames)
2025-12-09 17:01:15,717 - [core.frame.py] - WARNING - No face detected in frame: InMemoryFrame
2025-12-09 17:01:16,500 - [VideoProcessor] - INFO - Processed 10 frames...
2025-12-09 17:01:18,690 - [VideoProcessor] - INFO - Processed 20 frames...
2025-12-09 17:01:20,968 - [VideoProcessor] - INFO - Processed 30 frames...
2025-12-09 17:01:23,023 - [VideoProcessor] - INFO - Processed 40 frames...
2025-12-09 17:01:25,288 - [VideoProcessor] - INFO - Processed 50 frames...
2025-12-09 17:01:27,620 - [VideoProcessor] - INFO - Processed 60 frames...
2025-12-09 17:01:29,804 - [VideoProcessor] - INFO - Processed 70 frames...
2025-12-09 17:01:32,805 - [VideoProcessor] - INFO - Processed 80 frames...
2025-12-09 17:01:35,374 - [VideoProcessor] - INFO - Processed 90 frames...
2025-12-09 17:01:37,340 - [core.frame.py] - WARNING - No face detected in frame: InMemoryFrame
2025-12-09 17:01:37,875 - [VideoProcessor] - INFO - Processed 100 frames...
2025-12-09 17:01:40,468 - [VideoProcessor] - INFO - Processed 110 frames...
2025-12-09 17:01:43,248 - [core.frame.py] - WARNING - No face detected in frame: InMemoryFrame
2025-12-09 17:01:43,589 - [core.frame.py] - WARNING - No face detected in frame: InMemoryFrame
2025-12-09 17:01:43,864 - [VideoProcessor] - INFO - Processed 120 frames...
2025-12-09 17:01:45,161 - [core.frame.py] - WARNING - No face detected in frame: InMemoryFrame
2025-12-09 17:01:45,410 - [core.frame.py] - WARNING - No face detected in frame: InMemoryFrame
2025-12-09 17:01:45,645 - [core.frame.py] - WARNING - No face detected in frame: InMemoryFrame
2025-12-09 17:01:45,894 - [core.frame.py] - WARNING - No face detected in frame: InMemoryFrame
2025-12-09 17:01:46,135 - [core.frame.py] - WARNING - No face detected in frame: InMemoryFrame
2025-12-09 17:01:46,376 - [core.frame.py] - WARNING - No face detected in frame: InMemoryFrame
2025-12-09 17:01:46,614 - [core.frame.py] - WARNING - No face detected in frame: InMemoryFrame
2025-12-09 17:01:46,684 - [VideoProcessor] - INFO - Finished MarkRutte_MariekeElsinga.mkv. Total detections: 125
2025-12-09 17:01:46,742 - [core.analyzer.py] - INFO - Analyzing video: ./data/input/MarkRutte\MarkRutte_MatthijsNieuwkerk.mp4
2025-12-09 17:01:46,808 - [VideoProcessor] - INFO - Starting processing: MarkRutte_MatthijsNieuwkerk.mp4 (FPS: 25.00) Step: every 10 frames)
2025-12-09 17:01:46,905 - [core.frame.py] - WARNING - No face detected in frame: InMemoryFrame
2025-12-09 17:01:47,366 - [core.frame.py] - WARNING - No face detected in frame: InMemoryFrame
2025-12-09 17:01:47,456 - [core.frame.py] - WARNING - No face detected in frame: InMemoryFrame
2025-12-09 17:01:47,539 - [core.frame.py] - WARNING - No face detected in frame: InMemoryFrame
2025-12-09 17:01:47,623 - [core.frame.py] - WARNING - No face detected in frame: InMemoryFrame
2025-12-09 17:01:47,822 - [VideoProcessor] - INFO - Processed 10 frames...
2025-12-09 17:01:48,087 - [core.frame.py] - WARNING - No face detected in frame: InMemoryFrame
2025-12-09 17:01:48,168 - [core.frame.py] - WARNING - No face detected in frame: InMemoryFrame
2025-12-09 17:01:48,250 - [core.frame.py] - WARNING - No face detected in frame: InMemoryFrame
2025-12-09 17:01:48,332 - [core.frame.py] - WARNING - No face detected in frame: InMemoryFrame
2025-12-09 17:01:48,415 - [core.frame.py] - WARNING - No face detected in frame: InMemoryFrame
2025-12-09 17:01:48,499 - [core.frame.py] - WARNING - No face detected in frame: InMemoryFrame
2025-12-09 17:01:48,583 - [core.frame.py] - WARNING - No face detected in frame: InMemoryFrame
2025-12-09 17:01:48,667 - [core.frame.py] - WARNING - No face detected in frame: InMemoryFrame
2025-12-09 17:01:48,747 - [core.frame.py] - WARNING - No face detected in frame: InMemoryFrame
2025-12-09 17:01:48,836 - [core.frame.py] - WARNING - No face detected in frame: InMemoryFrame
2025-12-09 17:01:49,189 - [VideoProcessor] - INFO - Processed 20 frames...
2025-12-09 17:01:49,890 - [VideoProcessor] - INFO - Processed 30 frames...
2025-12-09 17:01:50,411 - [VideoProcessor] - INFO - Processed 40 frames...
2025-12-09 17:01:50,919 - [VideoProcessor] - INFO - Processed 50 frames...
2025-12-09 17:01:51,402 - [VideoProcessor] - INFO - Processed 60 frames...
2025-12-09 17:01:51,476 - [core.frame.py] - WARNING - No face detected in frame: InMemoryFrame
2025-12-09 17:01:51,529 - [VideoProcessor] - INFO - Processed 60 frames...
2025-12-09 17:01:51,609 - [core.frame.py] - WARNING - No face detected in frame: InMemoryFrame
2025-12-09 17:01:51,658 - [VideoProcessor] - INFO - Processed 60 frames...
2025-12-09 17:01:51,735 - [core.frame.py] - WARNING - No face detected in frame: InMemoryFrame
2025-12-09 17:01:51,786 - [VideoProcessor] - INFO - Processed 60 frames...
2025-12-09 17:01:51,870 - [core.frame.py] - WARNING - No face detected in frame: InMemoryFrame
2025-12-09 17:01:51,926 - [VideoProcessor] - INFO - Processed 60 frames...
2025-12-09 17:01:52,017 - [core.frame.py] - WARNING - No face detected in frame: InMemoryFrame
2025-12-09 17:01:52,062 - [VideoProcessor] - INFO - Processed 60 frames...
2025-12-09 17:01:52,187 - [core.frame.py] - WARNING - No face detected in frame: InMemoryFrame
2025-12-09 17:01:52,271 - [core.frame.py] - WARNING - No face detected in frame: InMemoryFrame
2025-12-09 17:01:52,362 - [core.frame.py] - WARNING - No face detected in frame: InMemoryFrame
2025-12-09 17:01:52,442 - [core.frame.py] - WARNING - No face detected in frame: InMemoryFrame
2025-12-09 17:01:52,523 - [core.frame.py] - WARNING - No face detected in frame: InMemoryFrame
2025-12-09 17:01:52,609 - [core.frame.py] - WARNING - No face detected in frame: InMemoryFrame
2025-12-09 17:01:52,687 - [core.frame.py] - WARNING - No face detected in frame: InMemoryFrame
2025-12-09 17:01:52,765 - [core.frame.py] - WARNING - No face detected in frame: InMemoryFrame
2025-12-09 17:01:53,060 - [core.frame.py] - WARNING - No face detected in frame: InMemoryFrame
2025-12-09 17:01:53,218 - [core.frame.py] - WARNING - No face detected in frame: InMemoryFrame
2025-12-09 17:01:53,353 - [VideoProcessor] - INFO - Processed 70 frames...
2025-12-09 17:01:53,795 - [VideoProcessor] - INFO - Processed 80 frames...
2025-12-09 17:01:54,192 - [core.frame.py] - WARNING - No face detected in frame: InMemoryFrame
2025-12-09 17:01:54,317 - [core.frame.py] - WARNING - No face detected in frame: InMemoryFrame
2025-12-09 17:01:54,388 - [core.frame.py] - WARNING - No face detected in frame: InMemoryFrame
2025-12-09 17:01:54,469 - [core.frame.py] - WARNING - No face detected in frame: InMemoryFrame
2025-12-09 17:01:54,545 - [core.frame.py] - WARNING - No face detected in frame: InMemoryFrame
2025-12-09 17:01:54,614 - [core.frame.py] - WARNING - No face detected in frame: InMemoryFrame
2025-12-09 17:01:54,685 - [core.frame.py] - WARNING - No face detected in frame: InMemoryFrame
2025-12-09 17:01:54,761 - [core.frame.py] - WARNING - No face detected in frame: InMemoryFrame
2025-12-09 17:01:54,832 - [core.frame.py] - WARNING - No face detected in frame: InMemoryFrame
2025-12-09 17:01:54,912 - [VideoProcessor] - INFO - Processed 90 frames...
2025-12-09 17:01:55,258 - [core.frame.py] - WARNING - No face detected in frame: InMemoryFrame
2025-12-09 17:01:55,326 - [core.frame.py] - WARNING - No face detected in frame: InMemoryFrame
2025-12-09 17:01:55,543 - [VideoProcessor] - INFO - Processed 100 frames...
2025-12-09 17:01:56,092 - [VideoProcessor] - INFO - Processed 110 frames...
2025-12-09 17:01:56,598 - [VideoProcessor] - INFO - Processed 120 frames...
2025-12-09 17:01:57,172 - [VideoProcessor] - INFO - Processed 130 frames...
2025-12-09 17:01:57,819 - [VideoProcessor] - INFO - Processed 140 frames...
2025-12-09 17:01:58,436 - [VideoProcessor] - INFO - Processed 150 frames...
2025-12-09 17:01:58,924 - [VideoProcessor] - INFO - Processed 160 frames...
2025-12-09 17:01:59,394 - [core.frame.py] - WARNING - No face detected in frame: InMemoryFrame
2025-12-09 17:01:59,542 - [VideoProcessor] - INFO - Processed 170 frames...
2025-12-09 17:02:00,079 - [VideoProcessor] - INFO - Processed 180 frames...
2025-12-09 17:02:00,696 - [VideoProcessor] - INFO - Processed 190 frames...
2025-12-09 17:02:01,081 - [core.frame.py] - WARNING - No face detected in frame: InMemoryFrame
2025-12-09 17:02:01,193 - [core.frame.py] - WARNING - No face detected in frame: InMemoryFrame
2025-12-09 17:02:01,342 - [core.frame.py] - WARNING - No face detected in frame: InMemoryFrame
2025-12-09 17:02:01,408 - [core.frame.py] - WARNING - No face detected in frame: InMemoryFrame
2025-12-09 17:02:01,491 - [VideoProcessor] - INFO - Processed 200 frames...
2025-12-09 17:02:01,977 - [VideoProcessor] - INFO - Processed 210 frames...
2025-12-09 17:02:02,452 - [core.frame.py] - WARNING - No face detected in frame: InMemoryFrame
2025-12-09 17:02:02,536 - [VideoProcessor] - INFO - Processed 220 frames...
2025-12-09 17:02:02,607 - [core.frame.py] - WARNING - No face detected in frame: InMemoryFrame
2025-12-09 17:02:02,654 - [VideoProcessor] - INFO - Processed 220 frames...
2025-12-09 17:02:02,730 - [core.frame.py] - WARNING - No face detected in frame: InMemoryFrame
2025-12-09 17:02:02,774 - [VideoProcessor] - INFO - Processed 220 frames...
2025-12-09 17:02:02,840 - [core.frame.py] - WARNING - No face detected in frame: InMemoryFrame
2025-12-09 17:02:02,886 - [VideoProcessor] - INFO - Processed 220 frames...
2025-12-09 17:02:02,993 - [core.frame.py] - WARNING - No face detected in frame: InMemoryFrame
2025-12-09 17:02:03,058 - [core.frame.py] - WARNING - No face detected in frame: InMemoryFrame
2025-12-09 17:02:03,123 - [core.frame.py] - WARNING - No face detected in frame: InMemoryFrame
2025-12-09 17:02:03,227 - [core.frame.py] - WARNING - No face detected in frame: InMemoryFrame
2025-12-09 17:02:03,302 - [core.frame.py] - WARNING - No face detected in frame: InMemoryFrame
2025-12-09 17:02:03,369 - [core.frame.py] - WARNING - No face detected in frame: InMemoryFrame
2025-12-09 17:02:03,769 - [VideoProcessor] - INFO - Processed 230 frames...
2025-12-09 17:02:04,080 - [VideoProcessor] - INFO - Finished MarkRutte_MatthijsNieuwkerk.mp4. Total detections: 235
2025-12-09 17:02:04,139 - [StatsService] - INFO - Generating statistical report...
2025-12-09 17:02:04,196 - [CSVStorage] - INFO - Statistics report saved to ./data/output/MarkRutte\summary_report.csv
2025-12-09 17:02:04,241 - [StatsService] - INFO - Report generated for 2 videos.
2025-12-09 17:06:18,611 - [core.analyzer.py] - INFO - Starting analysis on ./data/input/MarkRutte
2025-12-09 17:06:18,677 - [core.analyzer.py] - INFO - Analyzing videos in directory: ./data/input/MarkRutte
2025-12-09 17:06:18,744 - [core.analyzer.py] - INFO - Getting video from folder ./data/input/MarkRutte
2025-12-09 17:06:18,794 - [core.analyzer.py] - INFO - Found 2 videos in ./data/input/MarkRutte
2025-12-09 17:06:18,863 - [core.analyzer.py] - INFO - Analyzing video: ./data/input/MarkRutte\MarkRutte_MariekeElsinga.mkv
2025-12-09 17:06:18,952 - [VideoProcessor] - INFO - Starting processing: MarkRutte_MariekeElsinga.mkv (FPS: 25.00) Step: every 10 frames)
2025-12-09 17:06:20,338 - [core.frame.py] - WARNING - No face detected in frame: InMemoryFrame
2025-12-09 17:06:21,125 - [VideoProcessor] - INFO - Processed 10 frames...
2025-12-09 17:06:23,378 - [VideoProcessor] - INFO - Processed 20 frames...
2025-12-09 17:06:25,764 - [VideoProcessor] - INFO - Processed 30 frames...
2025-12-09 17:06:28,114 - [VideoProcessor] - INFO - Processed 40 frames...
2025-12-09 17:06:30,463 - [VideoProcessor] - INFO - Processed 50 frames...
2025-12-09 17:06:32,766 - [VideoProcessor] - INFO - Processed 60 frames...
2025-12-09 17:06:35,197 - [VideoProcessor] - INFO - Processed 70 frames...
2025-12-09 17:06:38,174 - [VideoProcessor] - INFO - Processed 80 frames...
2025-12-09 17:06:40,604 - [VideoProcessor] - INFO - Processed 90 frames...
2025-12-09 17:06:42,672 - [core.frame.py] - WARNING - No face detected in frame: InMemoryFrame
2025-12-09 17:06:43,172 - [VideoProcessor] - INFO - Processed 100 frames...
2025-12-09 17:06:45,603 - [VideoProcessor] - INFO - Processed 110 frames...
2025-12-09 17:06:48,291 - [core.frame.py] - WARNING - No face detected in frame: InMemoryFrame
2025-12-09 17:06:48,607 - [core.frame.py] - WARNING - No face detected in frame: InMemoryFrame
2025-12-09 17:06:48,880 - [VideoProcessor] - INFO - Processed 120 frames...
2025-12-09 17:06:50,208 - [core.frame.py] - WARNING - No face detected in frame: InMemoryFrame
2025-12-09 17:06:50,474 - [core.frame.py] - WARNING - No face detected in frame: InMemoryFrame
2025-12-09 17:06:50,708 - [core.frame.py] - WARNING - No face detected in frame: InMemoryFrame
2025-12-09 17:06:50,935 - [core.frame.py] - WARNING - No face detected in frame: InMemoryFrame
2025-12-09 17:06:51,186 - [core.frame.py] - WARNING - No face detected in frame: InMemoryFrame
2025-12-09 17:06:51,402 - [core.frame.py] - WARNING - No face detected in frame: InMemoryFrame
2025-12-09 17:06:51,624 - [core.frame.py] - WARNING - No face detected in frame: InMemoryFrame
2025-12-09 17:06:51,678 - [VideoProcessor] - INFO - Finished MarkRutte_MariekeElsinga.mkv. Total detections: 125
2025-12-09 17:06:51,719 - [core.analyzer.py] - INFO - Analyzing video: ./data/input/MarkRutte\MarkRutte_MatthijsNieuwkerk.mp4
2025-12-09 17:06:51,771 - [VideoProcessor] - INFO - Starting processing: MarkRutte_MatthijsNieuwkerk.mp4 (FPS: 25.00) Step: every 10 frames)
2025-12-09 17:06:51,853 - [core.frame.py] - WARNING - No face detected in frame: InMemoryFrame
2025-12-09 17:06:52,285 - [core.frame.py] - WARNING - No face detected in frame: InMemoryFrame
2025-12-09 17:06:52,374 - [core.frame.py] - WARNING - No face detected in frame: InMemoryFrame
2025-12-09 17:06:52,471 - [core.frame.py] - WARNING - No face detected in frame: InMemoryFrame
2025-12-09 17:06:52,553 - [core.frame.py] - WARNING - No face detected in frame: InMemoryFrame
2025-12-09 17:06:52,751 - [VideoProcessor] - INFO - Processed 10 frames...
2025-12-09 17:06:52,986 - [core.frame.py] - WARNING - No face detected in frame: InMemoryFrame
2025-12-09 17:06:53,081 - [core.frame.py] - WARNING - No face detected in frame: InMemoryFrame
2025-12-09 17:06:53,162 - [core.frame.py] - WARNING - No face detected in frame: InMemoryFrame
2025-12-09 17:06:53,236 - [core.frame.py] - WARNING - No face detected in frame: InMemoryFrame
2025-12-09 17:06:53,312 - [core.frame.py] - WARNING - No face detected in frame: InMemoryFrame
2025-12-09 17:06:53,382 - [core.frame.py] - WARNING - No face detected in frame: InMemoryFrame
2025-12-09 17:06:53,445 - [core.frame.py] - WARNING - No face detected in frame: InMemoryFrame
2025-12-09 17:06:53,506 - [core.frame.py] - WARNING - No face detected in frame: InMemoryFrame
2025-12-09 17:06:53,569 - [core.frame.py] - WARNING - No face detected in frame: InMemoryFrame
2025-12-09 17:06:53,632 - [core.frame.py] - WARNING - No face detected in frame: InMemoryFrame
2025-12-09 17:06:53,936 - [VideoProcessor] - INFO - Processed 20 frames...
2025-12-09 17:06:54,586 - [VideoProcessor] - INFO - Processed 30 frames...
2025-12-09 17:06:55,070 - [VideoProcessor] - INFO - Processed 40 frames...
2025-12-09 17:06:55,536 - [VideoProcessor] - INFO - Processed 50 frames...
2025-12-09 17:06:55,941 - [VideoProcessor] - INFO - Processed 60 frames...
2025-12-09 17:06:56,023 - [core.frame.py] - WARNING - No face detected in frame: InMemoryFrame
2025-12-09 17:06:56,064 - [VideoProcessor] - INFO - Processed 60 frames...
2025-12-09 17:06:56,145 - [core.frame.py] - WARNING - No face detected in frame: InMemoryFrame
2025-12-09 17:06:56,189 - [VideoProcessor] - INFO - Processed 60 frames...
2025-12-09 17:06:56,273 - [core.frame.py] - WARNING - No face detected in frame: InMemoryFrame
2025-12-09 17:06:56,337 - [VideoProcessor] - INFO - Processed 60 frames...
2025-12-09 17:06:56,423 - [core.frame.py] - WARNING - No face detected in frame: InMemoryFrame
2025-12-09 17:06:56,484 - [VideoProcessor] - INFO - Processed 60 frames...
2025-12-09 17:06:56,570 - [core.frame.py] - WARNING - No face detected in frame: InMemoryFrame
2025-12-09 17:06:56,630 - [VideoProcessor] - INFO - Processed 60 frames...
2025-12-09 17:06:56,759 - [core.frame.py] - WARNING - No face detected in frame: InMemoryFrame
2025-12-09 17:06:56,846 - [core.frame.py] - WARNING - No face detected in frame: InMemoryFrame
2025-12-09 17:06:56,923 - [core.frame.py] - WARNING - No face detected in frame: InMemoryFrame
2025-12-09 17:06:57,012 - [core.frame.py] - WARNING - No face detected in frame: InMemoryFrame
2025-12-09 17:06:57,098 - [core.frame.py] - WARNING - No face detected in frame: InMemoryFrame
2025-12-09 17:06:57,178 - [core.frame.py] - WARNING - No face detected in frame: InMemoryFrame
2025-12-09 17:06:57,256 - [core.frame.py] - WARNING - No face detected in frame: InMemoryFrame
2025-12-09 17:06:57,324 - [core.frame.py] - WARNING - No face detected in frame: InMemoryFrame
2025-12-09 17:06:57,631 - [core.frame.py] - WARNING - No face detected in frame: InMemoryFrame
2025-12-09 17:06:57,776 - [core.frame.py] - WARNING - No face detected in frame: InMemoryFrame
2025-12-09 17:06:57,890 - [VideoProcessor] - INFO - Processed 70 frames...
2025-12-09 17:06:58,321 - [VideoProcessor] - INFO - Processed 80 frames...
2025-12-09 17:06:58,680 - [core.frame.py] - WARNING - No face detected in frame: InMemoryFrame
2025-12-09 17:06:58,791 - [core.frame.py] - WARNING - No face detected in frame: InMemoryFrame
2025-12-09 17:06:58,854 - [core.frame.py] - WARNING - No face detected in frame: InMemoryFrame
2025-12-09 17:06:58,908 - [core.frame.py] - WARNING - No face detected in frame: InMemoryFrame
2025-12-09 17:06:58,984 - [core.frame.py] - WARNING - No face detected in frame: InMemoryFrame
2025-12-09 17:06:59,046 - [core.frame.py] - WARNING - No face detected in frame: InMemoryFrame
2025-12-09 17:06:59,114 - [core.frame.py] - WARNING - No face detected in frame: InMemoryFrame
2025-12-09 17:06:59,178 - [core.frame.py] - WARNING - No face detected in frame: InMemoryFrame
2025-12-09 17:06:59,247 - [core.frame.py] - WARNING - No face detected in frame: InMemoryFrame
2025-12-09 17:06:59,325 - [VideoProcessor] - INFO - Processed 90 frames...
2025-12-09 17:06:59,641 - [core.frame.py] - WARNING - No face detected in frame: InMemoryFrame
2025-12-09 17:06:59,704 - [core.frame.py] - WARNING - No face detected in frame: InMemoryFrame
2025-12-09 17:06:59,922 - [VideoProcessor] - INFO - Processed 100 frames...
2025-12-09 17:07:00,541 - [VideoProcessor] - INFO - Processed 110 frames...
2025-12-09 17:07:01,039 - [VideoProcessor] - INFO - Processed 120 frames...
2025-12-09 17:07:01,586 - [VideoProcessor] - INFO - Processed 130 frames...
2025-12-09 17:07:02,276 - [VideoProcessor] - INFO - Processed 140 frames...
2025-12-09 17:07:02,925 - [VideoProcessor] - INFO - Processed 150 frames...
2025-12-09 17:07:03,450 - [VideoProcessor] - INFO - Processed 160 frames...
2025-12-09 17:07:03,893 - [core.frame.py] - WARNING - No face detected in frame: InMemoryFrame
2025-12-09 17:07:04,043 - [VideoProcessor] - INFO - Processed 170 frames...
2025-12-09 17:07:04,523 - [VideoProcessor] - INFO - Processed 180 frames...
2025-12-09 17:07:05,058 - [VideoProcessor] - INFO - Processed 190 frames...
2025-12-09 17:07:05,459 - [core.frame.py] - WARNING - No face detected in frame: InMemoryFrame
2025-12-09 17:07:05,577 - [core.frame.py] - WARNING - No face detected in frame: InMemoryFrame
2025-12-09 17:07:05,752 - [core.frame.py] - WARNING - No face detected in frame: InMemoryFrame
2025-12-09 17:07:05,852 - [core.frame.py] - WARNING - No face detected in frame: InMemoryFrame
2025-12-09 17:07:05,940 - [VideoProcessor] - INFO - Processed 200 frames...
2025-12-09 17:07:06,425 - [VideoProcessor] - INFO - Processed 210 frames...
2025-12-09 17:07:06,886 - [core.frame.py] - WARNING - No face detected in frame: InMemoryFrame
2025-12-09 17:07:06,974 - [VideoProcessor] - INFO - Processed 220 frames...
2025-12-09 17:07:07,055 - [core.frame.py] - WARNING - No face detected in frame: InMemoryFrame
2025-12-09 17:07:07,096 - [VideoProcessor] - INFO - Processed 220 frames...
2025-12-09 17:07:07,174 - [core.frame.py] - WARNING - No face detected in frame: InMemoryFrame
2025-12-09 17:07:07,224 - [VideoProcessor] - INFO - Processed 220 frames...
2025-12-09 17:07:07,299 - [core.frame.py] - WARNING - No face detected in frame: InMemoryFrame
2025-12-09 17:07:07,356 - [VideoProcessor] - INFO - Processed 220 frames...
2025-12-09 17:07:07,475 - [core.frame.py] - WARNING - No face detected in frame: InMemoryFrame
2025-12-09 17:07:07,998 - [core.frame.py] - WARNING - No face detected in frame: InMemoryFrame
2025-12-09 17:07:08,087 - [core.frame.py] - WARNING - No face detected in frame: InMemoryFrame
2025-12-09 17:07:08,201 - [core.frame.py] - WARNING - No face detected in frame: InMemoryFrame
2025-12-09 17:07:08,291 - [core.frame.py] - WARNING - No face detected in frame: InMemoryFrame
2025-12-09 17:07:08,380 - [core.frame.py] - WARNING - No face detected in frame: InMemoryFrame
2025-12-09 17:07:08,799 - [VideoProcessor] - INFO - Processed 230 frames...
2025-12-09 17:07:09,109 - [VideoProcessor] - INFO - Finished MarkRutte_MatthijsNieuwkerk.mp4. Total detections: 235
2025-12-09 17:07:09,171 - [StatsService] - INFO - Generating statistical report...
2025-12-09 17:07:09,227 - [CSVStorage] - INFO - Statistics report saved to ./data/output/MarkRutte\summary_report.csv
2025-12-09 17:07:09,262 - [StatsService] - INFO - Report generated for 2 videos.
2025-12-09 17:11:48,109 - [core.analyzer.py] - INFO - Starting analysis on ./data/input/MarkRutte
2025-12-09 17:11:48,131 - [core.analyzer.py] - INFO - Analyzing videos in directory: ./data/input/MarkRutte
2025-12-09 17:11:48,139 - [core.analyzer.py] - INFO - Getting video from folder ./data/input/MarkRutte
2025-12-09 17:11:48,144 - [core.analyzer.py] - INFO - Found 2 videos in ./data/input/MarkRutte
2025-12-09 17:11:48,157 - [core.analyzer.py] - INFO - Analyzing video: ./data/input/MarkRutte\MarkRutte_MariekeElsinga.mkv
2025-12-09 17:11:48,179 - [VideoProcessor] - INFO - Starting processing: MarkRutte_MariekeElsinga.mkv (FPS: 25.00) Step: every 34 frames)
2025-12-09 17:11:52,559 - [VideoProcessor] - INFO - Processed 10 frames...
2025-12-09 17:11:55,263 - [VideoProcessor] - INFO - Processed 20 frames...
2025-12-09 17:11:58,028 - [core.frame.py] - WARNING - No face detected in frame: InMemoryFrame
2025-12-09 17:11:58,311 - [VideoProcessor] - INFO - Processed 30 frames...
2025-12-09 17:12:00,496 - [core.frame.py] - WARNING - No face detected in frame: InMemoryFrame
2025-12-09 17:12:00,746 - [core.frame.py] - WARNING - No face detected in frame: InMemoryFrame
2025-12-09 17:12:00,827 - [VideoProcessor] - INFO - Finished MarkRutte_MariekeElsinga.mkv. Total detections: 37
2025-12-09 17:12:00,837 - [core.analyzer.py] - INFO - Analyzing video: ./data/input/MarkRutte\MarkRutte_MatthijsNieuwkerk.mp4
2025-12-09 17:12:00,853 - [VideoProcessor] - INFO - Starting processing: MarkRutte_MatthijsNieuwkerk.mp4 (FPS: 25.00) Step: every 34 frames)
2025-12-09 17:12:00,905 - [core.frame.py] - WARNING - No face detected in frame: InMemoryFrame
2025-12-09 17:12:01,054 - [core.frame.py] - WARNING - No face detected in frame: InMemoryFrame
2025-12-09 17:12:01,196 - [core.frame.py] - WARNING - No face detected in frame: InMemoryFrame
2025-12-09 17:12:01,552 - [VideoProcessor] - INFO - Processed 10 frames...
2025-12-09 17:12:02,013 - [core.frame.py] - WARNING - No face detected in frame: InMemoryFrame
2025-12-09 17:12:02,052 - [core.frame.py] - WARNING - No face detected in frame: InMemoryFrame
2025-12-09 17:12:02,091 - [core.frame.py] - WARNING - No face detected in frame: InMemoryFrame
2025-12-09 17:12:02,145 - [core.frame.py] - WARNING - No face detected in frame: InMemoryFrame
2025-12-09 17:12:02,185 - [core.frame.py] - WARNING - No face detected in frame: InMemoryFrame
2025-12-09 17:12:02,251 - [VideoProcessor] - INFO - Processed 20 frames...
2025-12-09 17:12:02,283 - [core.frame.py] - WARNING - No face detected in frame: InMemoryFrame
2025-12-09 17:12:02,301 - [VideoProcessor] - INFO - Processed 20 frames...
2025-12-09 17:12:02,683 - [core.frame.py] - WARNING - No face detected in frame: InMemoryFrame
2025-12-09 17:12:02,730 - [core.frame.py] - WARNING - No face detected in frame: InMemoryFrame
2025-12-09 17:12:02,866 - [core.frame.py] - WARNING - No face detected in frame: InMemoryFrame
2025-12-09 17:12:02,923 - [VideoProcessor] - INFO - Processed 30 frames...
2025-12-09 17:12:03,519 - [VideoProcessor] - INFO - Processed 40 frames...
2025-12-09 17:12:04,088 - [core.frame.py] - WARNING - No face detected in frame: InMemoryFrame
2025-12-09 17:12:04,156 - [VideoProcessor] - INFO - Processed 50 frames...
2025-12-09 17:12:04,536 - [core.frame.py] - WARNING - No face detected in frame: InMemoryFrame
2025-12-09 17:12:04,687 - [VideoProcessor] - INFO - Processed 60 frames...
2025-12-09 17:12:04,913 - [core.frame.py] - WARNING - No face detected in frame: InMemoryFrame
2025-12-09 17:12:04,952 - [core.frame.py] - WARNING - No face detected in frame: InMemoryFrame
2025-12-09 17:12:04,986 - [core.frame.py] - WARNING - No face detected in frame: InMemoryFrame
2025-12-09 17:12:05,033 - [core.frame.py] - WARNING - No face detected in frame: InMemoryFrame
2025-12-09 17:12:05,253 - [VideoProcessor] - INFO - Finished MarkRutte_MatthijsNieuwkerk.mp4. Total detections: 68
2025-12-09 17:12:05,281 - [StatsService] - INFO - Generating statistical report...
2025-12-09 17:12:05,304 - [CSVStorage] - INFO - Statistics report saved to ./data/output/MarkRutte\summary_report.csv
2025-12-09 17:12:05,316 - [StatsService] - INFO - Report generated for 2 videos.
2025-12-09 17:13:21,327 - [core.analyzer.py] - INFO - Starting analysis on ./data/input/MarkRutte
2025-12-09 17:13:21,344 - [core.analyzer.py] - INFO - Analyzing videos in directory: ./data/input/MarkRutte
2025-12-09 17:13:21,358 - [core.analyzer.py] - INFO - Getting video from folder ./data/input/MarkRutte
2025-12-09 17:13:21,378 - [core.analyzer.py] - INFO - Found 2 videos in ./data/input/MarkRutte
2025-12-09 17:13:21,394 - [core.analyzer.py] - INFO - Analyzing video: ./data/input/MarkRutte\MarkRutte_MariekeElsinga.mkv
2025-12-09 17:13:21,428 - [VideoProcessor] - INFO - Starting processing: MarkRutte_MariekeElsinga.mkv (FPS: 25.00) Step: every 18 frames)
2025-12-09 17:13:22,248 - [core.frame.py] - WARNING - No face detected in frame: InMemoryFrame
2025-12-09 17:13:23,857 - [VideoProcessor] - INFO - Processed 10 frames...
2025-12-09 17:13:26,360 - [VideoProcessor] - INFO - Processed 20 frames...
2025-12-09 17:13:28,844 - [VideoProcessor] - INFO - Processed 30 frames...
2025-12-09 17:13:31,461 - [VideoProcessor] - INFO - Processed 40 frames...
2025-12-09 17:13:34,235 - [VideoProcessor] - INFO - Processed 50 frames...
2025-12-09 17:13:35,384 - [core.frame.py] - WARNING - No face detected in frame: InMemoryFrame
2025-12-09 17:13:35,596 - [core.frame.py] - WARNING - No face detected in frame: InMemoryFrame
2025-12-09 17:13:37,152 - [VideoProcessor] - INFO - Processed 60 frames...
2025-12-09 17:13:38,264 - [core.frame.py] - WARNING - No face detected in frame: InMemoryFrame
2025-12-09 17:13:39,677 - [core.frame.py] - WARNING - No face detected in frame: InMemoryFrame
2025-12-09 17:13:39,898 - [core.frame.py] - WARNING - No face detected in frame: InMemoryFrame
2025-12-09 17:13:40,127 - [core.frame.py] - WARNING - No face detected in frame: InMemoryFrame
2025-12-09 17:13:40,335 - [core.frame.py] - WARNING - No face detected in frame: InMemoryFrame
2025-12-09 17:13:40,369 - [VideoProcessor] - INFO - Finished MarkRutte_MariekeElsinga.mkv. Total detections: 68
2025-12-09 17:13:40,387 - [core.analyzer.py] - INFO - Analyzing video: ./data/input/MarkRutte\MarkRutte_MatthijsNieuwkerk.mp4
2025-12-09 17:13:40,415 - [VideoProcessor] - INFO - Starting processing: MarkRutte_MatthijsNieuwkerk.mp4 (FPS: 25.00) Step: every 18 frames)
2025-12-09 17:13:40,470 - [core.frame.py] - WARNING - No face detected in frame: InMemoryFrame
2025-12-09 17:13:40,537 - [core.frame.py] - WARNING - No face detected in frame: InMemoryFrame
2025-12-09 17:13:40,737 - [core.frame.py] - WARNING - No face detected in frame: InMemoryFrame
2025-12-09 17:13:40,804 - [core.frame.py] - WARNING - No face detected in frame: InMemoryFrame
2025-12-09 17:13:40,888 - [core.frame.py] - WARNING - No face detected in frame: InMemoryFrame
2025-12-09 17:13:41,121 - [core.frame.py] - WARNING - No face detected in frame: InMemoryFrame
2025-12-09 17:13:41,205 - [core.frame.py] - WARNING - No face detected in frame: InMemoryFrame
2025-12-09 17:13:41,294 - [core.frame.py] - WARNING - No face detected in frame: InMemoryFrame
2025-12-09 17:13:41,373 - [core.frame.py] - WARNING - No face detected in frame: InMemoryFrame
2025-12-09 17:13:41,458 - [core.frame.py] - WARNING - No face detected in frame: InMemoryFrame
2025-12-09 17:13:41,732 - [VideoProcessor] - INFO - Processed 10 frames...
2025-12-09 17:13:42,353 - [VideoProcessor] - INFO - Processed 20 frames...
2025-12-09 17:13:42,836 - [VideoProcessor] - INFO - Processed 30 frames...
2025-12-09 17:13:43,058 - [core.frame.py] - WARNING - No face detected in frame: InMemoryFrame
2025-12-09 17:13:43,182 - [core.frame.py] - WARNING - No face detected in frame: InMemoryFrame
2025-12-09 17:13:43,262 - [core.frame.py] - WARNING - No face detected in frame: InMemoryFrame
2025-12-09 17:13:43,346 - [core.frame.py] - WARNING - No face detected in frame: InMemoryFrame
2025-12-09 17:13:43,428 - [core.frame.py] - WARNING - No face detected in frame: InMemoryFrame
2025-12-09 17:13:43,509 - [core.frame.py] - WARNING - No face detected in frame: InMemoryFrame
2025-12-09 17:13:43,673 - [core.frame.py] - WARNING - No face detected in frame: InMemoryFrame
2025-12-09 17:13:43,769 - [core.frame.py] - WARNING - No face detected in frame: InMemoryFrame
2025-12-09 17:13:44,015 - [VideoProcessor] - INFO - Processed 40 frames...
2025-12-09 17:13:44,416 - [core.frame.py] - WARNING - No face detected in frame: InMemoryFrame
2025-12-09 17:13:44,494 - [core.frame.py] - WARNING - No face detected in frame: InMemoryFrame
2025-12-09 17:13:44,579 - [core.frame.py] - WARNING - No face detected in frame: InMemoryFrame
2025-12-09 17:13:44,657 - [core.frame.py] - WARNING - No face detected in frame: InMemoryFrame
2025-12-09 17:13:44,732 - [core.frame.py] - WARNING - No face detected in frame: InMemoryFrame
2025-12-09 17:13:44,866 - [VideoProcessor] - INFO - Processed 50 frames...
2025-12-09 17:13:45,040 - [core.frame.py] - WARNING - No face detected in frame: InMemoryFrame
2025-12-09 17:13:45,523 - [VideoProcessor] - INFO - Processed 60 frames...
2025-12-09 17:13:46,070 - [VideoProcessor] - INFO - Processed 70 frames...
2025-12-09 17:13:46,781 - [VideoProcessor] - INFO - Processed 80 frames...
2025-12-09 17:13:47,269 - [VideoProcessor] - INFO - Processed 90 frames...
2025-12-09 17:13:47,654 - [core.frame.py] - WARNING - No face detected in frame: InMemoryFrame
2025-12-09 17:13:47,801 - [VideoProcessor] - INFO - Processed 100 frames...
2025-12-09 17:13:48,218 - [core.frame.py] - WARNING - No face detected in frame: InMemoryFrame
2025-12-09 17:13:48,286 - [core.frame.py] - WARNING - No face detected in frame: InMemoryFrame
2025-12-09 17:13:48,374 - [core.frame.py] - WARNING - No face detected in frame: InMemoryFrame
2025-12-09 17:13:48,485 - [VideoProcessor] - INFO - Processed 110 frames...
2025-12-09 17:13:48,990 - [VideoProcessor] - INFO - Processed 120 frames...
2025-12-09 17:13:49,065 - [core.frame.py] - WARNING - No face detected in frame: InMemoryFrame
2025-12-09 17:13:49,104 - [VideoProcessor] - INFO - Processed 120 frames...
2025-12-09 17:13:49,244 - [core.frame.py] - WARNING - No face detected in frame: InMemoryFrame
2025-12-09 17:13:49,308 - [core.frame.py] - WARNING - No face detected in frame: InMemoryFrame
2025-12-09 17:13:49,373 - [core.frame.py] - WARNING - No face detected in frame: InMemoryFrame
2025-12-09 17:13:49,772 - [VideoProcessor] - INFO - Processed 130 frames...
2025-12-09 17:13:49,818 - [VideoProcessor] - INFO - Finished MarkRutte_MatthijsNieuwkerk.mp4. Total detections: 130
2025-12-09 17:13:49,853 - [StatsService] - INFO - Generating statistical report...
2025-12-09 17:13:49,904 - [CSVStorage] - INFO - Statistics report saved to ./data/output/MarkRutte\summary_report.csv
2025-12-09 17:13:49,951 - [StatsService] - INFO - Report generated for 2 videos.
2025-12-10 16:06:09,704 - [StatsService] - INFO - Generating statistical report...
2025-12-10 16:06:09,704 - [StatsService] - INFO - Report generated for 1 videos.
2025-12-10 16:06:09,704 - [StatsService] - INFO - Generating statistical report...
2025-12-10 16:06:09,704 - [StatsService] - INFO - Report generated for 2 videos.
2025-12-10 16:06:09,713 - [StatsService] - INFO - Generating statistical report...
2025-12-10 16:06:09,716 - [StatsService] - INFO - Report generated for 1 videos.
2025-12-10 16:06:09,719 - [StatsService] - INFO - Generating statistical report...
2025-12-10 16:06:09,719 - [StatsService] - WARNING - No data found to generate report.
2025-12-10 16:06:09,721 - [StatsService] - INFO - Generating statistical report...
2025-12-10 16:06:09,722 - [StatsService] - INFO - Report generated for 1 videos.
2025-12-10 16:06:09,723 - [StatsService] - INFO - Generating statistical report...
2025-12-10 16:06:09,724 - [StatsService] - INFO - Report generated for 1 videos.
2025-12-10 16:06:09,725 - [VideoProcessor] - INFO - Starting processing: test.mp4 (FPS: 1.00) Step: every 1 frames)
2025-12-10 16:06:09,726 - [VideoProcessor] - INFO - Processed 10 frames...
2025-12-10 16:06:09,726 - [VideoProcessor] - INFO - Finished test.mp4. Total detections: 10
2025-12-10 16:06:09,733 - [VideoProcessor] - INFO - Starting processing: test.mp4 (FPS: 1.00) Step: every 2 frames)
2025-12-10 16:06:09,733 - [VideoProcessor] - INFO - Finished test.mp4. Total detections: 5
2025-12-10 16:06:09,736 - [VideoProcessor] - INFO - Starting processing: test.mp4 (FPS: 30.00) Step: every 1 frames)
2025-12-10 16:06:09,736 - [VideoProcessor] - INFO - Finished test.mp4. Total detections: 0
2025-12-10 16:06:09,738 - [VideoProcessor] - INFO - Starting processing: large.mp4 (FPS: 30.00) Step: every 100 frames)
2025-12-10 16:06:09,740 - [VideoProcessor] - INFO - Processed 10 frames...
2025-12-10 16:06:09,741 - [VideoProcessor] - INFO - Processed 20 frames...
2025-12-10 16:06:09,744 - [VideoProcessor] - INFO - Processed 30 frames...
2025-12-10 16:06:09,744 - [VideoProcessor] - INFO - Processed 40 frames...
2025-12-10 16:06:09,747 - [VideoProcessor] - INFO - Processed 50 frames...
2025-12-10 16:06:09,749 - [VideoProcessor] - INFO - Processed 60 frames...
2025-12-10 16:06:09,751 - [VideoProcessor] - INFO - Processed 70 frames...
2025-12-10 16:06:09,756 - [VideoProcessor] - INFO - Processed 80 frames...
2025-12-10 16:06:09,757 - [VideoProcessor] - INFO - Processed 90 frames...
2025-12-10 16:06:09,760 - [VideoProcessor] - INFO - Processed 100 frames...
2025-12-10 16:06:09,760 - [VideoProcessor] - INFO - Finished large.mp4. Total detections: 100
2025-12-10 16:06:09,764 - [VideoProcessor] - ERROR - Invalid FPS (0.0) for source: corrupt_fps.mp4
2025-12-10 16:06:09,767 - [VideoProcessor] - INFO - Starting processing: test.mp4 (FPS: 30.00) Step: every 1 frames)
2025-12-10 16:06:09,768 - [VideoProcessor] - INFO - Finished test.mp4. Total detections: 5
2025-12-10 16:06:09,769 - [VideoProcessor] - INFO - Starting processing: short.mp4 (FPS: 30.00) Step: every 100 frames)
2025-12-10 16:06:09,771 - [VideoProcessor] - INFO - Finished short.mp4. Total detections: 1
2025-12-10 21:02:41,150 - [StatsService] - INFO - Generating statistical report...
2025-12-10 21:02:41,151 - [StatsService] - INFO - Report generated for 1 videos.
2025-12-10 21:02:41,152 - [StatsService] - INFO - Generating statistical report...
2025-12-10 21:02:41,152 - [StatsService] - INFO - Report generated for 2 videos.
2025-12-10 21:02:41,158 - [StatsService] - INFO - Generating statistical report...
2025-12-10 21:02:41,163 - [StatsService] - INFO - Report generated for 1 videos.
2025-12-10 21:02:41,166 - [StatsService] - INFO - Generating statistical report...
2025-12-10 21:02:41,166 - [StatsService] - WARNING - No data found to generate report.
2025-12-10 21:02:41,168 - [StatsService] - INFO - Generating statistical report...
2025-12-10 21:02:41,168 - [StatsService] - INFO - Report generated for 1 videos.
2025-12-10 21:02:41,169 - [StatsService] - INFO - Generating statistical report...
2025-12-10 21:02:41,170 - [StatsService] - INFO - Report generated for 1 videos.
2025-12-10 21:02:41,171 - [VideoProcessor] - INFO - Starting processing: test.mp4 (FPS: 1.00) Step: every 1 frames)
2025-12-10 21:02:41,171 - [VideoProcessor] - INFO - Processed 10 frames...
2025-12-10 21:02:41,172 - [VideoProcessor] - INFO - Finished test.mp4. Total detections: 10
2025-12-10 21:02:41,173 - [VideoProcessor] - INFO - Starting processing: test.mp4 (FPS: 1.00) Step: every 2 frames)
2025-12-10 21:02:41,174 - [VideoProcessor] - INFO - Finished test.mp4. Total detections: 5
2025-12-10 21:02:41,176 - [VideoProcessor] - INFO - Starting processing: test.mp4 (FPS: 30.00) Step: every 1 frames)
2025-12-10 21:02:41,176 - [VideoProcessor] - INFO - Finished test.mp4. Total detections: 0
2025-12-10 21:02:41,178 - [VideoProcessor] - INFO - Starting processing: large.mp4 (FPS: 30.00) Step: every 100 frames)
2025-12-10 21:02:41,179 - [VideoProcessor] - INFO - Processed 10 frames...
2025-12-10 21:02:41,180 - [VideoProcessor] - INFO - Processed 20 frames...
2025-12-10 21:02:41,182 - [VideoProcessor] - INFO - Processed 30 frames...
2025-12-10 21:02:41,183 - [VideoProcessor] - INFO - Processed 40 frames...
2025-12-10 21:02:41,184 - [VideoProcessor] - INFO - Processed 50 frames...
2025-12-10 21:02:41,186 - [VideoProcessor] - INFO - Processed 60 frames...
2025-12-10 21:02:41,187 - [VideoProcessor] - INFO - Processed 70 frames...
2025-12-10 21:02:41,189 - [VideoProcessor] - INFO - Processed 80 frames...
2025-12-10 21:02:41,190 - [VideoProcessor] - INFO - Processed 90 frames...
2025-12-10 21:02:41,191 - [VideoProcessor] - INFO - Processed 100 frames...
2025-12-10 21:02:41,192 - [VideoProcessor] - INFO - Finished large.mp4. Total detections: 100
2025-12-10 21:02:41,193 - [VideoProcessor] - ERROR - Invalid FPS (0.0) for source: corrupt_fps.mp4
2025-12-10 21:02:41,195 - [VideoProcessor] - INFO - Starting processing: test.mp4 (FPS: 30.00) Step: every 1 frames)
2025-12-10 21:02:41,196 - [VideoProcessor] - INFO - Finished test.mp4. Total detections: 5
2025-12-10 21:02:41,197 - [VideoProcessor] - INFO - Starting processing: short.mp4 (FPS: 30.00) Step: every 100 frames)
2025-12-10 21:02:41,197 - [VideoProcessor] - INFO - Finished short.mp4. Total detections: 1
