file_name,timestamp,dominant_emotion,angry,disgust,fear,happy,sad,surprise,neutral
MarkRutte_MariekeElsinga.mkv,00:00,neutral,7.446414e-05,2.2071314e-13,16.643202,0.080908954,2.454006,0.002074765,80.81974
MarkRutte_MariekeElsinga.mkv,00:00,neutral,5.940933e-05,1.6477873e-13,14.940309,0.07802997,2.2447855,0.0018463943,82.73498
MarkRutte_MariekeElsinga.mkv,00:00,neutral,5.981299e-05,3.4935138e-13,14.7368355,0.16983771,2.6242332,0.0035870392,82.46545
MarkRutte_MariekeElsinga.mkv,00:00,neutral,7.5438984e-05,3.6988218e-13,25.748137,0.06868461,5.202112,0.0014698944,68.97952
MarkRutte_MariekeElsinga.mkv,00:00,neutral,6.3011736e-05,2.9261256e-13,22.04878,0.08970918,4.3216786,0.0011466036,73.53862
MarkRutte_MariekeElsinga.mkv,00:00,neutral,7.207843e-05,3.2591936e-13,33.66617,0.048095975,7.262545,0.0009270755,59.022186
MarkRutte_MariekeElsinga.mkv,00:00,neutral,7.817652e-05,4.9097873e-13,43.70594,0.039764635,8.823781,0.0008522457,47.429585
MarkRutte_MariekeElsinga.mkv,00:00,fear,7.506043e-05,3.9115244e-13,46.11784,0.034482557,8.988,0.0011250677,44.85848
MarkRutte_MariekeElsinga.mkv,00:00,neutral,6.8656154e-05,1.8946421e-13,25.796902,0.04998461,3.885832,0.0026247492,70.26459
MarkRutte_MariekeElsinga.mkv,00:00,neutral,3.5400462e-05,6.0941784e-14,4.8907003,0.062110737,0.7823794,0.0022534633,94.26253
MarkRutte_MariekeElsinga.mkv,00:00,neutral,5.578449e-05,1.3222051e-13,8.127339,0.07609072,1.222392,0.0038900385,90.57023
MarkRutte_MariekeElsinga.mkv,00:00,neutral,0.00011401024,4.7358135e-13,26.38555,0.050141204,4.383458,0.0040979157,69.17664
MarkRutte_MariekeElsinga.mkv,00:00,neutral,7.944634e-05,2.3937292e-13,11.866856,0.077537134,1.7871433,0.0044432823,86.26395
MarkRutte_MariekeElsinga.mkv,00:00,neutral,5.9661455e-05,9.4891746e-14,10.730357,0.056294493,1.4743943,0.0034889483,87.735405
MarkRutte_MariekeElsinga.mkv,00:00,neutral,5.8806057e-05,1.1264829e-13,5.43624,0.091923594,0.7213205,0.005195593,93.74526
MarkRutte_MariekeElsinga.mkv,00:00,neutral,3.576058e-05,4.293088e-14,3.8563485,0.10793107,0.50544435,0.0048462474,95.5254
MarkRutte_MariekeElsinga.mkv,00:00,neutral,3.003174e-05,5.725647e-14,2.313943,0.12865105,0.3631714,0.0036691194,97.19054
MarkRutte_MariekeElsinga.mkv,00:00,neutral,2.3777842e-05,2.959684e-14,1.8994123,0.11005962,0.30086175,0.0035592825,97.68609
MarkRutte_MariekeElsinga.mkv,00:00,neutral,2.9231436e-05,3.07157e-14,2.7546802,0.09624583,0.38559255,0.0033444273,96.76011
MarkRutte_MariekeElsinga.mkv,00:00,neutral,2.0792222e-05,1.6964022e-14,2.6441307,0.11484977,0.34447294,0.0047146683,96.89181
MarkRutte_MariekeElsinga.mkv,00:00,neutral,1.9207775e-05,2.4562134e-14,1.7975986,0.16070147,0.2611727,0.00559563,97.77492
MarkRutte_MariekeElsinga.mkv,00:00,neutral,1.8027966e-05,1.7597541e-14,1.6900883,0.16032928,0.23630832,0.005867173,97.90739
MarkRutte_MariekeElsinga.mkv,00:00,neutral,2.0889334e-05,2.200122e-14,2.8959944,0.15265507,0.36154035,0.004915649,96.58487
MarkRutte_MariekeElsinga.mkv,00:00,neutral,1.51434215e-05,1.1683387e-14,2.8693883,0.11028895,0.38431793,0.0034949998,96.63249
MarkRutte_MariekeElsinga.mkv,00:01,neutral,1.901546e-05,1.625468e-14,4.2890253,0.100679554,0.5413542,0.0033821613,95.06554
MarkRutte_MariekeElsinga.mkv,00:01,neutral,2.6772288e-05,2.1320505e-14,4.478011,0.07969902,0.5591238,0.0039505465,94.87919
MarkRutte_MariekeElsinga.mkv,00:01,neutral,2.9650519e-05,3.4614462e-14,4.889346,0.09858075,0.62530047,0.004420287,94.382324
MarkRutte_MariekeElsinga.mkv,00:01,neutral,2.4865123e-05,2.1943817e-14,3.845852,0.110923775,0.47489157,0.005143999,95.56316
MarkRutte_MariekeElsinga.mkv,00:01,neutral,2.0536627e-05,1.5303768e-14,3.365677,0.1092851,0.41549075,0.0046363766,96.1049
MarkRutte_MariekeElsinga.mkv,00:01,neutral,2.5769501e-05,2.4011944e-14,4.969166,0.11457571,0.5956719,0.004952425,94.31561
MarkRutte_MariekeElsinga.mkv,00:01,neutral,2.5645128e-05,2.7133482e-14,4.553379,0.11790918,0.56756604,0.005022954,94.7561
MarkRutte_MariekeElsinga.mkv,00:01,neutral,2.7416132e-05,3.236884e-14,4.299313,0.14200373,0.5290897,0.00615221,95.023415
MarkRutte_MariekeElsinga.mkv,00:01,neutral,2.611371e-05,4.9519457e-14,2.7599921,0.1914792,0.37201363,0.0064597237,96.67002
MarkRutte_MariekeElsinga.mkv,00:01,neutral,2.472012e-05,5.87775e-14,2.3097527,0.21903163,0.3423654,0.0068451758,97.12198
MarkRutte_MariekeElsinga.mkv,00:01,neutral,1.9563488e-05,4.2219e-14,2.9645627,0.22490506,0.4371887,0.005863735,96.36746
MarkRutte_MariekeElsinga.mkv,00:01,neutral,1.4432478e-05,3.4231325e-14,1.4289069,0.29750445,0.23383002,0.0060819644,98.03366
MarkRutte_MariekeElsinga.mkv,00:01,neutral,1.44858e-05,2.5381153e-14,1.8685086,0.3450597,0.2698158,0.007806791,97.5088
MarkRutte_MariekeElsinga.mkv,00:01,neutral,1.4658779e-05,1.928013e-14,2.0638301,0.29360807,0.27688003,0.0076679466,97.358
MarkRutte_MariekeElsinga.mkv,00:01,neutral,1.41801165e-05,1.184424e-14,2.275507,0.22699142,0.28905383,0.007144331,97.20129
MarkRutte_MariekeElsinga.mkv,00:01,neutral,1.7571285e-05,1.36008106e-14,3.2612975,0.20758036,0.3940611,0.007973318,96.129074
MarkRutte_MariekeElsinga.mkv,00:01,neutral,2.249346e-05,1.9460551e-14,3.9481692,0.18667957,0.48130518,0.008385541,95.375435
MarkRutte_MariekeElsinga.mkv,00:01,neutral,1.2920146e-05,6.6631982e-15,2.7347822,0.240009,0.33405423,0.008782099,96.68236
MarkRutte_MariekeElsinga.mkv,00:01,neutral,1.4073822e-05,7.8442315e-15,3.1798532,0.3230657,0.39518562,0.012120801,96.08977
MarkRutte_MariekeElsinga.mkv,00:01,neutral,1.9298323e-05,7.591342e-15,3.5427287,0.1876081,0.44121042,0.011888792,95.81655
MarkRutte_MariekeElsinga.mkv,00:01,neutral,3.5743265e-05,1.4598101e-14,6.560428,0.10251249,0.7670333,0.011396252,92.55859
MarkRutte_MariekeElsinga.mkv,00:01,neutral,3.1273343e-05,1.27311195e-14,5.7870393,0.09839637,0.7576379,0.009109498,93.347786
MarkRutte_MariekeElsinga.mkv,00:01,neutral,4.7247035e-05,4.4145683e-14,6.5601883,0.09916881,0.8627032,0.008039008,92.46986
MarkRutte_MariekeElsinga.mkv,00:01,neutral,7.259972e-05,4.400681e-14,7.942588,0.030288028,1.0705916,0.0038578105,90.95261
MarkRutte_MariekeElsinga.mkv,00:01,neutral,7.134041e-05,5.571566e-14,10.013415,0.027787248,1.3756939,0.0029380587,88.5801
MarkRutte_MariekeElsinga.mkv,00:02,neutral,4.4522858e-05,5.3938848e-14,6.8715386,0.048267573,0.95212746,0.0028532294,92.12517
MarkRutte_MariekeElsinga.mkv,00:02,neutral,4.0454383e-05,1.10783595e-13,3.371621,0.12472754,0.5216386,0.005045824,95.97693
MarkRutte_MariekeElsinga.mkv,00:02,neutral,1.9280043e-05,3.378775e-14,1.1416979,0.24899046,0.18034641,0.008623906,98.42032
MarkRutte_MariekeElsinga.mkv,00:02,neutral,2.2118473e-05,4.3872014e-14,0.97356075,0.2477777,0.15655887,0.009235037,98.61285
MarkRutte_MariekeElsinga.mkv,00:02,neutral,1.7414943e-05,2.2830489e-14,0.9328416,0.26407185,0.1391247,0.010891857,98.65305
MarkRutte_MariekeElsinga.mkv,00:02,neutral,2.0393885e-05,2.4999774e-14,1.3270144,0.24264303,0.18611787,0.011066536,98.23314
MarkRutte_MariekeElsinga.mkv,00:02,neutral,2.1536676e-05,5.006946e-14,1.2512572,0.39925247,0.18707065,0.01440717,98.14799
MarkRutte_MariekeElsinga.mkv,00:02,neutral,2.0370322e-05,3.0361574e-14,1.442468,0.29731026,0.20253985,0.012292449,98.04537
MarkRutte_MariekeElsinga.mkv,00:02,neutral,1.6180846e-05,1.5184185e-14,1.064164,0.20409891,0.15347318,0.008867984,98.56938
MarkRutte_MariekeElsinga.mkv,00:02,neutral,2.3284416e-05,1.7203847e-14,2.1983922,0.13994528,0.27888605,0.00811426,97.37464
MarkRutte_MariekeElsinga.mkv,00:02,neutral,2.0817037e-05,1.4017108e-14,1.9015634,0.14746858,0.23865612,0.008513451,97.70378
MarkRutte_MariekeElsinga.mkv,00:02,neutral,2.6293614e-05,1.8414942e-14,2.706599,0.16245247,0.31776404,0.010915554,96.80224
MarkRutte_MariekeElsinga.mkv,00:02,neutral,2.977304e-05,2.9321997e-14,2.525887,0.18006833,0.30587333,0.01072342,96.977425
MarkRutte_MariekeElsinga.mkv,00:02,neutral,3.0746844e-05,2.5511311e-14,2.868296,0.16490003,0.33313295,0.009840229,96.6238
MarkRutte_MariekeElsinga.mkv,00:02,neutral,3.9962662e-05,2.798182e-14,4.518441,0.1023398,0.49394304,0.006341162,94.8789
MarkRutte_MariekeElsinga.mkv,00:03,neutral,3.4794364e-05,2.1663054e-14,4.4044056,0.10772344,0.4796369,0.00793835,95.00027
MarkRutte_MariekeElsinga.mkv,00:03,neutral,4.5505345e-05,3.156507e-14,6.890922,0.095378704,0.7309097,0.00763792,92.27511
MarkRutte_MariekeElsinga.mkv,00:03,neutral,3.663385e-05,2.1869257e-14,5.7279277,0.113808066,0.6245244,0.009330592,93.524376
MarkRutte_MariekeElsinga.mkv,00:03,neutral,4.2793323e-05,2.315797e-14,5.2911716,0.097945176,0.54814893,0.008945259,94.05375
MarkRutte_MariekeElsinga.mkv,00:03,neutral,5.868634e-05,5.1547884e-14,7.6675544,0.097727254,0.8025928,0.00761171,91.42445
MarkRutte_MariekeElsinga.mkv,00:03,neutral,9.962706e-05,1.3588726e-13,10.1138525,0.060245365,1.2221317,0.00592883,88.59775
MarkRutte_MariekeElsinga.mkv,00:03,neutral,0.00010499586,1.5510566e-13,9.276631,0.058217477,1.1665257,0.005159069,89.49336
MarkRutte_MariekeElsinga.mkv,00:03,neutral,5.7946014e-05,5.06653e-14,8.304476,0.04674452,1.0255493,0.0033067088,90.61987
MarkRutte_MariekeElsinga.mkv,00:03,neutral,3.8528364e-05,2.5895432e-14,6.7805295,0.048360713,0.82359284,0.0028144466,92.344666
MarkRutte_MariekeElsinga.mkv,00:03,neutral,6.515782e-05,6.248666e-14,8.379691,0.041574713,1.0756626,0.0031242976,90.499886
MarkRutte_MariekeElsinga.mkv,00:03,neutral,6.63253e-05,7.0217154e-14,8.471355,0.046017483,1.1377804,0.0034201727,90.34136
MarkRutte_MariekeElsinga.mkv,00:03,neutral,7.5439886e-05,9.410977e-14,7.6606717,0.048125982,1.046139,0.0031688479,91.24181
MarkRutte_MariekeElsinga.mkv,00:03,neutral,5.9332062e-05,6.4587096e-14,5.7533407,0.05030721,0.77896386,0.0026706227,93.414665
MarkRutte_MariekeElsinga.mkv,00:03,neutral,5.416443e-05,5.860065e-14,6.3225904,0.055592798,0.83435655,0.0029210637,92.784485
MarkRutte_MariekeElsinga.mkv,00:03,neutral,7.824996e-05,1.2782971e-13,8.193648,0.05917658,1.1025269,0.004235112,90.640335
MarkRutte_MariekeElsinga.mkv,00:03,neutral,5.811178e-05,8.2730914e-14,5.6757317,0.0636981,0.7771771,0.0033389851,93.479996
MarkRutte_MariekeElsinga.mkv,00:03,neutral,4.641753e-05,4.5488973e-14,4.3424816,0.049858067,0.60780907,0.0022243464,94.99758
MarkRutte_MariekeElsinga.mkv,00:03,neutral,4.02859e-05,2.5529283e-14,4.922294,0.04862046,0.6316655,0.0022977456,94.39508
MarkRutte_MariekeElsinga.mkv,00:03,neutral,4.3013595e-05,2.845527e-14,4.662429,0.04755805,0.6006202,0.0023247243,94.68703
MarkRutte_MariekeElsinga.mkv,00:03,neutral,4.070476e-05,2.5337686e-14,5.7377253,0.04582263,0.7358004,0.0024431837,93.47817
MarkRutte_MariekeElsinga.mkv,00:03,neutral,3.853041e-05,2.8002303e-14,6.6636887,0.06474052,0.77066225,0.0039268555,92.49695
MarkRutte_MariekeElsinga.mkv,00:03,neutral,3.4801444e-05,2.7114597e-14,5.376621,0.10321776,0.60250443,0.006288394,93.91133
MarkRutte_MariekeElsinga.mkv,00:03,neutral,2.53732e-05,2.3890927e-14,3.8655858,0.18156591,0.4461574,0.008461334,95.49821
MarkRutte_MariekeElsinga.mkv,00:03,neutral,2.5825435e-05,2.6242343e-14,3.408212,0.1594051,0.40440375,0.00669258,96.021255
MarkRutte_MariekeElsinga.mkv,00:03,neutral,3.0025461e-05,2.6001906e-14,5.0908985,0.113464504,0.5939428,0.005975748,94.195694
MarkRutte_MariekeElsinga.mkv,00:04,neutral,3.84863e-05,2.0521216e-14,9.37829,0.06766956,1.0719732,0.005340706,89.47669
MarkRutte_MariekeElsinga.mkv,00:04,neutral,3.5779547e-05,1.6041608e-14,7.8495,0.072789624,0.87310743,0.0059378482,91.19863
MarkRutte_MariekeElsinga.mkv,00:04,neutral,4.346377e-05,2.7481657e-14,8.866452,0.07824267,0.99386716,0.006479697,90.05492
MarkRutte_MariekeElsinga.mkv,00:04,neutral,3.1759446e-05,1.9159108e-14,7.4157467,0.09603275,0.83112633,0.0061885277,91.65088
MarkRutte_MariekeElsinga.mkv,00:04,fear,3.005242,0.02543783,47.828014,9.443409,6.643097,1.0487732,32.006023
MarkRutte_MariekeElsinga.mkv,00:04,fear,9.621543,0.56229633,44.923798,1.1477028,10.861072,1.3638848,31.5197
MarkRutte_MariekeElsinga.mkv,00:04,fear,15.48881,0.04947646,49.314705,0.107407,27.646862,0.13358359,7.259162
MarkRutte_MariekeElsinga.mkv,00:04,sad,7.3860645,0.0051030884,24.920328,0.006838815,57.48511,0.0020105655,10.19455
MarkRutte_MariekeElsinga.mkv,00:04,sad,6.0447254,0.0053852065,21.07567,0.006554055,61.664562,0.0018430337,11.201265
MarkRutte_MariekeElsinga.mkv,00:04,sad,11.872438,6.6350505e-05,11.991429,0.000109834116,73.03299,0.0005133205,3.1024518
MarkRutte_MariekeElsinga.mkv,00:04,sad,11.959062,0.0047806907,21.126913,0.0021693811,63.25805,0.009036408,3.6399903
MarkRutte_MariekeElsinga.mkv,00:04,sad,12.438637,0.01117757,24.000088,0.031447466,59.25627,0.08562609,4.1767445
MarkRutte_MariekeElsinga.mkv,00:04,sad,17.180609,0.03798551,23.45992,0.24315447,43.568077,13.560787,1.9494709
MarkRutte_MariekeElsinga.mkv,00:04,happy,3.9982405e-07,4.478635e-16,3.0467177e-07,99.999855,4.076588e-06,3.280518e-07,0.00013986717
MarkRutte_MariekeElsinga.mkv,00:04,happy,1.4252292e-07,1.5459635e-17,2.4235769e-08,99.99994,2.8089394e-07,1.2126416e-07,6.071512e-05
MarkRutte_MariekeElsinga.mkv,00:04,happy,2.967374e-07,1.4952515e-15,8.045508e-07,99.99935,1.2136862e-05,5.936141e-08,0.0006370275
MarkRutte_MariekeElsinga.mkv,00:04,happy,2.0947735e-07,9.967841e-16,4.08855e-07,99.99957,1.9797176e-06,2.8559782e-07,0.00043044373
MarkRutte_MariekeElsinga.mkv,00:04,happy,7.3592545e-08,8.660798e-18,9.308609e-09,99.99996,2.352582e-07,3.0131562e-07,4.2865955e-05
MarkRutte_MariekeElsinga.mkv,00:04,happy,8.0471654e-07,2.8930559e-15,2.6711348e-05,99.99745,1.7222017e-05,6.1723094e-06,0.002495536
MarkRutte_MariekeElsinga.mkv,00:04,happy,2.4346457e-07,1.8296733e-15,1.0431495e-06,99.99817,8.511312e-06,1.0106273e-06,0.0018226984
MarkRutte_MariekeElsinga.mkv,00:04,happy,7.666566e-07,1.0443877e-13,0.00011927099,99.96114,0.000744596,1.1419191e-05,0.037982672
MarkRutte_MariekeElsinga.mkv,00:04,happy,3.1610574e-07,7.2690515e-16,2.4729837e-07,99.999985,5.796635e-07,3.824975e-07,1.3503575e-05
MarkRutte_MariekeElsinga.mkv,00:04,happy,2.1835149e-07,1.4766632e-14,8.97003e-06,99.99995,7.6402575e-06,3.0364424e-06,2.4580166e-05
MarkRutte_MariekeElsinga.mkv,00:04,happy,4.5802702e-07,7.0474242e-15,5.7009916e-06,99.99997,3.0640545e-06,6.071187e-06,1.4754495e-05
MarkRutte_MariekeElsinga.mkv,00:04,happy,1.800374e-07,6.345359e-15,2.4379722e-05,99.99996,1.1969111e-06,1.2512343e-05,1.6669048e-06
MarkRutte_MariekeElsinga.mkv,00:05,sad,0.7025594,5.382573e-06,0.5297745,0.0031320415,94.50888,0.00028867356,4.2553663
MarkRutte_MariekeElsinga.mkv,00:05,sad,1.1496023,2.65697e-06,0.10324917,0.0020769127,93.00872,3.5871693e-05,5.7363133
MarkRutte_MariekeElsinga.mkv,00:05,sad,1.5576673,9.823216e-05,0.26514736,0.0064635715,92.63957,3.2312513e-05,5.5310254
MarkRutte_MariekeElsinga.mkv,00:05,sad,3.227306,0.0011455051,0.6419222,0.01808769,80.584946,0.00012254581,15.526467
MarkRutte_MariekeElsinga.mkv,00:05,happy,0.00013613116,4.981259e-07,0.020520365,99.81792,0.057890758,0.0033165982,0.10022717
MarkRutte_MariekeElsinga.mkv,00:05,sad,1.1501379,0.000118029006,0.34348285,0.0011397648,96.77714,4.8139177e-06,1.7279721
MarkRutte_MariekeElsinga.mkv,00:05,sad,0.89132124,0.00013192795,0.3445162,0.00064141623,96.92856,3.3022222e-06,1.8348284
MarkRutte_MariekeElsinga.mkv,00:05,sad,6.080739,0.039847914,3.2159548,0.07026519,70.08855,0.0036336216,20.501015
MarkRutte_MariekeElsinga.mkv,00:05,neutral,2.368092,0.566837,29.078918,1.6704669,20.409267,0.014019855,45.892395
MarkRutte_MariekeElsinga.mkv,00:05,neutral,1.4663192,0.31386125,19.571085,2.1780436,16.931816,0.012296924,59.52658
MarkRutte_MariekeElsinga.mkv,00:05,neutral,2.283197,0.65321624,13.811244,2.2314184,15.990646,0.044221625,64.98606
MarkRutte_MariekeElsinga.mkv,00:05,fear,5.7757545,3.6408615,45.458183,0.35599658,20.32728,0.18827514,24.253654
MarkRutte_MariekeElsinga.mkv,00:05,fear,12.567456,2.048758,40.977833,0.27280566,16.352486,1.270139,26.51053
MarkRutte_MariekeElsinga.mkv,00:05,happy,1.9723128e-08,6.5952235e-18,2.7911895e-09,99.99994,1.6219943e-07,5.5896827e-08,6.0969556e-05
MarkRutte_MariekeElsinga.mkv,00:05,happy,3.494546e-08,9.35923e-18,6.2780414e-06,99.99992,2.798474e-07,6.900425e-05,4.3095147e-07
MarkRutte_MariekeElsinga.mkv,00:05,fear,0.004845265,2.0839596e-13,61.391766,0.16863039,20.701233,0.0001545567,17.733374
MarkRutte_MariekeElsinga.mkv,00:05,sad,0.067543104,4.4479964e-07,0.03969431,5.9455248e-05,90.13609,3.0535878e-06,9.756603
MarkRutte_MariekeElsinga.mkv,00:05,happy,0.065692775,1.213181e-05,4.3562493,48.35152,42.9535,0.0045567006,4.2684736
MarkRutte_MariekeElsinga.mkv,00:05,fear,0.00023558021,8.473101e-13,59.987976,0.22022909,6.7400427,0.0017885827,33.049732
MarkRutte_MariekeElsinga.mkv,00:05,sad,0.065353625,1.245624e-05,4.825012,44.95937,45.684048,0.0045007267,4.461701
MarkRutte_MariekeElsinga.mkv,00:05,sad,0.2763865,5.9964073e-06,0.21817225,0.00044447428,76.50875,6.7651505e-05,22.996166
MarkRutte_MariekeElsinga.mkv,00:05,neutral,0.013475461,4.736295e-09,37.09994,0.11200021,1.2074972,0.052049454,61.515034
MarkRutte_MariekeElsinga.mkv,00:05,fear,0.020387623,1.7735915e-09,72.23841,0.012214046,25.219963,0.00030585518,2.5087242
MarkRutte_MariekeElsinga.mkv,00:05,happy,5.947803e-09,1.6449376e-19,2.783332e-06,99.99941,2.7663612e-08,0.00058528484,6.5084773e-06
MarkRutte_MariekeElsinga.mkv,00:05,happy,3.265364e-07,2.8515017e-16,4.591476e-06,99.99995,2.431766e-06,4.442793e-05,7.986819e-06
MarkRutte_MariekeElsinga.mkv,00:06,happy,1.2849407e-07,4.3423872e-16,1.5589304e-06,99.999985,1.0265218e-06,2.1721687e-06,1.3257531e-05
MarkRutte_MariekeElsinga.mkv,00:06,happy,2.4511723e-06,5.1840596e-13,5.355817e-05,99.99889,6.447141e-05,0.000100558806,0.0008935406
MarkRutte_MariekeElsinga.mkv,00:06,happy,9.814529e-07,9.8762734e-14,6.318301e-05,99.99899,2.5060088e-05,0.00019901135,0.0007224102
MarkRutte_MariekeElsinga.mkv,00:06,sad,9.71348,0.010213593,31.296198,0.015944527,55.732742,0.29898933,2.9324331
MarkRutte_MariekeElsinga.mkv,00:06,happy,2.4001897e-08,6.4435533e-18,1.9019895e-09,99.99998,1.246429e-07,1.0048128e-08,2.520479e-05
MarkRutte_MariekeElsinga.mkv,00:06,sad,5.4798117,0.00087862025,10.225462,0.00014747801,81.3764,0.00063579547,2.9166586
MarkRutte_MariekeElsinga.mkv,00:06,sad,7.130634,0.0016638571,23.188738,0.0033034855,49.70057,0.0023004017,19.972797
MarkRutte_MariekeElsinga.mkv,00:06,happy,1.3450161e-06,2.4093317e-13,4.9930895e-05,99.98822,3.5865753e-05,0.00036036715,0.011325319
MarkRutte_MariekeElsinga.mkv,00:06,happy,3.4107427e-06,1.0037323e-12,8.737228e-05,99.7529,0.00029614687,0.0005738505,0.24614859
MarkRutte_MariekeElsinga.mkv,00:06,happy,1.2401836e-06,5.4233965e-12,4.6020163e-05,99.886024,0.00014526026,0.00027743576,0.113509804
MarkRutte_MariekeElsinga.mkv,00:06,sad,2.3880064,0.010328859,0.9235828,0.035457,91.973206,0.0022046512,4.667216
MarkRutte_MariekeElsinga.mkv,00:06,fear,1.0191827,1.474342e-13,55.238384,0.0024851132,43.569366,3.226949e-05,0.17055038
MarkRutte_MariekeElsinga.mkv,00:06,neutral,5.221293,0.08747409,4.159893,2.536304,31.288263,0.12325876,56.58352
MarkRutte_MariekeElsinga.mkv,00:06,neutral,5.4911317e-05,2.1647784e-08,0.8960267,42.126736,0.0653995,0.30820853,56.603577
MarkRutte_MariekeElsinga.mkv,00:06,disgust,11.951645,30.673214,12.989677,0.5835704,19.560015,1.103584,23.138294
MarkRutte_MariekeElsinga.mkv,00:06,sad,11.287202,24.108606,10.186639,1.2335398,27.56441,0.21577208,25.403824
MarkRutte_MariekeElsinga.mkv,00:06,neutral,23.055372,3.9577901,10.551006,1.4913778,25.443073,0.5931766,34.908207
MarkRutte_MariekeElsinga.mkv,00:06,angry,51.21951,6.708986,8.236732,3.2398927,8.657482,3.7932863,18.144115
MarkRutte_MariekeElsinga.mkv,00:06,neutral,0.00016663152,9.697347e-07,0.06697348,48.512035,0.031695686,0.12974067,51.259388
MarkRutte_MariekeElsinga.mkv,00:06,neutral,0.00014823733,1.4960872e-06,0.32442108,26.590406,7.0377293,0.006628149,66.040665
MarkRutte_MariekeElsinga.mkv,00:06,neutral,0.0042213793,0.00018933688,2.576982,4.8264966,0.3326576,0.11775828,92.14169
MarkRutte_MariekeElsinga.mkv,00:06,neutral,0.005566127,2.5332605e-05,0.40844846,25.82523,0.97576797,0.009221858,72.77574
MarkRutte_MariekeElsinga.mkv,00:06,sad,26.889688,0.91149694,23.26023,5.5995464,34.600815,2.073384,6.6648335
MarkRutte_MariekeElsinga.mkv,00:06,fear,13.535855,0.16822849,26.074202,21.968403,17.720291,0.6669948,19.866016
MarkRutte_MariekeElsinga.mkv,00:06,fear,20.617132,0.85610867,34.392555,7.657915,14.98083,0.9718544,20.523605
MarkRutte_MariekeElsinga.mkv,00:07,neutral,9.461846,0.5280621,17.246696,0.4248545,31.943111,0.77171636,39.623707
MarkRutte_MariekeElsinga.mkv,00:07,happy,3.1808424e-06,9.21837e-11,2.6499425e-05,99.998085,0.0002996841,1.3908933e-06,0.001586651
MarkRutte_MariekeElsinga.mkv,00:07,sad,4.0442095,0.00041772865,10.690315,0.015686367,81.685776,0.011905118,3.551695
MarkRutte_MariekeElsinga.mkv,00:07,sad,0.8213259,0.00016864298,1.615383,0.00071304804,97.07701,3.6706155e-05,0.4853603
MarkRutte_MariekeElsinga.mkv,00:07,sad,1.4257152,0.00055976026,1.5168607,0.0010758436,95.91524,5.1891464e-05,1.1405004
MarkRutte_MariekeElsinga.mkv,00:07,sad,0.34401748,4.7312413e-05,2.0431821,0.0005335129,96.475464,0.00030092665,1.1364543
MarkRutte_MariekeElsinga.mkv,00:07,neutral,0.00143603,5.7267705e-05,0.2511999,14.598557,6.9987493,0.0037300717,78.14627
MarkRutte_MariekeElsinga.mkv,00:07,sad,3.4951937,3.251781e-06,4.086161,4.576337,85.58006,1.860379e-07,2.2622402
MarkRutte_MariekeElsinga.mkv,00:07,sad,0.08641514,3.868743e-08,0.31820306,0.0014638548,99.074936,1.1605216e-09,0.5189846
MarkRutte_MariekeElsinga.mkv,00:07,neutral,0.18189402,0.030225785,26.533327,16.911715,0.20214035,4.9467096,51.19399
MarkRutte_MariekeElsinga.mkv,00:07,neutral,0.24130028,0.0022855874,3.8298228,4.764985,0.1312336,5.997526,85.03285
MarkRutte_MariekeElsinga.mkv,00:07,neutral,0.059202157,0.010628817,3.5005836,10.016319,0.93671066,0.12460519,85.35195
MarkRutte_MariekeElsinga.mkv,00:07,neutral,0.0030602964,1.368208e-05,18.140833,0.15881091,0.026243802,5.153226,76.517815
MarkRutte_MariekeElsinga.mkv,00:07,neutral,0.0044738417,2.4759143e-05,34.168587,0.19855346,0.040707633,5.60931,59.978348
MarkRutte_MariekeElsinga.mkv,00:07,angry,46.678303,0.9053706,21.121952,0.7337843,14.011203,2.3292272,14.220163
MarkRutte_MariekeElsinga.mkv,00:07,angry,39.415257,5.358904,14.96132,1.8215666,9.967525,4.337724,24.137707
MarkRutte_MariekeElsinga.mkv,00:07,angry,42.804726,18.156467,14.556223,0.851983,10.302324,2.3556402,10.972635
MarkRutte_MariekeElsinga.mkv,00:07,disgust,25.048073,43.822445,16.242424,0.32485735,11.327191,0.37941873,2.8556015
MarkRutte_MariekeElsinga.mkv,00:07,fear,24.858784,16.221804,32.10524,0.27130857,22.079578,0.22880347,4.2344866
MarkRutte_MariekeElsinga.mkv,00:07,sad,17.090723,5.200089,25.171917,0.7640034,32.88954,0.35911164,18.524616
MarkRutte_MariekeElsinga.mkv,00:07,angry,58.310658,18.856,5.7832923,0.6153027,4.6916037,7.079214,4.663932
MarkRutte_MariekeElsinga.mkv,00:07,angry,70.5114,0.05973421,7.9203935,0.10222981,9.226962,5.3069005,6.8723903
MarkRutte_MariekeElsinga.mkv,00:07,fear,0.08457483,4.3155785e-10,96.360664,0.065043665,3.2479122,4.2199777e-06,0.24180107
MarkRutte_MariekeElsinga.mkv,00:07,fear,0.0025830239,5.3562776e-06,46.864548,0.11867126,0.023936978,17.49832,35.49194
MarkRutte_MariekeElsinga.mkv,00:07,neutral,0.009867148,0.00041877243,1.1982414,2.700196,0.03642398,0.78483206,95.27002
MarkRutte_MariekeElsinga.mkv,00:08,neutral,0.008007418,0.00031409974,1.1679082,1.1431243,0.022882257,0.45999706,97.19777
MarkRutte_MariekeElsinga.mkv,00:08,angry,76.238815,0.17789423,11.994559,0.007921173,9.200242,0.89371175,1.4868528
MarkRutte_MariekeElsinga.mkv,00:08,neutral,0.0042368094,3.4631812e-05,0.8022405,0.49953443,0.04997548,0.3019026,98.34208
MarkRutte_MariekeElsinga.mkv,00:08,sad,2.64394,1.1516166e-06,9.078006,0.2805957,85.309395,1.0167543e-05,2.6880517
MarkRutte_MariekeElsinga.mkv,00:08,neutral,0.025452618,0.00015488167,11.672588,16.69373,0.1358252,24.939499,46.532753
MarkRutte_MariekeElsinga.mkv,00:08,fear,9.779556,0.09613898,36.479298,0.3318661,29.166805,0.52290124,23.623434
MarkRutte_MariekeElsinga.mkv,00:08,angry,30.60554,0.65204126,28.674044,0.13105214,29.608032,0.9609556,9.368325
MarkRutte_MariekeElsinga.mkv,00:08,sad,23.685837,0.69664234,34.908424,0.07354892,38.254528,0.10626972,2.274758
MarkRutte_MariekeElsinga.mkv,00:08,fear,9.80904,4.0088186,63.284348,0.029938828,22.347746,0.061882243,0.45822832
MarkRutte_MariekeElsinga.mkv,00:08,fear,9.281881,2.1204395,62.19805,0.06294613,25.634026,0.15492623,0.54772556
MarkRutte_MariekeElsinga.mkv,00:08,fear,19.234,1.2993492,41.036243,0.12736449,37.206524,0.47438276,0.62213755
MarkRutte_MariekeElsinga.mkv,00:08,sad,33.55976,2.4070556,29.18661,0.10898179,33.62095,0.67459697,0.442049
MarkRutte_MariekeElsinga.mkv,00:08,sad,27.97451,1.2388359,32.207603,0.18108998,36.58364,1.163913,0.6504039
MarkRutte_MariekeElsinga.mkv,00:08,fear,16.924139,2.3352897,48.260033,0.18488647,30.463097,0.74233204,1.0902189
MarkRutte_MariekeElsinga.mkv,00:08,sad,5.7822595,0.30706757,41.415813,0.00632734,51.823067,0.08234106,0.5831238
MarkRutte_MariekeElsinga.mkv,00:08,sad,1.7789291,0.00039620945,9.927454,0.00039502548,88.0361,0.004827634,0.251901
MarkRutte_MariekeElsinga.mkv,00:08,fear,0.2782013,7.321374e-11,97.16599,0.07451899,2.4167354,5.5393866e-05,0.064501464
MarkRutte_MariekeElsinga.mkv,00:08,sad,7.8633995,0.0007758494,13.649233,5.9707945e-05,77.64893,0.0035980546,0.83400095
MarkRutte_MariekeElsinga.mkv,00:08,sad,8.657303,0.00078726077,9.174831,5.1423267e-05,81.346565,0.0024412253,0.81802046
MarkRutte_MariekeElsinga.mkv,00:08,sad,14.680304,0.0033500062,10.30392,0.00016305843,71.239655,0.0044737794,3.7681315
MarkRutte_MariekeElsinga.mkv,00:08,sad,0.0031606492,5.6814053e-10,2.7260475,0.00040150082,97.221535,8.793498e-09,0.04886104
MarkRutte_MariekeElsinga.mkv,00:08,sad,24.340736,0.0104331495,9.801519,0.004795101,56.857826,0.19577456,8.788912
MarkRutte_MariekeElsinga.mkv,00:08,sad,19.458424,0.05532021,20.339996,0.0013449512,52.928097,0.06570899,7.151118
MarkRutte_MariekeElsinga.mkv,00:08,sad,22.842453,0.019952774,8.783416,0.01260582,43.99569,0.21179664,24.13408
MarkRutte_MariekeElsinga.mkv,00:08,neutral,20.104889,0.023534885,8.012128,0.04112796,34.85181,0.90597105,36.06054
MarkRutte_MariekeElsinga.mkv,00:09,neutral,31.824026,0.06667329,8.283794,0.03732105,25.823467,1.4667048,32.498013
MarkRutte_MariekeElsinga.mkv,00:09,sad,19.038391,0.02954254,12.936083,0.0026283986,53.55535,0.09387677,14.344128
MarkRutte_MariekeElsinga.mkv,00:09,sad,4.295711,0.020045437,4.6513658,0.0002554586,89.21506,0.00066125055,1.8169075
MarkRutte_MariekeElsinga.mkv,00:09,sad,0.5951812,0.00014930032,2.0398524,7.2416306e-06,97.06778,2.924306e-05,0.29700202
MarkRutte_MariekeElsinga.mkv,00:09,sad,2.575282,1.536756e-05,5.648458,0.00074385776,90.82896,0.0046989094,0.94184977
MarkRutte_MariekeElsinga.mkv,00:09,sad,24.070066,0.009411837,24.135033,0.0009514296,51.14297,0.026821617,0.6147381
MarkRutte_MariekeElsinga.mkv,00:09,angry,52.900986,0.048654746,19.822247,0.0012193245,26.870047,0.01968579,0.3371603
MarkRutte_MariekeElsinga.mkv,00:09,angry,36.857265,0.06518325,26.582508,0.0016423865,36.192776,0.049108773,0.25150606
MarkRutte_MariekeElsinga.mkv,00:09,fear,14.134467,0.03942976,44.352478,0.07871829,40.48556,0.7283651,0.18098103
MarkRutte_MariekeElsinga.mkv,00:09,sad,37.198387,0.050786376,22.683104,0.046077646,39.467823,0.36664727,0.18716861
MarkRutte_MariekeElsinga.mkv,00:09,fear,10.032218,0.011207714,45.578526,0.14559159,43.362553,0.7698655,0.100040585
MarkRutte_MariekeElsinga.mkv,00:09,sad,34.624584,0.037022505,19.402779,0.4683426,43.60652,1.711297,0.14944763
MarkRutte_MariekeElsinga.mkv,00:09,angry,34.89833,0.18117185,31.81632,0.79479873,26.727509,5.4927382,0.08912401
MarkRutte_MariekeElsinga.mkv,00:09,fear,7.5981464,0.053423427,68.49798,0.31882745,21.849825,1.6420561,0.039755818
MarkRutte_MariekeElsinga.mkv,00:09,fear,19.517849,0.0733338,38.282124,1.0968777,29.128117,11.74825,0.15344417
MarkRutte_MariekeElsinga.mkv,00:09,sad,27.220634,0.01153648,22.21293,1.006168,29.76,19.588825,0.19990495
MarkRutte_MariekeElsinga.mkv,00:09,angry,67.05205,0.05453619,7.3610363,0.06411781,20.134583,5.307358,0.026318716
MarkRutte_MariekeElsinga.mkv,00:09,angry,66.695915,0.013555452,7.985286,0.013892614,24.66242,0.5556148,0.07331286
MarkRutte_MariekeElsinga.mkv,00:09,angry,77.16576,0.0051451186,3.807675,0.01636474,18.12707,0.85678536,0.021207744
MarkRutte_MariekeElsinga.mkv,00:09,angry,77.49256,0.005780855,3.0820222,0.00515085,19.1694,0.22518308,0.019899426
MarkRutte_MariekeElsinga.mkv,00:09,angry,75.24502,0.004229356,4.779335,0.0065843263,19.87641,0.06764121,0.020781478
MarkRutte_MariekeElsinga.mkv,00:09,sad,42.78087,0.0034171727,6.067317,0.0025533857,51.06117,0.0063364427,0.07833509
MarkRutte_MariekeElsinga.mkv,00:09,sad,13.050817,0.0003382404,8.462414,0.0002627866,78.017685,0.0002739207,0.46820614
MarkRutte_MariekeElsinga.mkv,00:09,sad,5.2528944,4.6836773e-05,5.1451645,0.00024712115,88.453995,5.2893538e-05,1.1476046
MarkRutte_MariekeElsinga.mkv,00:09,sad,0.90896297,4.803039e-05,37.231197,0.2228609,60.571644,0.014433401,1.0508491
MarkRutte_MariekeElsinga.mkv,00:10,sad,7.970907,0.000794283,31.243404,0.21135469,55.937927,0.0051639974,4.6304526
MarkRutte_MariekeElsinga.mkv,00:10,sad,8.000632,0.002244546,12.4820175,0.26335388,57.84249,0.0051352647,21.404121
MarkRutte_MariekeElsinga.mkv,00:10,sad,2.2392318,0.0006729947,2.1712432,0.24017006,49.4249,0.001400388,45.92238
MarkRutte_MariekeElsinga.mkv,00:10,sad,0.250147,1.2276383e-05,12.7085,0.012959034,80.26689,0.00028502874,6.761207
MarkRutte_MariekeElsinga.mkv,00:10,neutral,5.2051234,0.0009556471,4.7437086,0.19185838,38.66326,0.0041152886,51.190983
MarkRutte_MariekeElsinga.mkv,00:10,sad,4.1981597,0.00011882583,16.055895,0.02671301,72.952736,0.0010578013,6.7653255
MarkRutte_MariekeElsinga.mkv,00:10,sad,27.517002,4.23086e-05,7.3286986,0.00038737804,64.10684,6.1050065e-05,1.0469701
MarkRutte_MariekeElsinga.mkv,00:10,angry,51.615444,0.000103755505,4.921124,7.188319e-05,42.62028,4.5036402e-05,0.8429377
MarkRutte_MariekeElsinga.mkv,00:10,angry,88.254814,0.00045669448,1.6818728,7.5806835e-05,10.038994,0.00036414567,0.023422146
MarkRutte_MariekeElsinga.mkv,00:10,angry,82.19342,0.0005212669,4.3028746,0.0015237638,13.478445,0.005508241,0.01770888
MarkRutte_MariekeElsinga.mkv,00:10,angry,51.177685,0.0011781794,9.250711,0.0018712368,39.450806,0.011344708,0.10640508
MarkRutte_MariekeElsinga.mkv,00:10,angry,61.24955,0.0006205466,6.3624306,0.0028723953,32.20382,0.02035739,0.16035526
MarkRutte_MariekeElsinga.mkv,00:10,angry,59.023846,0.0020203115,9.229814,0.0035583864,31.621128,0.013461523,0.10618108
MarkRutte_MariekeElsinga.mkv,00:10,angry,69.69271,0.00096033624,4.744102,0.0032186497,25.417631,0.02332999,0.11805676
MarkRutte_MariekeElsinga.mkv,00:10,angry,87.85139,0.009248227,2.3610384,0.00023909098,9.738713,0.002783251,0.036586817
MarkRutte_MariekeElsinga.mkv,00:10,sad,24.656336,0.00054864323,6.952123,0.00029702435,67.75263,0.00090929767,0.6371511
MarkRutte_MariekeElsinga.mkv,00:10,sad,38.076447,0.0044422853,10.206343,0.0006981924,51.217808,0.0014416256,0.49282438
MarkRutte_MariekeElsinga.mkv,00:10,angry,68.99139,0.004571442,5.3866506,0.0006044766,25.464521,0.0037730176,0.14849143
MarkRutte_MariekeElsinga.mkv,00:10,sad,29.067423,0.019713257,24.617414,0.033767167,45.238174,0.07110508,0.9524113
MarkRutte_MariekeElsinga.mkv,00:10,fear,9.933528,0.038024478,57.804996,0.055639178,30.471914,0.03094714,1.6649544
MarkRutte_MariekeElsinga.mkv,00:10,fear,7.8324847,0.27759516,62.42269,0.07129295,27.328876,0.037637603,2.029416
MarkRutte_MariekeElsinga.mkv,00:10,fear,4.687589,0.7920198,73.46575,0.64404374,15.53643,0.36748767,4.5066795
MarkRutte_MariekeElsinga.mkv,00:10,fear,4.325642,1.6052889,76.53102,0.91251165,10.497911,0.47118104,5.656444
MarkRutte_MariekeElsinga.mkv,00:10,fear,4.7901635,3.8592682,74.945946,0.5755214,11.559364,0.69727176,3.5724707
MarkRutte_MariekeElsinga.mkv,00:10,fear,4.7025924,6.6842785,74.112495,0.6490029,9.7080965,0.94878405,3.1947489
MarkRutte_MariekeElsinga.mkv,00:11,fear,3.8215716,7.0956817,76.88838,0.78237706,7.611128,1.1826875,2.6181803
MarkRutte_MariekeElsinga.mkv,00:11,fear,7.0992665,6.4864902,67.948975,1.0903645,10.899419,1.3699206,5.105566
MarkRutte_MariekeElsinga.mkv,00:11,fear,6.485501,4.898057,65.62016,2.8740728,7.9111624,2.1875286,10.023523
MarkRutte_MariekeElsinga.mkv,00:11,fear,6.2566667,8.148796,63.707344,2.2937386,8.8646965,2.5825183,8.146234
MarkRutte_MariekeElsinga.mkv,00:11,fear,4.797605,1.3453784,70.74866,2.3423393,6.6796985,0.8259693,13.260349
MarkRutte_MariekeElsinga.mkv,00:11,fear,6.0227833,2.9925115,71.73072,1.4180464,8.691725,1.1267501,8.01747
MarkRutte_MariekeElsinga.mkv,00:11,happy,5.298329e-07,9.088035e-12,0.00030770167,97.899994,0.008567358,4.6204827e-05,2.0910819
MarkRutte_MariekeElsinga.mkv,00:11,happy,8.078619e-07,6.2216413e-12,0.0019430486,98.061874,0.039980844,0.0001302976,1.8960642
MarkRutte_MariekeElsinga.mkv,00:11,sad,6.0160007,0.09303251,35.841045,0.5383744,55.276054,0.6268336,1.6086662
MarkRutte_MariekeElsinga.mkv,00:11,sad,13.459691,0.03480702,20.070845,4.3557763,58.37499,1.6295205,2.0743725
MarkRutte_MariekeElsinga.mkv,00:11,sad,11.3454895,0.025817359,12.702614,5.6629314,64.72281,1.1215005,4.4188313
MarkRutte_MariekeElsinga.mkv,00:11,fear,0.63558334,0.055564985,53.683605,43.780857,1.5778451,0.070807174,0.19573872
MarkRutte_MariekeElsinga.mkv,00:11,fear,2.2128475,0.014624083,55.46243,17.268383,25.009632,0.0009793239,0.03110083
MarkRutte_MariekeElsinga.mkv,00:11,sad,10.979453,0.09026152,7.6674504,30.821764,36.176918,2.6701336,11.594021
MarkRutte_MariekeElsinga.mkv,00:11,fear,0.10807068,0.0019346783,79.798225,8.180277,11.508696,0.0035788382,0.39921433
MarkRutte_MariekeElsinga.mkv,00:11,sad,0.014566253,0.00021617283,10.330809,0.33241314,89.291046,5.5011504e-05,0.030893123
MarkRutte_MariekeElsinga.mkv,00:11,sad,0.1176873,0.0005824438,2.3579054,0.013070132,97.50002,2.736417e-06,0.010726884
MarkRutte_MariekeElsinga.mkv,00:11,happy,0.00052134326,2.1904371e-07,0.3295686,81.126114,0.0051330393,0.097093984,18.441566
MarkRutte_MariekeElsinga.mkv,00:11,sad,0.12973946,0.000275456,1.0521235,0.050011735,98.45648,1.4307642e-05,0.31135523
MarkRutte_MariekeElsinga.mkv,00:11,happy,0.0025645867,1.9961644e-06,0.12601793,97.104004,0.008561833,0.009720887,2.7491302
MarkRutte_MariekeElsinga.mkv,00:11,happy,2.5378015,0.0004821118,0.031731207,89.13064,2.2442465,0.19272229,5.8623805
MarkRutte_MariekeElsinga.mkv,00:11,happy,0.7087473,2.0510874e-05,0.0056990357,98.66256,0.1462069,0.03546376,0.44130298
MarkRutte_MariekeElsinga.mkv,00:11,happy,4.6022277,0.0045711966,0.09113319,84.658104,4.8054004,0.28913802,5.54943
MarkRutte_MariekeElsinga.mkv,00:11,sad,23.044971,0.0062314617,0.30305138,26.377249,33.066555,0.10375413,17.098188
MarkRutte_MariekeElsinga.mkv,00:11,sad,23.150637,0.0007943668,0.17905273,21.973293,44.876755,0.028404653,9.7910595
MarkRutte_MariekeElsinga.mkv,00:12,sad,21.077898,0.05930183,26.582844,0.26186475,42.78449,0.38664207,8.846961
MarkRutte_MariekeElsinga.mkv,00:12,sad,15.689158,0.041193843,6.161842,1.0841993,68.38122,0.22438608,8.418005
MarkRutte_MariekeElsinga.mkv,00:12,sad,28.689041,0.031050034,5.203965,4.624248,55.204754,0.44811663,5.7988305
MarkRutte_MariekeElsinga.mkv,00:12,sad,19.702227,0.13993475,25.644152,2.4536204,46.08131,1.5944808,4.384282
MarkRutte_MariekeElsinga.mkv,00:12,fear,16.67552,0.21430594,41.371845,1.6412619,35.48824,1.7379612,2.870865
MarkRutte_MariekeElsinga.mkv,00:12,fear,7.342083,0.35633147,71.87427,0.889523,16.451052,1.9677571,1.1189784
MarkRutte_MariekeElsinga.mkv,00:12,fear,16.93072,0.29011238,40.6043,0.9363825,36.301434,2.3494503,2.587606
MarkRutte_MariekeElsinga.mkv,00:12,fear,27.889145,0.51501685,39.957893,0.31853974,24.209484,4.8617744,2.2481487
MarkRutte_MariekeElsinga.mkv,00:12,angry,50.780212,0.045866817,7.845405,1.339559,35.04321,0.4143052,4.531443
MarkRutte_MariekeElsinga.mkv,00:12,sad,27.223003,0.75113374,15.45534,5.7433047,42.268646,7.3452015,1.2133726
MarkRutte_MariekeElsinga.mkv,00:12,happy,3.6246982,0.031014485,2.8205507,84.67132,6.8642855,1.7407401,0.24739133
MarkRutte_MariekeElsinga.mkv,00:12,sad,0.023344861,0.009454891,39.314026,0.1200596,57.756645,0.0015140234,2.7749562
MarkRutte_MariekeElsinga.mkv,00:12,fear,0.17828242,0.007009857,94.482086,0.046492666,5.1508827,0.012492585,0.122752324
MarkRutte_MariekeElsinga.mkv,00:12,sad,12.956408,0.08815288,6.6015024,0.66054225,75.26111,0.33773798,4.094551
MarkRutte_MariekeElsinga.mkv,00:12,sad,15.917322,0.022007495,2.7872305,0.4095089,75.60549,0.1518647,5.1065693
MarkRutte_MariekeElsinga.mkv,00:12,sad,25.308147,0.2565366,28.755018,0.98838407,39.676052,1.9243922,3.0914786
MarkRutte_MariekeElsinga.mkv,00:12,sad,16.245934,0.08368265,8.548201,0.80271214,71.31331,0.52919847,2.476966
MarkRutte_MariekeElsinga.mkv,00:12,angry,54.19,0.11147573,11.688518,0.5256739,29.30902,0.94436854,3.2309494
MarkRutte_MariekeElsinga.mkv,00:12,sad,29.899778,0.00987216,24.535921,0.5251888,35.725426,1.8005204,7.5032864
MarkRutte_MariekeElsinga.mkv,00:12,angry,60.69933,0.5362027,15.6855135,0.056967847,20.116041,0.4283061,2.477631
MarkRutte_MariekeElsinga.mkv,00:12,fear,4.347608e-07,2.142237e-11,99.34404,1.7610344e-05,0.003978925,0.00013994252,0.6518155
MarkRutte_MariekeElsinga.mkv,00:12,fear,30.492855,0.02574104,32.99304,0.2083001,19.132313,0.7056985,16.44206
MarkRutte_MariekeElsinga.mkv,00:12,angry,54.66749,0.16824283,29.344738,0.10788591,10.714823,1.6735758,3.3232548
MarkRutte_MariekeElsinga.mkv,00:12,angry,79.05708,0.46506318,11.527377,0.045515552,4.6147475,1.7183454,2.5718765
MarkRutte_MariekeElsinga.mkv,00:12,angry,60.67814,0.32191533,25.344511,0.06893799,9.202578,2.2936523,2.0902655
MarkRutte_MariekeElsinga.mkv,00:13,angry,46.55067,0.47674885,30.489574,0.08237339,19.029442,1.7993779,1.571806
MarkRutte_MariekeElsinga.mkv,00:13,angry,43.83506,0.25629076,25.800312,0.08852417,23.006918,3.9584186,3.054482
MarkRutte_MariekeElsinga.mkv,00:13,angry,39.858852,1.8052541,27.22941,0.08127519,24.711725,5.1090364,1.2044461
MarkRutte_MariekeElsinga.mkv,00:13,angry,39.52371,0.86124814,20.283653,0.35614187,35.82983,2.5051644,0.64024985
MarkRutte_MariekeElsinga.mkv,00:13,sad,21.793663,1.0184444,10.109272,2.8606687,57.566326,3.5378318,3.113798
MarkRutte_MariekeElsinga.mkv,00:13,angry,30.960295,0.06708396,24.3629,4.063386,29.383558,1.9242387,9.238539
MarkRutte_MariekeElsinga.mkv,00:13,angry,83.97836,0.4777916,6.2297645,0.4656649,5.205593,2.5704963,1.0723176
MarkRutte_MariekeElsinga.mkv,00:13,angry,42.12345,0.36234292,11.524379,5.7717824,34.728558,1.2307737,4.2587237
MarkRutte_MariekeElsinga.mkv,00:13,sad,4.917557,0.09094898,2.190911,2.3196542,85.18718,0.17327864,5.120471
MarkRutte_MariekeElsinga.mkv,00:13,sad,5.6469693,0.1210754,5.2016673,0.30223405,87.65933,0.08836445,0.9803667
MarkRutte_MariekeElsinga.mkv,00:13,sad,10.516949,0.091221064,3.32002,0.4734521,84.15633,0.07655475,1.365471
MarkRutte_MariekeElsinga.mkv,00:13,sad,20.5365,0.39110294,7.0784836,5.653394,63.212082,1.1160293,2.0123982
MarkRutte_MariekeElsinga.mkv,00:13,sad,17.911263,0.29968986,4.2846217,3.476112,71.7444,0.3987284,1.8851823
MarkRutte_MariekeElsinga.mkv,00:13,sad,28.31606,0.38045043,14.513577,0.9238163,52.56955,0.8541274,2.4424167
MarkRutte_MariekeElsinga.mkv,00:13,sad,24.504908,0.018112285,0.9519226,23.808302,26.272207,0.36277604,24.081772
MarkRutte_MariekeElsinga.mkv,00:13,sad,28.798443,0.082808584,5.904861,3.6044269,47.206814,0.59262913,13.81002
MarkRutte_MariekeElsinga.mkv,00:13,angry,36.717705,0.04344013,1.909463,18.886444,36.427128,0.21940537,5.79642
MarkRutte_MariekeElsinga.mkv,00:13,neutral,17.180231,0.006152569,1.0653083,11.55261,31.024372,0.59117573,38.580154
MarkRutte_MariekeElsinga.mkv,00:13,happy,22.692675,0.022338796,0.46224654,33.58304,31.535372,0.69892883,11.005396
MarkRutte_MariekeElsinga.mkv,00:13,happy,17.34759,0.009799368,0.6354295,46.989067,24.48274,0.47366485,10.0617075
MarkRutte_MariekeElsinga.mkv,00:13,sad,36.008736,0.1149776,3.5107894,11.102871,46.376625,0.261948,2.6240423
MarkRutte_MariekeElsinga.mkv,00:13,sad,36.915806,0.07487371,11.313186,4.304099,41.933952,1.0672742,4.3908143
MarkRutte_MariekeElsinga.mkv,00:13,sad,32.111454,0.28373748,3.4032397,0.7228265,62.12208,0.18826012,1.1683998
MarkRutte_MariekeElsinga.mkv,00:13,angry,34.272144,0.1459021,32.066254,0.577847,29.13323,0.60615915,3.1984568
MarkRutte_MariekeElsinga.mkv,00:13,sad,11.20443,0.1154981,4.261436,0.21193056,80.972145,0.062796056,3.1717625
MarkRutte_MariekeElsinga.mkv,00:14,sad,24.718132,0.96651644,9.280971,0.2937725,62.671463,0.24287389,1.826269
MarkRutte_MariekeElsinga.mkv,00:14,angry,39.637024,0.09995574,31.233128,0.40241542,24.832752,0.8676453,2.927071
MarkRutte_MariekeElsinga.mkv,00:14,angry,79.661835,0.092916176,5.142819,1.922692,6.945393,1.2287725,5.0055685
MarkRutte_MariekeElsinga.mkv,00:14,angry,49.812023,0.07629136,4.9803553,11.728401,21.68042,1.778384,9.944129
MarkRutte_MariekeElsinga.mkv,00:14,fear,20.069405,0.27587834,56.23039,0.12266714,21.583805,1.0940926,0.62375987
MarkRutte_MariekeElsinga.mkv,00:14,fear,26.69706,1.3167815,35.087574,0.24121279,34.565575,0.5167223,1.5750749
MarkRutte_MariekeElsinga.mkv,00:14,fear,19.085016,0.17615092,42.362797,0.03277915,33.30261,0.405283,4.635367
MarkRutte_MariekeElsinga.mkv,00:14,sad,31.823208,0.16423577,17.66937,0.020929018,43.40572,0.063301936,6.8532414
MarkRutte_MariekeElsinga.mkv,00:14,neutral,10.507908,0.0052103493,8.441634,0.270956,38.293743,0.08708301,42.393467
MarkRutte_MariekeElsinga.mkv,00:14,sad,26.251762,0.2521183,27.710236,0.2193253,35.185112,0.26934078,10.112105
MarkRutte_MariekeElsinga.mkv,00:14,sad,23.126768,0.12060605,28.449308,0.08992571,36.573708,0.540463,11.099228
MarkRutte_MariekeElsinga.mkv,00:14,angry,71.49677,0.006559943,5.885277,0.02951515,11.499996,0.09603204,10.985846
MarkRutte_MariekeElsinga.mkv,00:14,sad,18.413029,1.4403255,36.414948,0.3377209,39.42266,0.9064836,3.0648365
MarkRutte_MariekeElsinga.mkv,00:14,neutral,10.302516,0.0010397541,5.059695,0.47810853,28.60211,0.11124179,55.445282
MarkRutte_MariekeElsinga.mkv,00:14,sad,23.901901,0.31302145,15.015226,1.0835627,49.984917,0.6101099,9.091258
MarkRutte_MariekeElsinga.mkv,00:14,sad,13.36098,0.010551194,22.533686,0.36599705,40.440598,0.18646695,23.101723
MarkRutte_MariekeElsinga.mkv,00:14,fear,26.837164,0.105659045,32.70692,0.13668858,32.3335,0.5109638,7.3690925
MarkRutte_MariekeElsinga.mkv,00:14,angry,34.073753,0.011911115,24.384243,0.9657505,12.603201,1.7577324,26.20341
MarkRutte_MariekeElsinga.mkv,00:14,sad,12.603911,0.024082681,8.835131,1.0077482,44.99461,0.39243457,32.14208
MarkRutte_MariekeElsinga.mkv,00:14,fear,17.34244,0.37808535,41.871456,0.19210152,37.059155,1.6076605,1.5491127
MarkRutte_MariekeElsinga.mkv,00:14,neutral,6.0766225,0.00018755099,0.55057085,2.2892895,28.556307,0.016247572,62.510773
MarkRutte_MariekeElsinga.mkv,00:14,happy,5.9303064,0.00016046935,0.044041812,62.144554,6.380297,0.07660341,25.42404
MarkRutte_MariekeElsinga.mkv,00:14,sad,8.490769,0.023365356,0.7710469,37.76377,47.038723,0.110260785,5.802065
MarkRutte_MariekeElsinga.mkv,00:14,neutral,4.249652,0.0007958188,0.20907094,31.537334,14.920032,0.13591215,48.94721
MarkRutte_MariekeElsinga.mkv,00:14,sad,8.884587,0.016869774,2.1102312,2.5488987,72.92721,0.026107345,13.486102
MarkRutte_MariekeElsinga.mkv,00:15,sad,4.5967994,0.016698908,1.310773,1.2785177,78.693886,0.012172733,14.091154
MarkRutte_MariekeElsinga.mkv,00:15,sad,7.0227256,0.0016420647,0.21924819,10.618082,67.94173,0.009942719,14.186634
MarkRutte_MariekeElsinga.mkv,00:15,neutral,12.920205,0.0013679214,0.16553012,9.542725,34.865887,0.011683865,42.4926
MarkRutte_MariekeElsinga.mkv,00:15,sad,9.245394,0.10808343,6.479554,0.84909356,67.1691,0.032555573,16.116226
MarkRutte_MariekeElsinga.mkv,00:15,sad,16.466047,0.106347054,9.607712,0.2206118,65.62584,0.08432763,7.889114
MarkRutte_MariekeElsinga.mkv,00:15,sad,15.684929,0.061995607,11.718387,0.10317384,59.672764,0.07224375,12.686517
MarkRutte_MariekeElsinga.mkv,00:15,neutral,7.4671216,0.0011827695,0.92938656,2.4767556,21.553654,0.13326034,67.438644
MarkRutte_MariekeElsinga.mkv,00:15,sad,12.565829,0.04887383,7.148364,1.9825574,50.819195,0.3738035,27.061377
MarkRutte_MariekeElsinga.mkv,00:15,sad,27.53234,0.1091663,5.56998,7.473132,50.68051,2.4080393,6.226831
MarkRutte_MariekeElsinga.mkv,00:15,sad,15.896432,0.044254612,1.4758799,32.768204,44.861805,0.6132738,4.3401556
MarkRutte_MariekeElsinga.mkv,00:15,happy,19.084396,0.04336308,2.8540423,43.256393,31.007048,1.0854669,2.6692934
MarkRutte_MariekeElsinga.mkv,00:15,happy,4.445748,0.002589402,0.5688812,86.3349,6.183062,0.7975125,1.667313
MarkRutte_MariekeElsinga.mkv,00:15,fear,0.19494095,0.00016725075,65.242424,23.724411,2.5297601,0.20093176,8.1073675
MarkRutte_MariekeElsinga.mkv,00:15,fear,2.6430929,0.25916162,55.023388,34.35227,6.18326,0.5339172,1.0049227
MarkRutte_MariekeElsinga.mkv,00:15,surprise,9.175527,1.6746067,8.791922,13.715943,28.902102,37.588093,0.15180422
MarkRutte_MariekeElsinga.mkv,00:15,happy,16.87231,0.2839061,1.0896273,63.243538,15.1484785,1.9764643,1.3856701
MarkRutte_MariekeElsinga.mkv,00:15,angry,43.21432,3.7557437,3.7800431,10.6071005,34.340576,2.0735185,2.2286956
MarkRutte_MariekeElsinga.mkv,00:15,angry,53.12162,0.1431361,22.19357,1.6352688,7.1053653,5.784688,10.016348
MarkRutte_MariekeElsinga.mkv,00:15,angry,35.56712,0.03161304,10.764631,6.8118577,30.087837,5.7040663,11.032868
MarkRutte_MariekeElsinga.mkv,00:15,sad,17.485462,0.018161196,1.1192337,4.651954,61.353146,0.18776612,15.184279
MarkRutte_MariekeElsinga.mkv,00:15,neutral,1.2530285,0.00012431038,0.2590378,1.3608379,6.6707134,0.017238518,90.43902
MarkRutte_MariekeElsinga.mkv,00:15,neutral,5.056012,0.050303664,12.798136,11.23347,25.438978,0.12750417,45.295597
MarkRutte_MariekeElsinga.mkv,00:15,neutral,1.8139104,0.0014691006,2.6386137,5.2892027,8.017426,0.054322068,82.18505
MarkRutte_MariekeElsinga.mkv,00:15,fear,0.0006857511,1.18950165e-08,99.42481,0.0029813703,0.120628856,7.720029e-07,0.45089167
MarkRutte_MariekeElsinga.mkv,00:15,neutral,17.612171,0.016933694,17.609735,4.986501,7.0625076,1.4779042,51.234253
MarkRutte_MariekeElsinga.mkv,00:16,neutral,9.3183553e-07,6.8922734e-09,0.013523739,0.009620343,4.88288,2.8201444e-07,95.09398
MarkRutte_MariekeElsinga.mkv,00:16,neutral,0.69632226,4.3575234e-05,0.34275523,3.6815562,2.8757474,0.055685494,92.34789
MarkRutte_MariekeElsinga.mkv,00:16,sad,3.1221123e-05,5.5499687e-08,0.04461942,0.0026318522,56.638206,4.755862e-10,43.31451
MarkRutte_MariekeElsinga.mkv,00:16,angry,57.562744,0.002381748,5.2439747,6.2783437,23.77992,2.9348967,4.197735
MarkRutte_MariekeElsinga.mkv,00:16,angry,56.58616,0.10738867,8.072415,1.5616668,29.290615,0.394488,3.9872742
MarkRutte_MariekeElsinga.mkv,00:16,happy,1.0043446,6.471639e-07,4.628024,91.53584,0.8341155,0.1073579,1.8903168
MarkRutte_MariekeElsinga.mkv,00:16,angry,43.234592,0.064618185,11.431566,0.7093082,41.26983,0.4847721,2.8053243
MarkRutte_MariekeElsinga.mkv,00:16,sad,5.6737432,0.013269666,6.5823402,0.47465944,80.517296,0.020653412,6.7180414
MarkRutte_MariekeElsinga.mkv,00:16,sad,5.5573506,0.052811693,11.9119425,1.2523779,65.93733,0.019413872,15.268768
MarkRutte_MariekeElsinga.mkv,00:16,sad,3.909246,0.006431217,2.554797,6.154927,47.790745,0.024852607,39.559002
MarkRutte_MariekeElsinga.mkv,00:16,sad,6.1744924,0.07556443,1.3282577,2.77812,79.890465,0.052007113,9.701106
MarkRutte_MariekeElsinga.mkv,00:16,sad,7.3130603,0.13166605,1.2166255,15.974354,45.11917,0.24293308,30.002192
MarkRutte_MariekeElsinga.mkv,00:16,happy,6.456931,0.014375678,0.22681251,41.832203,17.456156,0.18317841,33.830345
MarkRutte_MariekeElsinga.mkv,00:16,fear,0.10336164,0.3022429,91.60816,7.5666475,0.25580645,0.05068153,0.113096535
MarkRutte_MariekeElsinga.mkv,00:16,fear,0.023013167,0.048113085,71.003235,28.472038,0.37068722,0.009694832,0.073214754
MarkRutte_MariekeElsinga.mkv,00:16,sad,8.334077,0.052869115,0.90637875,20.93059,44.433056,0.49213257,24.850899
MarkRutte_MariekeElsinga.mkv,00:16,sad,10.142212,0.052457035,2.52948,6.013416,54.412567,0.100803174,26.749065
MarkRutte_MariekeElsinga.mkv,00:16,sad,20.70368,0.049312845,3.0774858,1.5903292,49.416233,0.027229177,25.135729
MarkRutte_MariekeElsinga.mkv,00:16,sad,12.074114,0.071731254,2.1665676,1.2982678,77.11503,0.054253783,7.220036
MarkRutte_MariekeElsinga.mkv,00:16,sad,33.757957,0.03237991,1.1324301,10.006833,40.18308,0.11340817,14.773918
MarkRutte_MariekeElsinga.mkv,00:16,sad,24.120686,0.047912113,3.0113266,2.7720902,63.091343,0.31069338,6.6459494
MarkRutte_MariekeElsinga.mkv,00:16,sad,12.177391,0.052453462,5.0586643,2.387356,73.17596,0.27189186,6.8762913
MarkRutte_MariekeElsinga.mkv,00:16,sad,23.623373,0.0025922821,1.2583444,1.5926023,36.967514,0.36176237,36.19381
MarkRutte_MariekeElsinga.mkv,00:16,sad,42.077484,0.13857235,3.1309922,2.316109,49.49408,1.3881989,1.4545643
MarkRutte_MariekeElsinga.mkv,00:16,sad,26.473728,0.4451525,5.226394,3.8540668,60.275673,3.1302142,0.5947705
MarkRutte_MariekeElsinga.mkv,00:17,sad,18.845818,0.07899719,2.6021783,0.78371453,76.183525,0.18370691,1.3220631
MarkRutte_MariekeElsinga.mkv,00:17,angry,53.43747,0.035205353,0.91413313,2.0043633,41.839817,0.104979284,1.6640389
MarkRutte_MariekeElsinga.mkv,00:17,angry,53.52424,0.674183,12.33643,0.3458786,31.44249,0.91562486,0.7611555
MarkRutte_MariekeElsinga.mkv,00:17,sad,23.424282,0.42138192,26.915684,0.31288236,44.968224,3.2314067,0.7261366
MarkRutte_MariekeElsinga.mkv,00:17,sad,15.820848,0.48842382,25.202337,0.15912946,55.656326,0.8120065,1.8609279
MarkRutte_MariekeElsinga.mkv,00:17,angry,34.342392,0.19794634,31.153315,0.022188496,31.66041,0.13377532,2.4899664
MarkRutte_MariekeElsinga.mkv,00:17,sad,23.520784,0.018574383,28.916084,0.071680695,38.077778,0.14469497,9.250398
MarkRutte_MariekeElsinga.mkv,00:17,fear,19.238379,0.09148046,47.37996,0.10315321,28.442411,0.36636773,4.3782535
MarkRutte_MariekeElsinga.mkv,00:17,angry,63.254456,0.0040660133,7.0844293,0.0008511965,26.093637,0.0013323842,3.5612202
MarkRutte_MariekeElsinga.mkv,00:17,angry,53.899902,0.3445664,21.925953,0.007425108,20.645737,0.11425172,3.0621686
MarkRutte_MariekeElsinga.mkv,00:17,sad,23.843294,0.0948032,20.108965,0.013313111,50.214687,0.061690938,5.6632504
MarkRutte_MariekeElsinga.mkv,00:17,neutral,10.213898,0.00016881994,0.34564775,0.69835496,14.20033,0.09965315,74.44195
MarkRutte_MariekeElsinga.mkv,00:17,sad,29.33825,0.11494492,9.938769,1.7008874,51.81936,0.6064257,6.4813747
MarkRutte_MariekeElsinga.mkv,00:17,sad,10.087247,0.010811563,2.2294905,3.0951982,77.14719,0.15612982,7.273935
MarkRutte_MariekeElsinga.mkv,00:17,sad,29.040476,0.070200995,7.1828413,2.1733017,55.1993,0.16952372,6.1643586
MarkRutte_MariekeElsinga.mkv,00:17,angry,58.20023,0.0071814856,2.9151094,4.0868273,25.705528,0.031226935,9.053896
MarkRutte_MariekeElsinga.mkv,00:17,happy,0.018112114,3.224502e-05,0.0037335495,92.9553,0.015378372,0.1641065,6.843333
MarkRutte_MariekeElsinga.mkv,00:17,happy,0.017698163,0.00014893727,0.008323435,92.9527,0.041915607,0.1137805,6.865432
MarkRutte_MariekeElsinga.mkv,00:17,happy,0.0032260148,1.884167e-05,0.0018792037,93.32684,0.020591171,0.05823723,6.5892024
MarkRutte_MariekeElsinga.mkv,00:17,happy,0.0026932522,1.340178e-06,0.00045648325,90.1292,0.017169835,0.4140409,9.436424
MarkRutte_MariekeElsinga.mkv,00:17,happy,0.0006612313,8.542617e-08,5.4344095e-05,87.72186,0.0063572135,0.18448204,12.086581
MarkRutte_MariekeElsinga.mkv,00:17,happy,0.002456355,2.955073e-07,0.0001311742,90.10924,0.0074559553,0.24156246,9.639164
MarkRutte_MariekeElsinga.mkv,00:17,happy,0.002216351,3.2437115e-06,0.0011245274,90.83219,0.011663895,0.08417304,9.068624
MarkRutte_MariekeElsinga.mkv,00:17,happy,0.018600682,0.00025921586,0.01036674,90.31363,0.094467364,0.20396791,9.358716
MarkRutte_MariekeElsinga.mkv,00:17,happy,0.018307142,0.00019458005,0.010119057,90.84049,0.085083164,0.33220714,8.713592
MarkRutte_MariekeElsinga.mkv,00:18,happy,0.0023903272,1.238684e-06,0.00041703257,95.691284,0.0057901754,0.117670126,4.1824503
MarkRutte_MariekeElsinga.mkv,00:18,happy,2.4682851e-05,4.5633453e-09,1.7865163e-06,97.98813,0.00020036353,0.0075880773,2.0040562
MarkRutte_MariekeElsinga.mkv,00:18,happy,0.00019176619,1.2162969e-08,8.747349e-06,94.219444,0.0011659632,0.05939714,5.7197905
MarkRutte_MariekeElsinga.mkv,00:18,happy,0.0002815286,1.018162e-07,2.9395402e-05,97.52956,0.0013796334,0.027020967,2.44174
MarkRutte_MariekeElsinga.mkv,00:18,happy,0.0006346155,3.0197606e-07,5.3170526e-05,91.43438,0.0041462486,0.034721904,8.526069
MarkRutte_MariekeElsinga.mkv,00:18,happy,0.0008341744,7.0901564e-07,0.0001420093,86.225975,0.010333074,0.10654337,13.656166
MarkRutte_MariekeElsinga.mkv,00:18,happy,0.0057409783,1.3163612e-05,0.0014026511,93.786545,0.01931328,0.15054744,6.036434
MarkRutte_MariekeElsinga.mkv,00:18,happy,0.0034856435,1.0034547e-05,0.001550094,94.106834,0.013350246,0.06895063,5.8058186
MarkRutte_MariekeElsinga.mkv,00:18,happy,0.0122006,2.4548688e-05,0.0026659246,92.41037,0.016683323,0.15159322,7.4064636
MarkRutte_MariekeElsinga.mkv,00:18,happy,0.05895278,0.0010538241,0.03267984,90.059525,0.17410491,0.28332487,9.390366
MarkRutte_MariekeElsinga.mkv,00:18,happy,0.19622706,0.011518889,0.12833528,86.41068,0.46225515,0.41740388,12.373572
MarkRutte_MariekeElsinga.mkv,00:18,happy,0.15061581,0.0048575723,0.07326113,85.53092,0.36528003,0.44552562,13.429542
MarkRutte_MariekeElsinga.mkv,00:18,happy,0.24193235,0.0058748242,0.087752074,85.00849,0.34658232,0.49216667,13.817199
MarkRutte_MariekeElsinga.mkv,00:18,happy,1.4003817,0.08952055,0.38701874,84.56735,1.4386789,1.4016242,10.715432
MarkRutte_MariekeElsinga.mkv,00:18,happy,1.6326232,0.18686858,0.5132622,83.59162,2.0381253,1.1565009,10.880997
MarkRutte_MariekeElsinga.mkv,00:18,happy,4.031926,0.46957237,8.26087,51.95458,30.109259,0.061858278,5.1119313
MarkRutte_MariekeElsinga.mkv,00:18,happy,0.9238606,0.03960002,5.5470934,82.32584,1.6128858,0.101853125,9.44886
MarkRutte_MariekeElsinga.mkv,00:18,happy,6.7737765,1.3227179,16.135897,45.297432,18.913235,0.15716001,11.399785
MarkRutte_MariekeElsinga.mkv,00:18,angry,34.928394,16.457998,13.027592,7.4000397,19.776804,0.41837636,7.9908004
MarkRutte_MariekeElsinga.mkv,00:18,fear,20.502905,3.7598474,61.15307,0.45390913,10.474475,1.4967353,2.1590648
MarkRutte_MariekeElsinga.mkv,00:18,fear,7.8207617,0.33702675,74.603134,0.011996797,16.83727,0.16890466,0.2209087
MarkRutte_MariekeElsinga.mkv,00:18,fear,15.261429,0.27192828,64.45661,0.020072421,19.293238,0.1254378,0.57128155
MarkRutte_MariekeElsinga.mkv,00:18,fear,33.63828,1.7698014,50.319695,1.6555059,9.413881,0.90979123,2.2930408
MarkRutte_MariekeElsinga.mkv,00:18,fear,38.317535,0.9622006,49.45895,1.5405912,6.9563894,0.87016,1.8941681
MarkRutte_MariekeElsinga.mkv,00:18,angry,50.870728,1.5647095,26.691565,4.386033,6.867518,1.8311092,7.7883434
MarkRutte_MariekeElsinga.mkv,00:19,angry,41.381985,0.33737546,23.009739,8.235173,13.754899,0.5037438,12.777093
MarkRutte_MariekeElsinga.mkv,00:19,neutral,18.73216,0.80372655,18.461277,12.528044,7.119261,3.277766,39.077766
MarkRutte_MariekeElsinga.mkv,00:19,neutral,15.464387,0.710697,6.011894,24.15442,5.3158035,6.173122,42.169678
MarkRutte_MariekeElsinga.mkv,00:19,angry,27.17019,1.7786816,27.149399,3.8150766,8.35746,6.175658,25.553543
MarkRutte_MariekeElsinga.mkv,00:19,neutral,13.885437,0.7686456,7.2685113,10.893523,13.685928,1.5064489,51.99151
MarkRutte_MariekeElsinga.mkv,00:19,fear,5.8904667,3.5240293,29.230326,8.7494335,18.22613,5.765427,28.614183
MarkRutte_MariekeElsinga.mkv,00:19,neutral,10.463754,2.5342703,18.28432,7.7647696,10.23097,9.048269,41.67365
MarkRutte_MariekeElsinga.mkv,00:19,neutral,9.872459,1.7915415,17.250568,6.862691,14.241325,3.3429499,46.63847
MarkRutte_MariekeElsinga.mkv,00:19,neutral,9.9916,2.8789792,27.996489,5.3617954,14.321905,4.4469066,35.00232
MarkRutte_MariekeElsinga.mkv,00:19,fear,17.543266,13.525143,35.19325,2.6414564,17.360405,4.608702,9.127787
MarkRutte_MariekeElsinga.mkv,00:19,fear,19.574621,4.6071305,32.714405,4.722615,16.186495,3.3584943,18.836239
MarkRutte_MariekeElsinga.mkv,00:19,fear,23.903593,6.254992,30.616314,3.7062976,13.796097,6.8525047,14.870204
MarkRutte_MariekeElsinga.mkv,00:19,fear,14.245406,2.1073318,46.635246,3.1040573,18.257328,3.564575,12.086061
MarkRutte_MariekeElsinga.mkv,00:19,fear,16.37063,0.85120684,37.213028,3.6001792,18.723707,2.19175,21.049494
MarkRutte_MariekeElsinga.mkv,00:19,fear,22.53546,1.0606575,36.652332,4.5507174,14.64521,2.8831744,17.672451
MarkRutte_MariekeElsinga.mkv,00:19,fear,22.315792,0.5348178,35.681427,3.3995829,18.417639,1.8788918,17.771854
MarkRutte_MariekeElsinga.mkv,00:19,fear,20.622751,1.0818475,35.39112,4.3923693,18.204008,3.1890247,17.11888
MarkRutte_MariekeElsinga.mkv,00:19,fear,19.230902,1.0350515,41.6786,4.508278,14.701637,2.7029645,16.142569
MarkRutte_MariekeElsinga.mkv,00:19,fear,22.5998,1.0087277,33.13461,4.4945045,16.527729,4.766814,17.467808
MarkRutte_MariekeElsinga.mkv,00:19,fear,22.740858,0.47560883,34.318645,5.779809,14.595734,3.6451957,18.44415
MarkRutte_MariekeElsinga.mkv,00:19,fear,30.384115,0.23785904,31.78268,4.6518717,16.396328,1.4623022,15.084837
MarkRutte_MariekeElsinga.mkv,00:19,fear,26.470713,0.31906545,33.396954,5.671919,15.550642,1.6703936,16.920317
MarkRutte_MariekeElsinga.mkv,00:19,fear,21.204836,0.31177196,36.762318,4.050966,18.883282,1.2823497,17.504477
MarkRutte_MariekeElsinga.mkv,00:19,fear,14.901966,0.094553635,45.17545,2.5500531,25.784826,0.44830665,11.044845
MarkRutte_MariekeElsinga.mkv,00:19,fear,16.718706,0.13863674,43.90829,3.913053,23.0255,1.1008786,11.194943
MarkRutte_MariekeElsinga.mkv,00:20,fear,25.615084,1.383786,34.754814,3.6444566,14.046876,2.258349,18.296629
MarkRutte_MariekeElsinga.mkv,00:20,fear,17.529423,0.5599557,49.13889,1.6254587,19.047659,2.350719,9.747893
MarkRutte_MariekeElsinga.mkv,00:20,fear,30.015814,0.28528267,39.121895,1.4782836,18.829657,1.8782172,8.390847
MarkRutte_MariekeElsinga.mkv,00:20,fear,11.008656,0.29538113,65.527954,1.5857804,15.515314,1.0298828,5.0370216
MarkRutte_MariekeElsinga.mkv,00:20,sad,22.534525,0.04132052,7.3934345,0.07579066,65.668816,0.0070746504,4.279041
MarkRutte_MariekeElsinga.mkv,00:20,sad,34.69938,0.026506206,5.6108823,0.12831157,56.76148,0.027567904,2.7458751
MarkRutte_MariekeElsinga.mkv,00:20,sad,35.266205,0.035258748,10.601684,0.5420423,52.114876,0.020151261,1.4197867
MarkRutte_MariekeElsinga.mkv,00:20,sad,15.047615,0.053844117,4.6131487,11.253297,55.697212,0.057411354,13.277471
MarkRutte_MariekeElsinga.mkv,00:20,sad,14.986346,0.040413193,4.9235406,6.4647174,63.25534,0.04264915,10.286992
MarkRutte_MariekeElsinga.mkv,00:20,sad,34.814213,0.0023329481,3.363236,4.702593,46.001373,0.015319846,11.100934
MarkRutte_MariekeElsinga.mkv,00:20,angry,42.946198,0.051839497,34.121586,0.71353585,21.20658,0.028070737,0.932191
MarkRutte_MariekeElsinga.mkv,00:20,angry,60.037865,0.0014767902,5.8857536,4.5380173,19.54448,0.12816726,9.86424
MarkRutte_MariekeElsinga.mkv,00:20,angry,49.11162,0.06484324,35.256603,0.15406965,14.666956,0.47494075,0.27096206
MarkRutte_MariekeElsinga.mkv,00:20,angry,52.78464,0.035349846,19.95435,0.06603169,26.354021,0.1398031,0.6658069
MarkRutte_MariekeElsinga.mkv,00:20,sad,40.377605,0.0145211425,7.910474,0.43817574,49.30987,0.05766045,1.8916998
MarkRutte_MariekeElsinga.mkv,00:20,sad,22.179827,0.08814579,7.487728,0.06233042,69.608536,0.023193287,0.55024874
MarkRutte_MariekeElsinga.mkv,00:20,sad,12.426844,0.006930377,2.5010924,0.01595446,84.17983,0.0017267894,0.8676196
MarkRutte_MariekeElsinga.mkv,00:20,sad,15.232812,0.027845437,7.227785,0.5398135,61.043602,0.0034783417,15.924666
MarkRutte_MariekeElsinga.mkv,00:20,neutral,5.782947,0.0065293307,1.067309,5.9402456,32.18536,0.010640259,55.006973
MarkRutte_MariekeElsinga.mkv,00:20,sad,11.0743885,0.15764888,6.7929707,5.5161366,48.88425,0.01943012,27.555176
MarkRutte_MariekeElsinga.mkv,00:20,neutral,8.100911,0.005657047,0.8243678,5.778147,32.96477,0.025312984,52.300827
MarkRutte_MariekeElsinga.mkv,00:20,sad,7.9097176,0.0934583,5.350146,20.02634,34.53049,0.09774551,31.992105
MarkRutte_MariekeElsinga.mkv,00:20,sad,23.45755,0.01928788,4.493134,3.9478052,42.066658,0.0131248785,26.002443
MarkRutte_MariekeElsinga.mkv,00:20,angry,29.325962,0.01085309,10.392457,7.4640594,24.723282,0.01620689,28.06718
MarkRutte_MariekeElsinga.mkv,00:20,neutral,2.7041495e-05,7.2010675e-14,2.717818,0.41912356,0.6845976,0.0011248798,96.17731
MarkRutte_MariekeElsinga.mkv,00:21,angry,54.52057,0.0005606836,5.47082,6.249197,3.0004268,0.024476437,30.733957
MarkRutte_MariekeElsinga.mkv,00:21,angry,58.028,0.007722252,20.451262,7.7768965,8.638567,0.7261792,4.371363
MarkRutte_MariekeElsinga.mkv,00:21,angry,63.76215,0.0029014584,5.6609693,3.786578,10.99587,0.06838713,15.723145
MarkRutte_MariekeElsinga.mkv,00:21,angry,86.5207,0.042998318,1.9885049,1.3004903,7.2169394,0.018273298,2.9120917
MarkRutte_MariekeElsinga.mkv,00:21,angry,55.21351,0.0035392053,4.4760327,1.6949445,19.368683,0.00815651,19.235128
MarkRutte_MariekeElsinga.mkv,00:21,sad,11.061745,0.0009345753,1.3871629,1.1328013,50.53573,0.0029748704,35.878654
MarkRutte_MariekeElsinga.mkv,00:21,angry,35.68687,0.01472942,4.4180217,0.79610515,32.06079,0.009565715,27.013922
MarkRutte_MariekeElsinga.mkv,00:21,neutral,6.1827683,0.000441404,2.2836852,0.748165,25.648382,0.0031790393,65.13337
MarkRutte_MariekeElsinga.mkv,00:21,neutral,16.304705,0.0046750433,9.246879,0.9456014,20.199553,0.027330432,53.271255
MarkRutte_MariekeElsinga.mkv,00:21,sad,23.180853,0.19357431,20.024357,0.32249808,43.59936,0.05354692,12.625806
MarkRutte_MariekeElsinga.mkv,00:21,sad,6.0049896,0.05445698,2.061762,1.0915661,73.17788,0.0057568713,17.603584
MarkRutte_MariekeElsinga.mkv,00:21,sad,0.0026172868,1.8388208e-08,0.0033572193,32.896423,35.65796,5.6436498e-08,31.439644
MarkRutte_MariekeElsinga.mkv,00:21,neutral,6.605306,0.0018990362,0.4496708,10.544074,21.8019,0.005173767,60.591972
MarkRutte_MariekeElsinga.mkv,00:21,happy,3.210833e-05,1.20110675e-11,0.13443092,59.748478,0.00020529676,4.105137,36.01172
MarkRutte_MariekeElsinga.mkv,00:21,sad,27.610214,0.035709374,2.091494,2.848244,42.010876,0.017929833,25.385538
MarkRutte_MariekeElsinga.mkv,00:21,neutral,12.395811,0.014432253,0.5431766,32.288063,21.58784,0.04491051,33.12577
MarkRutte_MariekeElsinga.mkv,00:21,happy,4.3056355,0.0008752665,0.25145474,57.333134,9.14557,0.010370883,28.952955
MarkRutte_MariekeElsinga.mkv,00:21,sad,0.44476986,0.0020733564,7.366263,10.855805,72.65202,0.00013499909,8.678929
MarkRutte_MariekeElsinga.mkv,00:21,sad,0.0005281307,4.6626583e-09,0.002000243,2.8489883,74.43233,4.255393e-10,22.716158
MarkRutte_MariekeElsinga.mkv,00:21,happy,0.1395811,0.00015789575,13.570323,85.29291,0.33385494,0.27497786,0.38819832
MarkRutte_MariekeElsinga.mkv,00:21,happy,0.9099312,2.4918394e-05,0.008055511,95.15014,0.42673203,0.0021841496,3.5029347
MarkRutte_MariekeElsinga.mkv,00:21,happy,0.26779446,2.331331e-05,0.005751893,94.57809,0.33884555,0.0018789116,4.8076215
MarkRutte_MariekeElsinga.mkv,00:21,happy,1.2744348,5.5223558e-05,0.021884754,71.72188,1.078027,0.001449299,25.902267
MarkRutte_MariekeElsinga.mkv,00:21,happy,1.1242144,5.3178468e-05,0.015475014,93.11536,0.6909116,0.0031482358,5.0508413
MarkRutte_MariekeElsinga.mkv,00:21,neutral,1.4251105e-05,2.0531286e-14,0.19053811,0.22805715,0.101387635,1.3598005e-05,99.479996
MarkRutte_MariekeElsinga.mkv,00:22,sad,32.11139,0.28880692,2.4904566,0.21783082,62.923878,0.0024176931,1.9652169
MarkRutte_MariekeElsinga.mkv,00:22,sad,14.4407215,0.1871868,1.2431024,3.9201796,46.368034,0.023625433,33.817154
MarkRutte_MariekeElsinga.mkv,00:22,angry,48.130745,0.09359476,2.6110618,6.1480904,31.791494,0.10585248,11.119168
MarkRutte_MariekeElsinga.mkv,00:22,sad,37.35697,0.22068104,12.256646,3.7146864,40.858093,0.5326773,5.060251
MarkRutte_MariekeElsinga.mkv,00:22,sad,22.143026,0.10092708,5.447347,1.6464584,55.684017,0.19381073,14.784406
MarkRutte_MariekeElsinga.mkv,00:22,angry,55.18013,0.03132843,10.172628,0.053994466,26.526667,0.15002766,7.885233
MarkRutte_MariekeElsinga.mkv,00:22,neutral,25.769154,0.0012763373,9.485739,0.18233544,25.25274,0.11690505,39.191853
MarkRutte_MariekeElsinga.mkv,00:22,neutral,9.904825,0.006965085,7.9179773,0.90006787,37.026512,0.14604937,44.097607
MarkRutte_MariekeElsinga.mkv,00:22,sad,16.09162,0.03430453,6.923317,0.6720463,50.288155,0.16233544,25.82823
MarkRutte_MariekeElsinga.mkv,00:22,sad,23.881819,0.011217873,9.947186,0.015257527,51.53585,0.008017771,14.60065
MarkRutte_MariekeElsinga.mkv,00:22,fear,17.846025,0.12735902,36.30324,0.16888596,35.3999,0.54012567,9.614467
MarkRutte_MariekeElsinga.mkv,00:22,sad,26.047775,0.058779214,19.603785,0.057664894,40.561195,0.19525704,13.475548
MarkRutte_MariekeElsinga.mkv,00:22,sad,24.431044,0.012931386,29.715576,0.03700353,32.86221,0.12690732,12.814329
MarkRutte_MariekeElsinga.mkv,00:22,sad,10.530732,0.0005382607,11.4212,0.00061489234,71.82287,0.0013437748,6.2227073
MarkRutte_MariekeElsinga.mkv,00:22,sad,7.6242065,0.00019547481,7.1983824,0.00040910358,79.55045,0.00078443193,5.625569
MarkRutte_MariekeElsinga.mkv,00:22,sad,11.554919,0.00034657127,10.711921,0.0009048307,71.74611,0.0016939921,5.9841137
MarkRutte_MariekeElsinga.mkv,00:22,sad,16.776207,0.0015148284,12.568834,0.0009052633,65.67977,0.0012199646,4.971549
MarkRutte_MariekeElsinga.mkv,00:22,sad,29.167831,0.00083917164,7.1678085,0.00034465693,59.62375,0.0005779568,4.0388465
MarkRutte_MariekeElsinga.mkv,00:22,neutral,6.745259e-06,1.374413e-07,0.01928565,3.559602,2.70965,0.0002851553,93.711174
MarkRutte_MariekeElsinga.mkv,00:22,sad,34.85847,0.0016926251,20.444778,0.005660613,44.32228,0.0660106,0.30109942
MarkRutte_MariekeElsinga.mkv,00:22,angry,61.442738,0.009780784,13.97126,0.0016303418,24.416523,0.07982699,0.078229375
MarkRutte_MariekeElsinga.mkv,00:22,sad,3.3838909,0.00013577634,6.6242757,0.00013591601,89.80777,0.0008851391,0.18291016
MarkRutte_MariekeElsinga.mkv,00:22,sad,0.76266485,1.2975672e-05,3.5276246,1.6283366e-05,95.40323,1.3095887e-05,0.30643097
MarkRutte_MariekeElsinga.mkv,00:22,sad,1.0248046,4.4907014e-05,4.625841,3.783046e-05,94.21685,0.000105836414,0.13231151
MarkRutte_MariekeElsinga.mkv,00:22,sad,1.5496262,0.00026555324,2.9962516,3.3414344e-05,95.09216,3.2195298e-05,0.36163062
MarkRutte_MariekeElsinga.mkv,00:23,sad,6.423765,0.00084947434,15.780483,0.00011216532,77.55444,0.00032487075,0.24001475
MarkRutte_MariekeElsinga.mkv,00:23,sad,7.8145843,0.0057970006,37.231564,0.00924377,54.195946,0.0070858547,0.73578125
MarkRutte_MariekeElsinga.mkv,00:23,sad,4.2467327e-06,3.5741742e-08,0.06529972,0.41496143,85.93275,1.6816599e-06,13.586991
MarkRutte_MariekeElsinga.mkv,00:23,sad,1.6129972e-05,4.8920725e-07,0.22064364,0.2511259,85.85479,4.593488e-06,13.673416
MarkRutte_MariekeElsinga.mkv,00:23,fear,4.3191104,0.011890836,44.841606,0.5321017,44.185085,0.027638536,6.0825734
MarkRutte_MariekeElsinga.mkv,00:23,fear,4.6474695,0.012977885,57.377148,0.22836092,34.79483,0.03897341,2.9002373
MarkRutte_MariekeElsinga.mkv,00:23,sad,22.330738,0.04479037,29.083117,0.007785552,47.986355,0.024903562,0.5223216
MarkRutte_MariekeElsinga.mkv,00:23,sad,19.85643,0.008583227,25.461695,0.027121153,53.775562,0.03597195,0.83464384
MarkRutte_MariekeElsinga.mkv,00:23,fear,16.086252,0.023812607,44.911667,0.06985504,38.138298,0.07262982,0.69748974
MarkRutte_MariekeElsinga.mkv,00:23,sad,7.720808,0.009599277,44.85287,0.040000364,45.702774,0.009970272,1.663978
MarkRutte_MariekeElsinga.mkv,00:23,fear,5.3903112,0.0036083702,39.04683,5.536175,33.6269,0.2973831,16.098793
MarkRutte_MariekeElsinga.mkv,00:23,neutral,1.774774,0.0021046204,21.58572,2.1093416,21.713875,0.13910322,52.675087
MarkRutte_MariekeElsinga.mkv,00:23,neutral,1.4278239,0.002816445,15.166943,2.6891744,19.694675,0.123750135,60.89482
MarkRutte_MariekeElsinga.mkv,00:23,neutral,0.3726684,5.9844347e-06,0.95326275,0.043139055,25.023228,0.00016051161,73.60754
MarkRutte_MariekeElsinga.mkv,00:23,sad,1.8882991,0.0017474184,30.653618,0.88006514,41.23106,0.032960474,25.312252
MarkRutte_MariekeElsinga.mkv,00:23,neutral,0.6019886,8.126062e-06,1.8134147,0.029322065,35.325954,0.00018038685,62.229134
MarkRutte_MariekeElsinga.mkv,00:23,neutral,1.2282828,0.0018464805,10.230148,1.0034848,22.868036,0.017410656,64.650795
MarkRutte_MariekeElsinga.mkv,00:23,neutral,4.72167,0.04188304,16.47881,5.868634,12.213116,0.95122164,59.724667
MarkRutte_MariekeElsinga.mkv,00:23,neutral,1.066094,0.0073914467,3.4298792,8.664918,4.981947,0.38909844,81.46067
MarkRutte_MariekeElsinga.mkv,00:23,neutral,0.15527835,0.00014618385,0.08420773,5.2704043,1.6268222,0.024327863,92.83881
MarkRutte_MariekeElsinga.mkv,00:23,happy,0.08805012,0.001739551,0.024635004,56.487755,1.3511089,0.025639214,42.021076
MarkRutte_MariekeElsinga.mkv,00:23,happy,0.16728501,0.002838902,0.019426368,64.85843,0.84808934,0.12598753,33.977943
MarkRutte_MariekeElsinga.mkv,00:23,happy,0.34629324,0.0054597794,0.059027445,60.000957,1.0247548,0.36307973,38.200424
MarkRutte_MariekeElsinga.mkv,00:23,neutral,0.48330343,0.010458468,0.14209382,40.74161,1.1609604,0.80236846,56.659203
MarkRutte_MariekeElsinga.mkv,00:23,happy,0.16366436,0.0018664798,0.022982249,62.974663,0.4302283,0.2422154,36.164383
MarkRutte_MariekeElsinga.mkv,00:24,happy,0.22524144,0.0023464754,0.04027007,58.759285,0.39930153,0.30315042,40.270412
MarkRutte_MariekeElsinga.mkv,00:24,happy,0.07100326,7.789793e-05,0.0029893543,69.75652,0.13444023,0.05465349,29.980322
MarkRutte_MariekeElsinga.mkv,00:24,happy,0.11063969,0.0003810392,0.008293848,69.56527,0.17094524,0.10411843,30.040344
MarkRutte_MariekeElsinga.mkv,00:24,happy,0.13824148,0.0026416003,0.030122295,63.300503,0.42539057,0.22586593,35.877235
MarkRutte_MariekeElsinga.mkv,00:24,happy,0.12101471,0.0021284493,0.025059935,63.398922,0.4150984,0.1633807,35.874393
MarkRutte_MariekeElsinga.mkv,00:24,happy,0.13731298,0.0009436438,0.015761316,66.606255,0.28073007,0.16404149,32.794956
MarkRutte_MariekeElsinga.mkv,00:24,happy,0.15494598,0.0005086887,0.011652817,62.243675,0.2412118,0.14309028,37.204914
MarkRutte_MariekeElsinga.mkv,00:24,neutral,0.43045747,0.001497291,0.061149634,38.936016,0.5265652,0.2654736,59.77884
MarkRutte_MariekeElsinga.mkv,00:24,neutral,0.5001044,0.0017172706,0.041327555,45.561558,0.55640906,0.202651,53.13623
MarkRutte_MariekeElsinga.mkv,00:24,neutral,1.109688,0.00581748,0.21984114,30.34375,1.0142547,0.6703271,66.63632
MarkRutte_MariekeElsinga.mkv,00:24,neutral,9.654643,0.014009957,1.5404358,20.071789,2.1402736,0.8314621,65.74738
MarkRutte_MariekeElsinga.mkv,00:24,fear,17.911156,0.08441198,63.72987,1.3581744,11.579738,1.8236568,3.5129974
MarkRutte_MariekeElsinga.mkv,00:24,sad,13.032087,0.0065755914,37.537548,0.12239452,47.281616,0.06865323,1.951126
MarkRutte_MariekeElsinga.mkv,00:24,sad,0.897888,8.7090535e-05,17.62212,0.015956074,80.21819,0.0033315867,1.242427
MarkRutte_MariekeElsinga.mkv,00:24,sad,0.53713536,8.514855e-05,10.262686,0.0033145195,87.72162,0.0006032287,1.4745592
MarkRutte_MariekeElsinga.mkv,00:24,sad,0.8937745,0.003556953,5.15055,0.0017197495,93.631676,0.00085923495,0.31785846
MarkRutte_MariekeElsinga.mkv,00:24,sad,0.56392884,0.0008293429,1.8874445,0.0012542317,97.39398,0.00012548426,0.15244143
MarkRutte_MariekeElsinga.mkv,00:24,sad,0.87877476,0.009056123,20.403582,3.7067983,60.5733,0.016601568,14.411897
MarkRutte_MariekeElsinga.mkv,00:24,sad,0.61259264,0.016782822,17.7575,4.5800204,67.65075,0.028953832,9.353399
MarkRutte_MariekeElsinga.mkv,00:24,happy,0.3764132,0.013444801,9.521247,40.613087,23.669012,0.08842519,25.718372
MarkRutte_MariekeElsinga.mkv,00:24,neutral,0.6364153,0.056526046,5.7969856,26.091652,26.775711,0.09558955,40.547123
MarkRutte_MariekeElsinga.mkv,00:24,neutral,0.9276041,0.13072579,2.7396479,24.746622,8.743763,0.59805125,62.113583
MarkRutte_MariekeElsinga.mkv,00:24,fear,6.423831,1.59019,53.672527,8.090998,26.552525,0.60023445,3.0696983
MarkRutte_MariekeElsinga.mkv,00:24,fear,32.995594,1.6810929,42.26526,6.307474,9.302663,3.8162503,3.6316583
MarkRutte_MariekeElsinga.mkv,00:24,happy,1.1935526,0.35793152,7.5518513,40.712406,19.671757,0.39985463,30.112648
MarkRutte_MariekeElsinga.mkv,00:25,happy,0.16140878,0.0061145527,0.75699514,71.991135,0.71324664,0.15653722,26.214565
MarkRutte_MariekeElsinga.mkv,00:25,happy,1.0742223,3.403912,7.3732843,33.875084,23.11438,0.017216783,31.141901
MarkRutte_MariekeElsinga.mkv,00:25,neutral,1.5529383,0.23975319,8.594808,6.6759853,20.046947,0.017260384,62.872303
MarkRutte_MariekeElsinga.mkv,00:25,neutral,3.4094172,1.7186902,10.360708,7.5121727,26.676062,0.029833646,50.29311
MarkRutte_MariekeElsinga.mkv,00:25,happy,0.56034076,0.037234727,4.1769795,78.952774,1.5947654,0.35453603,14.32338
MarkRutte_MariekeElsinga.mkv,00:25,happy,0.21081772,0.020550888,1.8501148,92.26257,0.6390792,0.021791415,4.99507
MarkRutte_MariekeElsinga.mkv,00:25,neutral,0.7861141,0.4058619,5.966397,31.288164,7.8249507,0.013747529,53.71477
MarkRutte_MariekeElsinga.mkv,00:25,sad,2.6257362,0.45714232,10.3930025,0.05347229,79.74939,0.0002026539,6.7210584
MarkRutte_MariekeElsinga.mkv,00:25,fear,12.436675,7.202419e-10,54.627502,3.7864704,29.051867,0.00020175209,0.09728597
MarkRutte_MariekeElsinga.mkv,00:25,fear,6.183669,6.3603255e-11,83.83231,0.8342158,8.67811,0.10770386,0.36399168
MarkRutte_MariekeElsinga.mkv,00:25,fear,0.45861965,2.615058e-10,95.574936,0.13197115,2.548354,0.754757,0.5313621
MarkRutte_MariekeElsinga.mkv,00:25,fear,5.1022544,2.6839129e-09,86.89273,0.33937877,7.2399287,0.02870548,0.39701012
MarkRutte_MariekeElsinga.mkv,00:25,fear,11.824828,5.1409743e-10,78.22335,0.6268147,9.0190935,0.010439815,0.2954704
MarkRutte_MariekeElsinga.mkv,00:25,happy,0.0007749961,1.5263723e-08,0.002717175,58.391796,0.90956956,9.099907e-05,40.695057
MarkRutte_MariekeElsinga.mkv,00:25,sad,6.0759606,0.4250702,16.354008,0.10906256,71.10166,0.0044036126,5.929834
MarkRutte_MariekeElsinga.mkv,00:25,sad,9.187912,12.383206,16.11361,0.4047477,57.55024,0.0013428507,4.3589373
MarkRutte_MariekeElsinga.mkv,00:25,sad,2.0728295,1.2333323,10.955349,1.9589534,78.65065,0.0012747955,5.127615
MarkRutte_MariekeElsinga.mkv,00:25,happy,1.0312389,0.077658,1.9239293,94.9205,0.8722064,0.059958432,1.1145031
MarkRutte_MariekeElsinga.mkv,00:25,happy,0.05574175,0.0030350126,0.23694795,98.82084,0.14641932,0.06814808,0.6688745
MarkRutte_MariekeElsinga.mkv,00:25,happy,0.04231985,0.010121596,0.6037746,97.83384,0.19456738,0.10255762,1.2128224
MarkRutte_MariekeElsinga.mkv,00:25,happy,0.0024492145,0.00026414718,0.05375818,94.20155,0.0765818,0.025763232,5.6396337
MarkRutte_MariekeElsinga.mkv,00:25,happy,0.0011141202,1.605317e-05,0.01470833,95.70966,0.025964357,0.018977713,4.229555
MarkRutte_MariekeElsinga.mkv,00:25,happy,5.4562806e-06,1.1567215e-09,7.285174e-06,89.3579,0.0003817924,0.0050500883,10.636661
MarkRutte_MariekeElsinga.mkv,00:25,happy,0.00031524204,1.0147129e-06,0.0012467838,94.99821,0.00668021,0.025778357,4.967772
MarkRutte_MariekeElsinga.mkv,00:25,happy,0.00012113519,1.7050579e-07,0.0008649223,95.6094,0.0018113382,0.0077394512,4.3800693
MarkRutte_MariekeElsinga.mkv,00:26,happy,0.0001240105,3.4271116e-07,0.0019491708,95.97725,0.0032011226,0.019830221,3.997646
MarkRutte_MariekeElsinga.mkv,00:26,happy,0.00015433076,3.7032845e-07,0.0032721853,98.328186,0.0025514157,0.013384509,1.6524392
MarkRutte_MariekeElsinga.mkv,00:26,happy,0.009688518,0.00032183973,0.47451797,98.308586,0.090647414,0.10143904,1.0148057
MarkRutte_MariekeElsinga.mkv,00:26,happy,0.002201211,1.3343035e-05,0.14128247,99.55439,0.027999055,0.02576095,0.24835864
MarkRutte_MariekeElsinga.mkv,00:26,happy,0.023117054,0.0007666549,1.5075872,97.99137,0.2741337,0.06926824,0.1337547
MarkRutte_MariekeElsinga.mkv,00:26,happy,0.26251864,0.014594685,3.040987,95.32878,0.8069334,0.44984108,0.09634321
MarkRutte_MariekeElsinga.mkv,00:26,happy,0.68655455,0.048779953,4.5835314,93.16515,0.92942536,0.49909535,0.087461814
MarkRutte_MariekeElsinga.mkv,00:26,happy,0.8855361,0.028837336,4.1957626,93.374306,0.77857274,0.69683766,0.040146556
MarkRutte_MariekeElsinga.mkv,00:26,happy,3.8655143,0.78289163,14.309471,75.289055,3.790612,1.8127253,0.14973521
MarkRutte_MariekeElsinga.mkv,00:26,happy,3.059121,0.31291986,6.7356324,85.95274,1.4889448,2.0479157,0.40272942
MarkRutte_MariekeElsinga.mkv,00:26,happy,3.5956323,0.20025033,10.051729,80.83973,4.250717,0.84917367,0.21276477
MarkRutte_MariekeElsinga.mkv,00:26,happy,4.874448,0.9130177,10.694014,74.07874,6.2527857,2.9185946,0.26840022
MarkRutte_MariekeElsinga.mkv,00:26,happy,4.206551,0.47075278,12.47678,78.3639,3.3255496,0.9393737,0.21708621
MarkRutte_MariekeElsinga.mkv,00:26,happy,5.3907375,0.8179302,8.270967,80.25584,1.9190539,2.8910227,0.45446026
MarkRutte_MariekeElsinga.mkv,00:26,happy,1.8963602,0.0943381,1.712268,94.39853,1.2728848,0.5199904,0.10562744
MarkRutte_MariekeElsinga.mkv,00:26,happy,10.122652,1.0323799,6.579273,78.326675,1.2416266,2.5046039,0.1927911
MarkRutte_MariekeElsinga.mkv,00:26,happy,27.418161,8.334826,14.42464,36.934555,4.3185196,8.271293,0.2980068
MarkRutte_MariekeElsinga.mkv,00:26,happy,8.682068,0.07090439,5.8342624,82.16802,2.1452124,1.0758339,0.023698816
MarkRutte_MariekeElsinga.mkv,00:26,happy,6.815163,0.013454781,7.10465,82.52171,2.002501,1.5146428,0.027878553
MarkRutte_MariekeElsinga.mkv,00:26,happy,22.502228,4.7745085,22.418076,38.347767,6.8231277,5.040448,0.09384617
MarkRutte_MariekeElsinga.mkv,00:26,happy,15.975693,0.40506664,17.23167,58.117603,5.580019,2.6541963,0.035752483
MarkRutte_MariekeElsinga.mkv,00:26,happy,2.9116254,0.025467835,3.882603,88.37146,1.7730273,2.9064293,0.12938944
MarkRutte_MariekeElsinga.mkv,00:26,happy,2.0919561,0.0129121635,13.3850975,79.967804,1.922125,2.6032777,0.016832348
MarkRutte_MariekeElsinga.mkv,00:26,happy,2.7481406,0.102036335,30.849422,57.84053,6.864926,1.5882044,0.006745985
MarkRutte_MariekeElsinga.mkv,00:26,fear,4.0178127,0.00567667,62.686634,26.960125,4.2004733,2.1250281,0.004240683
MarkRutte_MariekeElsinga.mkv,00:27,fear,4.389809,0.096922874,67.452225,18.708399,8.34445,0.99809784,0.010092045
MarkRutte_MariekeElsinga.mkv,00:27,fear,2.9974098,0.06964042,66.48046,22.04906,7.4118648,0.9808403,0.010712374
MarkRutte_MariekeElsinga.mkv,00:27,fear,2.7754953,0.0092809675,46.78912,43.755753,4.559878,2.0867,0.023778113
MarkRutte_MariekeElsinga.mkv,00:27,happy,0.4965114,5.1369272e-05,3.6919768,90.0278,2.15859,3.5997138,0.025354916
MarkRutte_MariekeElsinga.mkv,00:27,happy,0.021654854,1.3215607e-07,0.29132318,97.922066,0.27301508,1.4873027,0.0046403073
MarkRutte_MariekeElsinga.mkv,00:27,happy,0.04513186,5.0462672e-06,0.16672325,95.58958,0.19123876,3.9817884,0.02553583
MarkRutte_MariekeElsinga.mkv,00:27,happy,0.30207235,0.0028735455,0.08013445,99.227615,0.062178187,0.20225227,0.12287559
MarkRutte_MariekeElsinga.mkv,00:27,happy,0.46746963,0.0028740258,0.12831934,87.44542,2.9863718,0.021426039,8.94812
MarkRutte_MariekeElsinga.mkv,00:27,happy,1.9566696,0.062043294,6.688982,84.52147,4.2080708,0.076034576,2.4867358
MarkRutte_MariekeElsinga.mkv,00:27,sad,0.5774336,0.12881102,23.001429,3.7918904,53.339542,0.008804021,19.152092
MarkRutte_MariekeElsinga.mkv,00:27,fear,0.5088644,0.009280556,65.17854,0.9270923,32.572136,0.001419401,0.8026713
MarkRutte_MariekeElsinga.mkv,00:27,happy,0.7988761,0.0013664257,16.592503,80.304794,2.1661072,0.13598764,0.00037729822
MarkRutte_MariekeElsinga.mkv,00:27,happy,0.20534083,7.739714e-05,5.545401,92.04411,2.1200037,0.08487829,0.00019316182
MarkRutte_MariekeElsinga.mkv,00:27,happy,0.33147326,0.0001996039,5.49569,89.86521,4.3044305,0.00031300235,0.0026798863
MarkRutte_MariekeElsinga.mkv,00:27,sad,6.6263785,0.049707655,6.218019,10.313339,74.01953,0.018490229,2.7545438
MarkRutte_MariekeElsinga.mkv,00:27,sad,1.698334,0.045962363,3.0120013,0.79800963,78.07967,0.0009767645,16.365044
MarkRutte_MariekeElsinga.mkv,00:27,sad,17.825056,6.604493,14.591959,3.2709296,47.19904,0.07740338,10.431126
MarkRutte_MariekeElsinga.mkv,00:27,sad,20.68602,4.9518247,15.535334,1.925271,54.793095,0.05733612,2.0511189
MarkRutte_MariekeElsinga.mkv,00:27,happy,2.2610257,0.00020260511,0.5282838,90.352974,6.533513,0.29630667,0.02769585
MarkRutte_MariekeElsinga.mkv,00:27,happy,0.29848775,4.2498163e-05,0.038412005,99.064926,0.4986124,1.1499449e-06,0.099516556
MarkRutte_MariekeElsinga.mkv,00:27,happy,0.010742512,5.5682386e-07,0.00043011163,99.95787,0.014100996,1.7474427e-09,0.016840398
MarkRutte_MariekeElsinga.mkv,00:27,happy,0.007526896,1.5639394e-05,0.0005560101,99.84916,0.09766679,1.8483583e-08,0.045061782
MarkRutte_MariekeElsinga.mkv,00:27,angry,51.176914,2.7745457e-13,7.760588,26.10983,14.380974,0.00437665,0.5673255
MarkRutte_MariekeElsinga.mkv,00:27,happy,11.332201,0.020030998,3.4057114,77.39604,3.7495925,3.7343602,0.36206114
MarkRutte_MariekeElsinga.mkv,00:27,happy,6.864204,4.315534e-18,2.5482197,90.30358,0.037563566,0.2122466,0.034189202
MarkRutte_MariekeElsinga.mkv,00:28,happy,0.0004980349,6.0670297e-10,6.741425e-06,99.99749,5.2383108e-05,1.5014656e-11,0.0019380426
MarkRutte_MariekeElsinga.mkv,00:28,neutral,8.082826e-08,4.6835265e-11,2.5478005,0.08361666,0.00036427221,0.016716817,97.3515
MarkRutte_MariekeElsinga.mkv,00:28,neutral,0.00027702932,2.166531e-06,8.648026,16.333822,0.008195197,1.3346918,73.67499
MarkRutte_MariekeElsinga.mkv,00:28,happy,0.026398946,0.0005059125,3.3183558,95.55169,0.30164534,0.73708785,0.064314626
MarkRutte_MariekeElsinga.mkv,00:28,happy,0.000115660056,1.3076468e-07,0.005399224,99.438866,0.0155834295,0.041667193,0.49837446
MarkRutte_MariekeElsinga.mkv,00:28,happy,0.0026633984,0.00014859608,0.34942302,99.29173,0.22099216,0.007977082,0.12707232
MarkRutte_MariekeElsinga.mkv,00:28,happy,2.2738224e-05,1.6163725e-12,1.4627788e-06,98.40509,0.00015906245,0.042654265,1.5520704
MarkRutte_MariekeElsinga.mkv,00:28,happy,38.200832,0.0030270466,0.35605016,51.653767,7.9239893,0.613411,1.2489142
MarkRutte_MariekeElsinga.mkv,00:28,happy,2.470456,0.000395737,0.031459544,92.482864,0.7448647,0.7937569,3.4762027
MarkRutte_MariekeElsinga.mkv,00:28,neutral,3.5444605,0.000540815,0.052020133,2.8630233,0.29910251,0.06696069,93.1739
MarkRutte_MariekeElsinga.mkv,00:28,neutral,6.2097254,0.09934821,0.13027856,2.6512358,4.4327097,0.1258553,86.350845
MarkRutte_MariekeElsinga.mkv,00:28,happy,0.0014319259,2.7948959e-09,2.9348737e-06,99.92838,0.00083646097,2.0002204e-05,0.06933116
MarkRutte_MariekeElsinga.mkv,00:28,happy,0.16648139,0.0026027781,0.0046765236,95.56755,0.5174044,0.0061604376,3.7351303
MarkRutte_MariekeElsinga.mkv,00:28,happy,0.09300262,0.0011775235,0.011732725,96.31842,1.2845558,0.0018971522,2.28922
MarkRutte_MariekeElsinga.mkv,00:28,happy,0.04684977,1.48503495e-05,0.06222783,89.27198,1.7182443,0.029631194,8.871049
MarkRutte_MariekeElsinga.mkv,00:28,happy,0.04984533,6.991662e-05,0.018770922,95.13032,0.20748636,0.035148796,4.5583625
MarkRutte_MariekeElsinga.mkv,00:28,happy,0.7284656,1.0019154e-06,0.021354675,91.55053,0.2611478,0.04771591,7.3907924
MarkRutte_MariekeElsinga.mkv,00:28,neutral,1.5226611,1.5933841e-06,0.039448492,36.14011,0.16351321,0.068659574,62.0656
MarkRutte_MariekeElsinga.mkv,00:28,happy,4.965468,2.8081377e-05,0.011950285,61.931084,0.37774855,0.009069052,32.70465
MarkRutte_MariekeElsinga.mkv,00:28,neutral,29.82173,1.7139067e-05,0.04993755,5.6505904,1.7223028,0.0019259796,62.753494
MarkRutte_MariekeElsinga.mkv,00:28,fear,15.746401,0.0056690355,33.390934,0.029500864,22.292707,1.3978677,27.136923
MarkRutte_MariekeElsinga.mkv,00:28,angry,75.221504,0.009017709,3.1140568,9.692803,0.76991963,0.06773641,11.124968
MarkRutte_MariekeElsinga.mkv,00:28,angry,70.79112,0.00024359836,2.4145112,25.415543,0.16093555,0.0021589412,1.2154797
MarkRutte_MariekeElsinga.mkv,00:28,angry,84.47148,0.0008921137,2.993028,9.087694,0.50142866,0.0004820525,2.9449916
MarkRutte_MariekeElsinga.mkv,00:28,angry,78.28438,0.00063974044,6.1763387,11.50436,0.25025794,0.0012326417,3.782797
MarkRutte_MariekeElsinga.mkv,00:29,angry,78.949265,3.934378e-05,0.20131475,15.05548,0.24011458,8.4899846e-05,5.553697
MarkRutte_MariekeElsinga.mkv,00:29,happy,35.465897,1.2922834e-05,0.98310024,62.920338,0.12594032,0.0001431539,0.5045748
MarkRutte_MariekeElsinga.mkv,00:29,happy,31.26734,1.320392e-06,0.8915419,62.08937,0.13636146,4.1024792e-05,5.615346
MarkRutte_MariekeElsinga.mkv,00:29,happy,38.986633,4.0559793e-05,0.5204551,51.121475,0.30522373,0.000104821025,9.066069
MarkRutte_MariekeElsinga.mkv,00:29,happy,14.296628,3.82676e-05,0.1381201,72.135376,0.35450497,0.002124349,13.073215
MarkRutte_MariekeElsinga.mkv,00:29,happy,0.54258996,1.3835506e-06,0.0020962232,98.742615,0.011070328,0.0012719412,0.7003689
MarkRutte_MariekeElsinga.mkv,00:29,happy,0.2200471,5.7565696e-08,0.00024129137,99.45538,0.002293369,0.0002752477,0.32176262
MarkRutte_MariekeElsinga.mkv,00:29,happy,0.11523847,1.4612637e-08,2.9594064e-05,99.760895,0.00038391713,2.116223e-05,0.12343103
MarkRutte_MariekeElsinga.mkv,00:29,happy,4.188096,2.595982e-06,0.0065574646,91.1839,0.04589885,7.4485375e-05,4.5754786
MarkRutte_MariekeElsinga.mkv,00:29,happy,0.47376412,2.8326943e-09,6.520216e-05,95.693405,0.020484231,3.880547e-07,3.8122833
MarkRutte_MariekeElsinga.mkv,00:29,happy,0.22506167,9.8469144e-08,0.0006066729,98.616776,0.012524491,1.1794356e-05,1.1450268
MarkRutte_MariekeElsinga.mkv,00:29,happy,0.807498,7.156702e-08,0.0005780517,91.60293,0.02040526,4.919342e-05,7.5685463
MarkRutte_MariekeElsinga.mkv,00:29,happy,3.8207371,3.9393916e-07,0.028617945,89.35077,0.029559057,7.127272e-05,6.77024
MarkRutte_MariekeElsinga.mkv,00:29,happy,3.7113025,1.1407329e-06,0.022828253,48.250854,0.24766418,4.0944768e-05,47.76731
MarkRutte_MariekeElsinga.mkv,00:29,neutral,2.0412474,2.8281574e-06,0.013474722,37.409466,0.3121935,4.2225533e-05,60.22357
MarkRutte_MariekeElsinga.mkv,00:29,neutral,9.470685,6.864444e-06,0.061630808,43.727066,0.38532937,0.00013542028,46.35514
MarkRutte_MariekeElsinga.mkv,00:29,happy,0.00877043,1.3810263e-10,1.708572e-05,99.454155,0.00036395853,1.787417e-05,0.5366736
MarkRutte_MariekeElsinga.mkv,00:29,happy,3.1453962,6.002179e-07,0.008485024,95.0807,0.07467159,7.08137e-06,1.690736
MarkRutte_MariekeElsinga.mkv,00:29,happy,0.19685002,4.9812283e-09,6.0495913e-05,98.19606,0.0037829368,3.2797038e-06,1.603235
MarkRutte_MariekeElsinga.mkv,00:29,happy,0.042980764,5.886486e-10,1.1342972e-05,99.839745,0.0004998184,3.3963767e-07,0.11676365
MarkRutte_MariekeElsinga.mkv,00:29,happy,0.0140773,7.2787243e-09,3.2590306e-05,99.88111,0.0008645171,1.811658e-06,0.10391797
MarkRutte_MariekeElsinga.mkv,00:29,happy,0.20163262,3.7957307e-06,0.004109089,99.29407,0.02357315,1.2695233e-05,0.47660303
MarkRutte_MariekeElsinga.mkv,00:29,happy,0.055478584,1.7012369e-06,0.0019231957,99.58496,0.016198184,9.8853925e-06,0.34142065
MarkRutte_MariekeElsinga.mkv,00:29,happy,0.0030279774,1.647217e-09,9.928776e-06,99.88588,0.0010114,3.0266492e-07,0.11006338
MarkRutte_MariekeElsinga.mkv,00:29,sad,4.9706097,0.00094634405,1.0274771,8.446567,75.210236,0.0136735905,10.330495
MarkRutte_MariekeElsinga.mkv,00:30,happy,0.016531145,5.795035e-09,5.8471516e-05,99.70626,0.0019128909,1.7468841e-06,0.27523437
MarkRutte_MariekeElsinga.mkv,00:30,happy,0.013120095,2.1822189e-10,1.3448058e-06,99.847,0.000565222,1.1663117e-07,0.13931431
MarkRutte_MariekeElsinga.mkv,00:30,happy,0.0042796,4.5889407e-11,8.641056e-07,99.96843,0.00012769132,5.488234e-07,0.027168946
MarkRutte_MariekeElsinga.mkv,00:30,happy,0.07656238,2.0484453e-08,3.8441023e-05,99.771324,0.0015347805,0.00026602737,0.15028033
MarkRutte_MariekeElsinga.mkv,00:30,happy,5.6663017,0.00024956668,0.008344002,94.10276,0.030008616,0.0003868794,0.19195028
MarkRutte_MariekeElsinga.mkv,00:30,happy,3.407521,0.0009986877,0.056903504,96.467,0.029677449,0.00031298408,0.037569012
MarkRutte_MariekeElsinga.mkv,00:30,happy,0.30451146,3.723763e-05,0.5181385,99.13837,0.009816012,0.006420527,0.022713045
MarkRutte_MariekeElsinga.mkv,00:30,happy,0.33055764,6.2336e-05,1.2800297,98.31299,0.014349761,0.051118147,0.010899038
MarkRutte_MariekeElsinga.mkv,00:30,happy,0.7496238,0.00014944737,1.9477721,97.201195,0.022612715,0.07002983,0.008610268
MarkRutte_MariekeElsinga.mkv,00:30,happy,1.2025715,0.0006059084,7.186426,91.52327,0.051403604,0.017788855,0.017941236
MarkRutte_MariekeElsinga.mkv,00:30,happy,1.2136889,0.00044749977,13.978466,84.743484,0.031326324,0.019499004,0.013085321
MarkRutte_MariekeElsinga.mkv,00:30,neutral,0.00011957254,4.168254e-15,0.01053407,0.0001112455,0.41751593,0.0022064974,99.56951
MarkRutte_MariekeElsinga.mkv,00:30,neutral,0.00013176669,2.3934586e-16,0.0013532508,2.7884144e-07,0.9118342,2.0254472e-06,99.08668
MarkRutte_MariekeElsinga.mkv,00:30,fear,22.780054,0.00045571788,47.372864,29.628403,0.21234636,0.00105087,0.0048235753
MarkRutte_MariekeElsinga.mkv,00:30,neutral,0.003228984,5.2687054e-13,0.023309404,4.3409433e-05,3.4477642,0.00014096455,96.52551
MarkRutte_MariekeElsinga.mkv,00:30,happy,2.0169954,0.00018700435,26.866083,71.083374,0.021110894,0.009130533,0.0031199625
MarkRutte_MariekeElsinga.mkv,00:30,fear,3.6346498,0.0025556611,90.897125,5.046986,0.11942089,0.012993257,0.28627014
MarkRutte_MariekeElsinga.mkv,00:30,fear,0.6265791,7.068601e-05,81.144936,18.15029,0.019329594,0.008932951,0.04985955
MarkRutte_MariekeElsinga.mkv,00:30,happy,21.424183,0.0017465701,23.389248,55.07562,0.082305044,0.0020816813,0.024823397
MarkRutte_MariekeElsinga.mkv,00:30,neutral,0.0012131738,4.715705e-14,0.032186925,1.2572166e-06,6.5285497,4.8014914e-07,93.43805
MarkRutte_MariekeElsinga.mkv,00:30,happy,11.105908,0.00031731732,16.481333,72.39321,0.012539094,0.0017972175,0.0048839226
MarkRutte_MariekeElsinga.mkv,00:30,fear,30.864227,1.4408377e-05,43.647392,25.159105,0.3226076,5.6175464e-05,0.0065930295
MarkRutte_MariekeElsinga.mkv,00:30,angry,65.03248,5.638263e-08,32.400135,2.4907663,0.07655912,6.294794e-09,6.7419e-05
MarkRutte_MariekeElsinga.mkv,00:30,angry,58.041428,2.483477e-09,4.3467536,37.601147,0.010612385,1.952967e-07,6.459347e-05
MarkRutte_MariekeElsinga.mkv,00:30,angry,79.427826,1.3350583e-10,8.56504,11.942812,0.064292856,1.8445094e-10,2.789732e-05
MarkRutte_MariekeElsinga.mkv,00:31,happy,8.639174,1.4418257e-06,0.40982604,90.9284,0.02171193,8.007161e-06,0.00087908667
MarkRutte_MariekeElsinga.mkv,00:31,happy,37.24953,4.5349438e-08,3.4482067,59.293705,0.008450979,1.48064e-07,0.00010744168
MarkRutte_MariekeElsinga.mkv,00:31,happy,9.206892,2.7091073e-07,19.538465,71.23025,0.024110682,6.350906e-07,0.000290765
MarkRutte_MariekeElsinga.mkv,00:31,happy,8.355654,1.0999995e-07,8.455145,83.16521,0.023837328,1.7628572e-07,0.00015809321
MarkRutte_MariekeElsinga.mkv,00:31,happy,4.653519,5.133971e-06,3.1303217,92.1521,0.05814923,3.6337258e-06,0.005896125
MarkRutte_MariekeElsinga.mkv,00:31,happy,4.530723,0.0033147857,12.763491,82.39411,0.2734804,0.0006378266,0.034239814
MarkRutte_MariekeElsinga.mkv,00:31,happy,5.5699506,0.0012487851,21.367569,72.71874,0.28827837,8.5782776e-05,0.054134164
MarkRutte_MariekeElsinga.mkv,00:31,happy,0.16512239,1.5947851e-06,0.090907134,99.56546,0.03322557,1.3289957e-05,0.14527315
MarkRutte_MariekeElsinga.mkv,00:31,happy,4.6170454,2.5875293e-05,0.90339375,93.66209,0.29573214,6.8309473e-06,0.5217121
MarkRutte_MariekeElsinga.mkv,00:31,happy,3.1698587,3.1077686e-08,0.009481958,96.649445,0.028828006,1.15826655e-08,0.14237188
MarkRutte_MariekeElsinga.mkv,00:31,happy,2.3418658,7.0725086e-08,0.0020210943,97.58831,0.014667518,4.2952703e-07,0.0531407
MarkRutte_MariekeElsinga.mkv,00:31,angry,61.23736,0.0005069998,2.2229605,35.787605,0.46756032,0.0011636405,0.28283855
MarkRutte_MariekeElsinga.mkv,00:31,happy,14.124909,0.00016495715,0.053239252,68.73088,0.9349778,0.0004125217,16.155424
MarkRutte_MariekeElsinga.mkv,00:31,happy,0.13951388,1.9813642e-07,6.500722e-05,99.43114,0.0061741136,1.699886e-06,0.42311415
MarkRutte_MariekeElsinga.mkv,00:31,happy,1.084092,8.464284e-05,0.0017319971,97.1048,0.181585,1.2226002e-05,1.6277002
MarkRutte_MariekeElsinga.mkv,00:31,happy,0.36189118,3.123605e-06,0.019891195,99.43602,0.0116438335,5.6628025e-05,0.170483
MarkRutte_MariekeElsinga.mkv,00:31,happy,17.246065,0.004610213,0.56004506,80.26803,0.5867613,0.0041479315,1.3303518
MarkRutte_MariekeElsinga.mkv,00:31,happy,22.870771,0.0042716777,0.64790845,74.120674,0.7799306,0.004710408,1.5717354
MarkRutte_MariekeElsinga.mkv,00:31,happy,35.12822,0.010740431,1.473738,58.467266,1.3435262,0.009407543,3.5671046
MarkRutte_MariekeElsinga.mkv,00:31,angry,39.633747,0.00397357,5.081662,36.070744,1.2667778,0.011045128,17.93205
MarkRutte_MariekeElsinga.mkv,00:31,angry,60.495167,0.0007625205,1.6438056,3.6120672,3.0032392,0.0008280565,31.24413
MarkRutte_MariekeElsinga.mkv,00:31,angry,75.87237,0.00014750734,0.57842934,10.461343,0.7158076,0.0008826603,12.371027
MarkRutte_MariekeElsinga.mkv,00:31,angry,45.84454,0.00027410928,0.06681212,36.78045,1.9862076,3.2790496e-05,15.321686
MarkRutte_MariekeElsinga.mkv,00:31,happy,21.209272,6.6222696e-05,0.030039854,63.694862,1.0048078,6.7583904e-05,14.060887
MarkRutte_MariekeElsinga.mkv,00:31,happy,7.9467335,0.00014424536,0.012939102,86.52887,0.4136106,2.3552057e-05,5.0976796
MarkRutte_MariekeElsinga.mkv,00:32,happy,0.9627693,7.4888e-06,0.004303613,98.27011,0.040565517,5.132903e-06,0.72223884
MarkRutte_MariekeElsinga.mkv,00:32,happy,0.18253744,7.055693e-08,0.0002311879,99.51381,0.0031035251,1.5502152e-06,0.30031216
MarkRutte_MariekeElsinga.mkv,00:32,happy,12.803905,6.8314016e-08,0.0018211551,86.77961,0.03252189,2.5746795e-07,0.3821508
MarkRutte_MariekeElsinga.mkv,00:32,angry,84.082535,1.8173492e-05,0.11861705,15.031716,0.3355175,1.2704214e-05,0.43158942
MarkRutte_MariekeElsinga.mkv,00:32,angry,82.69051,0.00014021622,0.23357764,15.838907,0.680081,8.013362e-05,0.55669475
MarkRutte_MariekeElsinga.mkv,00:32,happy,1.3933758,5.1712273e-06,0.0062174723,97.4035,0.10063865,9.223657e-05,1.0961709
MarkRutte_MariekeElsinga.mkv,00:32,happy,0.11612608,1.4228851e-07,6.803488e-05,99.619385,0.0023356457,9.86986e-05,0.2619766
MarkRutte_MariekeElsinga.mkv,00:32,happy,0.7715329,4.4921015e-07,0.0003502931,98.6299,0.019370591,5.3818563e-05,0.57878935
MarkRutte_MariekeElsinga.mkv,00:32,happy,1.2816811,2.0067114e-06,0.0014700096,97.3467,0.035287756,0.001122406,1.3337419
MarkRutte_MariekeElsinga.mkv,00:32,happy,1.6332918,3.8409107e-06,0.0013440287,97.05345,0.055534404,0.00087589823,1.2555008
MarkRutte_MariekeElsinga.mkv,00:32,happy,7.3834887,8.069975e-06,0.010508454,89.62817,0.26247415,0.0008973281,2.714455
MarkRutte_MariekeElsinga.mkv,00:32,happy,2.2477243,4.0712348e-05,0.0097145885,96.868454,0.10334176,0.004542957,0.7661844
MarkRutte_MariekeElsinga.mkv,00:32,happy,7.4463725,1.8116332e-05,0.0074556023,89.85192,0.21868046,0.0015116393,2.4740396
MarkRutte_MariekeElsinga.mkv,00:32,happy,2.3515966,4.3504815e-06,0.01604428,89.90958,0.36134884,0.0040646493,7.3573613
MarkRutte_MariekeElsinga.mkv,00:32,happy,1.6019205,1.1686757e-06,0.0030135228,93.805145,0.10248391,0.0021793102,4.4852552
MarkRutte_MariekeElsinga.mkv,00:32,happy,1.8984087,2.0247788e-07,0.00076503656,94.522354,0.031036641,0.00021296651,3.5472207
MarkRutte_MariekeElsinga.mkv,00:32,happy,1.2251767,1.0364192e-07,0.0005380906,95.29719,0.032241452,4.5607067e-05,3.4448104
MarkRutte_MariekeElsinga.mkv,00:32,happy,0.8101086,5.402294e-08,0.00051482936,97.90941,0.01774944,4.802971e-06,1.262208
MarkRutte_MariekeElsinga.mkv,00:32,happy,0.030092003,2.595327e-08,0.00014098782,99.82481,0.001596044,0.000100834994,0.1432582
MarkRutte_MariekeElsinga.mkv,00:32,happy,0.032517847,9.886956e-08,0.00037537975,99.888664,0.002042364,0.00020819831,0.076184005
MarkRutte_MariekeElsinga.mkv,00:32,happy,0.014899035,1.8822112e-08,9.836115e-05,99.92548,0.0010604402,5.8065692e-05,0.05839993
MarkRutte_MariekeElsinga.mkv,00:32,happy,0.06872618,2.8760173e-08,7.431401e-05,99.808655,0.0012224339,6.688953e-05,0.12125311
MarkRutte_MariekeElsinga.mkv,00:32,happy,0.016274061,1.744461e-07,0.00012598245,99.79196,0.003698558,0.00016826848,0.18776451
MarkRutte_MariekeElsinga.mkv,00:32,happy,0.028614752,4.8983204e-09,5.9941696e-05,99.85441,0.0013517071,4.8272636e-06,0.115554914
MarkRutte_MariekeElsinga.mkv,00:32,happy,0.040140342,1.2434285e-06,0.0005153053,99.76892,0.01118731,0.00038785528,0.17884289
MarkRutte_MariekeElsinga.mkv,00:33,happy,0.016234607,1.4871499e-07,8.6991684e-05,99.87688,0.002018957,4.0077146e-05,0.10474374
MarkRutte_MariekeElsinga.mkv,00:33,happy,0.04822207,6.8929444e-07,0.00024406055,99.79679,0.00572159,7.772482e-06,0.14901733
MarkRutte_MariekeElsinga.mkv,00:33,happy,0.025826797,1.5040956e-07,0.00015411533,99.88476,0.0044151885,9.77371e-06,0.084829636
MarkRutte_MariekeElsinga.mkv,00:33,happy,0.030929301,2.310484e-07,0.0001439227,99.82336,0.0037661924,1.3328895e-05,0.14179581
MarkRutte_MariekeElsinga.mkv,00:33,happy,0.027135933,6.518946e-08,9.4101895e-05,99.8864,0.0012045213,8.04971e-06,0.0851716
MarkRutte_MariekeElsinga.mkv,00:33,happy,0.11939012,2.093482e-07,0.00013907795,99.64139,0.005286153,5.403468e-06,0.2337855
MarkRutte_MariekeElsinga.mkv,00:33,happy,0.014950092,2.543564e-08,1.4566877e-05,99.90586,0.0014487272,4.8756337e-05,0.07766531
MarkRutte_MariekeElsinga.mkv,00:33,angry,40.578957,0.08226385,19.932804,2.3805978,2.8311713,28.455832,5.738368
MarkRutte_MariekeElsinga.mkv,00:33,happy,0.0438478,4.4113464e-09,3.8082406e-05,99.86307,0.00080113113,5.669285e-05,0.0921833
MarkRutte_MariekeElsinga.mkv,00:33,happy,0.05468807,4.257795e-08,7.5789954e-05,99.73782,0.0028181,0.00013634142,0.20445186
MarkRutte_MariekeElsinga.mkv,00:33,happy,0.044059068,1.7182497e-08,8.3728824e-05,99.77955,0.001941017,0.00023282216,0.17413878
MarkRutte_MariekeElsinga.mkv,00:33,happy,0.088163,9.875577e-08,0.00025369573,99.64094,0.0068112435,0.00018116902,0.26365775
MarkRutte_MariekeElsinga.mkv,00:33,happy,0.13382965,3.943107e-09,8.7286644e-05,99.628716,0.0026310578,8.189955e-06,0.23473735
MarkRutte_MariekeElsinga.mkv,00:33,happy,0.016555056,4.002565e-09,7.286562e-05,99.884,0.0016675201,8.265529e-06,0.097693
MarkRutte_MariekeElsinga.mkv,00:33,happy,9.346564e-06,4.4429634e-11,1.41160585e-08,99.666664,3.1770334e-05,6.283019e-07,0.33329874
MarkRutte_MariekeElsinga.mkv,00:33,happy,0.0002194078,2.9703454e-10,4.1496605e-07,97.94696,0.00020690329,3.9030174e-06,2.0525956
MarkRutte_MariekeElsinga.mkv,00:33,happy,0.00019781425,3.0862285e-10,1.481113e-07,98.41913,0.00014640357,2.5304203e-06,1.5805248
MarkRutte_MariekeElsinga.mkv,00:33,happy,0.00034879232,4.6794404e-09,4.3176138e-07,97.41427,0.0002957326,1.8181796e-05,2.5850666
MarkRutte_MariekeElsinga.mkv,00:33,happy,9.478465e-06,5.2521212e-12,4.1478003e-09,96.21649,1.572836e-05,1.4594564e-06,3.7834706
MarkRutte_MariekeElsinga.mkv,00:33,happy,9.481141e-06,4.1308203e-12,3.1053506e-09,99.63133,6.5047757e-06,5.44523e-08,0.36863896
MarkRutte_MariekeElsinga.mkv,00:33,happy,1.2460303e-07,7.172063e-15,1.1266867e-11,99.77464,2.0279414e-07,4.0543418e-09,0.22536156
MarkRutte_MariekeElsinga.mkv,00:33,happy,1.6526283e-07,6.679237e-15,1.4552078e-11,99.55683,3.6863116e-07,2.0820154e-09,0.4431635
MarkRutte_MariekeElsinga.mkv,00:33,happy,4.7605792e-07,1.3725995e-13,1.573911e-11,99.78952,9.3751066e-07,1.734853e-10,0.21048336
MarkRutte_MariekeElsinga.mkv,00:33,happy,4.3489563e-05,4.9238813e-10,4.026638e-08,98.519356,6.042358e-05,6.302024e-08,1.4805452
MarkRutte_MariekeElsinga.mkv,00:33,happy,7.8357065e-05,6.789085e-10,7.635525e-08,96.99849,0.000103190636,1.6474829e-07,3.001333
MarkRutte_MariekeElsinga.mkv,00:34,happy,0.0013943813,8.062416e-07,3.3265944e-05,89.91156,0.0054948516,1.1379592e-06,10.081521
MarkRutte_MariekeElsinga.mkv,00:34,happy,0.00051090994,5.142255e-08,2.8267104e-06,92.18934,0.0006258778,5.296606e-06,7.809517
MarkRutte_MariekeElsinga.mkv,00:34,happy,0.037745994,6.108393e-06,0.0009578641,79.73715,0.028153114,0.000130047,20.195862
MarkRutte_MariekeElsinga.mkv,00:34,neutral,0.90936005,0.00018114784,0.05824043,25.25072,2.0954044,0.003105207,71.68299
MarkRutte_MariekeElsinga.mkv,00:34,neutral,0.14142026,0.00022867919,0.014454907,47.032883,1.374346,0.004075099,51.43259
MarkRutte_MariekeElsinga.mkv,00:34,neutral,0.28142872,0.0004625567,0.032380693,40.496616,1.0306921,0.0074966075,58.150925
MarkRutte_MariekeElsinga.mkv,00:34,neutral,1.6860558,0.0010839307,0.20493303,15.514376,10.024015,0.0048969863,72.56464
MarkRutte_MariekeElsinga.mkv,00:34,neutral,0.84203315,0.00010977391,0.045068823,11.022146,4.0137706,0.0022987444,84.07457
MarkRutte_MariekeElsinga.mkv,00:34,neutral,0.23281462,6.62569e-05,0.008477782,29.598433,1.4138371,0.0032042556,68.74317
MarkRutte_MariekeElsinga.mkv,00:34,neutral,0.17582025,1.642616e-05,0.0030060785,42.755764,0.60395205,0.0007199659,56.460716
MarkRutte_MariekeElsinga.mkv,00:34,neutral,0.07941505,8.907797e-06,0.0017111658,45.906075,1.1052687,0.00012185267,52.907406
MarkRutte_MariekeElsinga.mkv,00:34,happy,1.8001261,0.0018836986,0.24894494,46.351162,5.578123,0.0050132843,46.014748
MarkRutte_MariekeElsinga.mkv,00:34,happy,0.00798934,7.26102e-05,0.00197941,96.21391,0.038883142,0.0004359471,3.7367277
MarkRutte_MariekeElsinga.mkv,00:34,happy,1.8401116,0.009261902,0.18721443,80.88282,1.8734753,0.016818564,15.190296
MarkRutte_MariekeElsinga.mkv,00:34,happy,0.093432225,0.00012932456,0.017783402,98.286285,0.037133984,0.013607193,1.5516179
MarkRutte_MariekeElsinga.mkv,00:34,happy,0.07462328,3.1786123e-05,0.003207923,98.649055,0.02167341,0.008238711,1.2431751
MarkRutte_MariekeElsinga.mkv,00:34,happy,0.030214837,1.6319277e-06,0.00030018756,99.54451,0.01126599,0.00069939153,0.41300678
MarkRutte_MariekeElsinga.mkv,00:34,happy,0.008818689,8.158927e-08,4.450252e-05,99.61342,0.0034463773,0.00017756163,0.37409648
MarkRutte_MariekeElsinga.mkv,00:34,happy,0.007430285,8.2755705e-08,3.168798e-05,99.28324,0.003674457,0.00055572385,0.70506835
MarkRutte_MariekeElsinga.mkv,00:34,happy,0.08311123,1.6435039e-05,0.0020795423,98.84592,0.021303264,0.013149943,1.0344324
MarkRutte_MariekeElsinga.mkv,00:34,happy,0.0013383075,4.084078e-09,0.12943769,97.781815,0.00036368408,1.7834011,0.303649
MarkRutte_MariekeElsinga.mkv,00:34,happy,0.030966999,7.296313e-07,0.14768599,99.65958,0.004841296,0.12276301,0.034166396
MarkRutte_MariekeElsinga.mkv,00:34,happy,0.054305505,1.220292e-05,0.0037256384,93.6029,0.041844554,6.6048946e-05,6.2971535
MarkRutte_MariekeElsinga.mkv,00:34,happy,0.005038929,4.6923122e-07,0.00017465757,93.96434,0.023435066,7.923674e-07,6.007009
MarkRutte_MariekeElsinga.mkv,00:34,happy,0.0018510288,3.090991e-08,6.058013e-05,99.58814,0.003322342,2.6385821e-06,0.4066223
MarkRutte_MariekeElsinga.mkv,00:35,happy,0.004208636,1.0206087e-05,0.0023266312,65.35694,0.13210574,0.00020574917,34.504204
MarkRutte_MariekeElsinga.mkv,00:35,happy,0.3080009,0.00010653648,0.025226746,58.038456,0.64021456,0.0025916481,40.98541
MarkRutte_MariekeElsinga.mkv,00:35,neutral,0.86474365,0.00040571712,0.17288665,33.79347,3.4633112,0.0013510305,61.70384
MarkRutte_MariekeElsinga.mkv,00:35,happy,0.51815444,0.00011091337,0.086765945,59.429966,0.6214437,0.0017121118,39.34185
MarkRutte_MariekeElsinga.mkv,00:35,happy,0.83617294,7.095441e-06,0.021430703,67.92738,0.41675612,0.0003419043,30.797918
MarkRutte_MariekeElsinga.mkv,00:35,neutral,0.88667774,0.001949973,1.1559922,15.525452,10.951261,0.004116716,71.47455
MarkRutte_MariekeElsinga.mkv,00:35,happy,0.10768524,7.544102e-05,0.029939165,81.34073,0.2939166,0.0004941397,18.227169
MarkRutte_MariekeElsinga.mkv,00:35,neutral,1.9009637,0.0025227384,0.9020017,20.444777,10.88883,0.008989872,65.85191
MarkRutte_MariekeElsinga.mkv,00:35,neutral,3.289054,0.00028479382,1.2334677,39.48717,7.72119,0.0034986245,48.265327
MarkRutte_MariekeElsinga.mkv,00:35,happy,0.0053500235,1.9802212e-06,0.001266447,74.95187,0.09450826,8.2841994e-05,24.946913
MarkRutte_MariekeElsinga.mkv,00:35,happy,0.10339685,0.00011786357,0.007824161,62.641724,0.30662626,0.0010588679,36.93925
MarkRutte_MariekeElsinga.mkv,00:35,neutral,0.5842421,0.000120637786,0.1104044,26.804081,2.6135645,0.0022310854,69.88536
MarkRutte_MariekeElsinga.mkv,00:35,happy,0.33717662,0.00039343027,0.036051795,49.66299,1.3133718,0.0037361174,48.64628
MarkRutte_MariekeElsinga.mkv,00:35,neutral,1.4902424,0.00031201204,0.18027966,34.646683,2.0372183,0.004155655,61.641113
MarkRutte_MariekeElsinga.mkv,00:35,happy,0.17391922,0.00012115025,0.012843465,51.729393,0.6900498,0.0019044447,47.39177
MarkRutte_MariekeElsinga.mkv,00:35,happy,0.22767003,0.00038100706,0.013721357,54.681442,1.4150509,0.010132916,43.651596
MarkRutte_MariekeElsinga.mkv,00:35,happy,0.33241913,0.00031772951,0.012078551,58.07697,0.63939667,0.006397556,40.93243
MarkRutte_MariekeElsinga.mkv,00:35,neutral,0.67348516,0.00035717597,0.024680857,39.117287,1.0693597,0.0073348624,59.107494
MarkRutte_MariekeElsinga.mkv,00:35,neutral,0.11341036,0.00027838023,0.031057741,11.450788,2.5151548,0.0033042855,85.88601
MarkRutte_MariekeElsinga.mkv,00:35,neutral,0.13023625,0.0009967425,0.044089314,24.443258,3.363158,0.0036521056,72.01461
MarkRutte_MariekeElsinga.mkv,00:35,neutral,0.046981778,8.8567904e-05,0.008651805,18.349346,0.78468025,0.002570796,80.807686
MarkRutte_MariekeElsinga.mkv,00:35,neutral,0.56918234,0.0036593797,0.19991025,5.283268,5.2044497,0.010033841,88.72949
MarkRutte_MariekeElsinga.mkv,00:35,sad,2.5350025,0.0043101716,1.6951379,0.8471083,67.33842,0.0038190014,27.576208
MarkRutte_MariekeElsinga.mkv,00:35,neutral,5.6184673,0.44091386,7.984426,7.5979276,22.560286,0.08175875,55.71622
MarkRutte_MariekeElsinga.mkv,00:35,sad,11.582864,0.00074867497,1.834233,0.38958085,78.47622,0.01695437,7.6994033
MarkRutte_MariekeElsinga.mkv,00:36,neutral,1.933403,0.003166894,2.3686893,1.2774632,46.927864,0.0036569494,47.485752
MarkRutte_MariekeElsinga.mkv,00:36,neutral,2.291302,0.0053307135,1.6491482,0.97031,42.223373,0.005496767,52.855045
MarkRutte_MariekeElsinga.mkv,00:36,sad,2.038702,0.00082281925,1.3728178,0.8307454,50.970417,0.0011358383,44.785355
MarkRutte_MariekeElsinga.mkv,00:36,neutral,1.6449174,0.0013793202,2.625045,1.1814938,44.12839,0.0029376962,50.415833
MarkRutte_MariekeElsinga.mkv,00:36,neutral,1.6136614,0.0017738555,1.2031677,1.4511994,39.719784,0.0041427156,56.006275
MarkRutte_MariekeElsinga.mkv,00:36,sad,3.0801325,0.0009026311,1.3890265,0.6239956,75.91922,0.0031525597,18.983566
MarkRutte_MariekeElsinga.mkv,00:36,sad,4.464477,0.0033546893,2.3471687,0.7147373,74.83201,0.005880834,17.632368
MarkRutte_MariekeElsinga.mkv,00:36,neutral,2.5477328,0.0041308957,1.7223046,1.6714877,34.96782,0.005119778,59.081413
MarkRutte_MariekeElsinga.mkv,00:36,sad,3.836699,0.0016400922,1.9840696,0.42521533,73.17567,0.005142897,20.571568
MarkRutte_MariekeElsinga.mkv,00:36,neutral,3.8594224,0.088333406,2.3307242,20.890547,14.70207,0.071313135,58.057594
MarkRutte_MariekeElsinga.mkv,00:36,sad,4.381948,0.008680062,2.095163,2.5698338,45.57912,0.027798165,45.33746
MarkRutte_MariekeElsinga.mkv,00:36,neutral,1.168952,0.030686174,0.31434506,27.710802,6.006147,0.04704834,64.72202
MarkRutte_MariekeElsinga.mkv,00:36,neutral,1.4500569,0.012799673,0.96984833,8.335573,14.587262,0.011745696,74.63271
MarkRutte_MariekeElsinga.mkv,00:36,neutral,1.080412,0.004321448,0.23392217,10.820158,10.502071,0.015904294,77.343216
MarkRutte_MariekeElsinga.mkv,00:36,neutral,1.1859347,0.0038596515,0.7680374,4.8461914,25.324165,0.0062130806,67.8656
MarkRutte_MariekeElsinga.mkv,00:36,neutral,0.027719602,5.895e-05,0.004404507,20.86246,0.69236475,0.0040011196,78.40899
MarkRutte_MariekeElsinga.mkv,00:36,neutral,0.19134477,0.0027614674,0.18427014,10.3245,6.6872,0.008275618,82.60165
MarkRutte_MariekeElsinga.mkv,00:36,neutral,0.2846808,0.0007803201,0.08282631,5.501626,7.8209243,0.0018358951,86.30733
MarkRutte_MariekeElsinga.mkv,00:36,neutral,0.48888817,7.485414e-05,0.0349075,4.365782,3.7287745,0.0017599436,91.379814
MarkRutte_MariekeElsinga.mkv,00:36,neutral,0.22782396,0.00032254859,0.037902314,3.3739078,4.159845,0.0023794891,92.19782
MarkRutte_MariekeElsinga.mkv,00:36,neutral,0.7101748,0.00055152737,0.18418975,2.2490368,9.987203,0.0030767445,86.86577
MarkRutte_MariekeElsinga.mkv,00:36,neutral,1.7991298,0.002149075,0.7701012,2.6675785,40.06351,0.0020528962,54.695477
MarkRutte_MariekeElsinga.mkv,00:36,neutral,0.31562984,0.0002559965,0.029409068,5.9440107,5.1549473,0.0012206737,88.55453
MarkRutte_MariekeElsinga.mkv,00:36,neutral,0.15560496,4.2645253e-05,0.014458977,5.8011737,2.9053235,0.0003670766,91.12303
MarkRutte_MariekeElsinga.mkv,00:36,neutral,0.66064394,0.0010234072,0.16972743,3.0434651,10.17883,0.0053963345,85.94091
MarkRutte_MariekeElsinga.mkv,00:37,neutral,0.8718351,0.00030290254,0.1136199,8.987555,4.4768987,0.0060351584,85.543755
MarkRutte_MariekeElsinga.mkv,00:37,neutral,0.15185075,7.6449374e-05,0.011155253,4.9525905,2.2593236,0.0016240187,92.62339
MarkRutte_MariekeElsinga.mkv,00:37,neutral,0.08451898,5.0887697e-06,0.0020615319,33.48764,0.38729256,0.0002833691,66.0382
MarkRutte_MariekeElsinga.mkv,00:37,neutral,1.2198641,0.0028491914,0.44572628,3.3269784,24.034975,0.003811635,70.96579
MarkRutte_MariekeElsinga.mkv,00:37,neutral,0.67013794,0.0023307258,0.36975265,3.560424,16.297073,0.006422502,79.093864
MarkRutte_MariekeElsinga.mkv,00:37,neutral,0.88427204,0.0025434906,0.35331368,3.4958265,22.283945,0.004549535,72.975555
MarkRutte_MariekeElsinga.mkv,00:37,neutral,0.077381626,0.00010847112,0.016640626,8.66864,2.5192618,0.0014792411,88.71649
MarkRutte_MariekeElsinga.mkv,00:37,neutral,1.2872077,0.00053609925,0.5217481,0.74311614,22.797453,0.0015813423,74.64836
MarkRutte_MariekeElsinga.mkv,00:37,neutral,0.51312953,0.0005209534,0.4749125,1.2757946,13.595236,0.00197249,84.138435
MarkRutte_MariekeElsinga.mkv,00:37,neutral,0.24508552,5.3612468e-05,0.059905536,0.77180195,7.626025,0.00029558313,91.29684
MarkRutte_MariekeElsinga.mkv,00:37,neutral,0.05648352,8.811909e-06,0.014437851,2.2236814,1.5583371,0.00012291106,96.146935
MarkRutte_MariekeElsinga.mkv,00:37,neutral,0.01771839,6.6741663e-06,0.006429526,13.743546,0.5057332,0.0001688184,85.7264
MarkRutte_MariekeElsinga.mkv,00:37,neutral,0.0018471171,1.0746744e-06,0.0010298212,36.117252,0.08558185,0.0001125447,63.79417
MarkRutte_MariekeElsinga.mkv,00:37,neutral,0.03215425,2.8860518e-06,0.0065741325,10.303254,0.6522497,0.00020835621,89.005554
MarkRutte_MariekeElsinga.mkv,00:37,neutral,0.29704592,9.1408576e-05,0.030371616,4.05239,4.224979,0.00030804356,91.39482
MarkRutte_MariekeElsinga.mkv,00:37,neutral,1.4249105,0.0053529153,0.46945974,9.257289,28.975117,0.00272937,59.865143
MarkRutte_MariekeElsinga.mkv,00:37,neutral,0.18450066,0.0005150912,0.038349066,19.728142,2.3429124,0.0036702137,77.70192
MarkRutte_MariekeElsinga.mkv,00:37,neutral,0.27679712,0.0012881041,0.073120445,40.1549,1.9088283,0.008439478,57.57663
MarkRutte_MariekeElsinga.mkv,00:37,happy,0.41556934,0.0007057813,0.04078831,74.220085,0.886887,0.011314091,24.424652
MarkRutte_MariekeElsinga.mkv,00:37,happy,0.103893526,0.00016267263,0.009349703,83.04055,0.2505518,0.0033969835,16.592096
MarkRutte_MariekeElsinga.mkv,00:37,happy,0.4021172,0.0003100901,0.024727091,78.2321,0.572101,0.003175874,20.765463
MarkRutte_MariekeElsinga.mkv,00:37,happy,0.13326246,4.0209132e-05,0.008507251,58.58642,0.28422916,0.007107823,40.98044
MarkRutte_MariekeElsinga.mkv,00:37,neutral,1.0495818,0.0012164376,0.41227505,28.243452,6.2480946,0.01091282,64.03446
MarkRutte_MariekeElsinga.mkv,00:37,neutral,0.8024136,0.00072165194,0.16302897,26.722904,4.487948,0.018251335,67.80473
MarkRutte_MariekeElsinga.mkv,00:37,neutral,0.7088044,2.9944105e-05,0.021697896,18.012356,1.2882285,0.0014736454,79.96741
MarkRutte_MariekeElsinga.mkv,00:38,neutral,0.8158713,0.000831392,0.12292134,22.588217,2.2610798,0.004829539,74.20625
MarkRutte_MariekeElsinga.mkv,00:38,neutral,0.38431346,7.6889155e-05,0.05704239,35.340286,1.6557753,0.0020824603,62.56042
MarkRutte_MariekeElsinga.mkv,00:38,neutral,1.2412958,0.0010769084,0.2614045,34.41412,3.7745886,0.0024041627,60.30511
MarkRutte_MariekeElsinga.mkv,00:38,neutral,2.5595672,0.0017929138,0.7279148,6.121779,17.014555,0.0019384504,73.57245
MarkRutte_MariekeElsinga.mkv,00:38,neutral,0.00018079807,2.4198412e-08,0.2762861,8.052013,0.00299229,0.89268523,90.77584
MarkRutte_MariekeElsinga.mkv,00:38,neutral,0.16114782,0.000163424,0.030850511,38.23715,0.5211702,0.0013970595,61.04812
MarkRutte_MariekeElsinga.mkv,00:38,neutral,2.125491,0.0068769194,1.4666169,4.761265,28.466341,0.009070992,63.164337
MarkRutte_MariekeElsinga.mkv,00:38,neutral,0.2730948,0.00095934654,0.05441569,27.74372,3.885841,0.006416614,68.03555
MarkRutte_MariekeElsinga.mkv,00:38,neutral,0.50450927,0.0002595452,0.04397517,2.661583,8.107344,0.003585704,88.67875
MarkRutte_MariekeElsinga.mkv,00:38,neutral,0.16025554,5.723029e-05,0.013326974,3.298371,3.928255,0.00184098,92.59789
MarkRutte_MariekeElsinga.mkv,00:38,neutral,1.3623681,0.00065647694,0.56182754,0.8632572,29.248095,0.0058594234,67.95795
MarkRutte_MariekeElsinga.mkv,00:38,sad,19.110626,0.002648589,1.9304826,0.040165976,55.333107,0.009241161,23.573736
MarkRutte_MariekeElsinga.mkv,00:38,sad,8.127468,0.0013620217,5.429035,0.052555963,78.13327,0.005525586,8.25079
MarkRutte_MariekeElsinga.mkv,00:38,sad,14.119426,0.00054662005,3.9766326,0.1360149,68.23112,0.020480767,13.515784
MarkRutte_MariekeElsinga.mkv,00:38,neutral,5.336534,0.0023658809,2.3992355,0.5866466,30.718052,0.016849246,60.940315
MarkRutte_MariekeElsinga.mkv,00:38,sad,17.334517,0.016805584,7.9632154,0.3060358,66.469185,0.16461977,7.7456226
MarkRutte_MariekeElsinga.mkv,00:38,sad,12.200821,0.0013199301,3.5736237,0.13113856,69.97023,0.03004439,14.092825
MarkRutte_MariekeElsinga.mkv,00:38,sad,13.438312,0.0009562357,3.549098,0.031406086,79.67663,0.025841266,3.2777643
MarkRutte_MariekeElsinga.mkv,00:38,sad,22.93431,0.005001067,7.0708423,0.00853002,68.583145,0.023015006,1.3751603
MarkRutte_MariekeElsinga.mkv,00:38,sad,13.97766,0.0005727762,5.7540975,0.00078669353,79.82379,0.0053880997,0.4377041
MarkRutte_MariekeElsinga.mkv,00:38,sad,18.196445,0.0043127295,9.563755,0.001675658,70.35455,0.0017349222,1.8775309
MarkRutte_MariekeElsinga.mkv,00:38,sad,24.30221,0.0057677557,10.999474,0.004151716,63.89543,0.0030555753,0.7899066
MarkRutte_MariekeElsinga.mkv,00:38,sad,18.465216,0.0023677803,6.259873,0.07371262,67.47259,0.003285351,7.7229652
MarkRutte_MariekeElsinga.mkv,00:38,sad,37.68378,0.0040609934,12.532235,0.18491128,42.669716,0.0074167755,6.917878
MarkRutte_MariekeElsinga.mkv,00:38,sad,29.007584,0.0031180277,6.0490737,2.9435732,48.240944,0.026488714,13.729222
MarkRutte_MariekeElsinga.mkv,00:39,neutral,6.676133,0.00011274586,0.41903242,1.8158056,17.907616,0.0039839577,73.17732
MarkRutte_MariekeElsinga.mkv,00:39,sad,16.711645,0.0049211136,7.7281704,0.0449561,62.43319,0.00094910915,13.076169
MarkRutte_MariekeElsinga.mkv,00:39,sad,13.2644005,0.020249475,6.7690406,0.02695954,75.035484,0.0067624645,4.8770943
MarkRutte_MariekeElsinga.mkv,00:39,angry,47.953064,0.0445933,5.762197,0.009817545,44.37828,0.0011453549,1.8509101
MarkRutte_MariekeElsinga.mkv,00:39,sad,39.571613,0.0030948115,3.1308513,0.014387107,40.75746,0.006967418,16.515623
MarkRutte_MariekeElsinga.mkv,00:39,angry,65.23066,7.461252e-06,0.7952608,0.0053731166,4.7278223,0.0069314204,29.233942
MarkRutte_MariekeElsinga.mkv,00:39,neutral,31.291956,8.708628e-06,1.0408432,0.011562146,5.3450475,0.0057299365,62.304855
MarkRutte_MariekeElsinga.mkv,00:39,angry,75.66188,0.0014884279,12.579461,0.024934765,6.693502,0.035627834,5.0031066
MarkRutte_MariekeElsinga.mkv,00:39,angry,81.97396,0.1429218,9.452781,0.034882125,6.789279,0.12466183,1.4815159
MarkRutte_MariekeElsinga.mkv,00:39,angry,62.76307,0.00018602787,17.601048,0.023270024,11.976358,0.017713206,7.6183586
MarkRutte_MariekeElsinga.mkv,00:39,angry,69.414536,0.00022847287,10.794016,0.011935346,12.585666,0.0031046588,7.190518
MarkRutte_MariekeElsinga.mkv,00:39,angry,40.770966,0.0017372532,23.535833,0.032703776,31.098694,0.010349931,4.549722
MarkRutte_MariekeElsinga.mkv,00:39,fear,35.086758,0.035801113,48.311756,0.06407875,14.293819,0.11001462,2.0977726
MarkRutte_MariekeElsinga.mkv,00:40,sad,31.088587,0.0028261705,28.294073,0.039187692,35.441532,0.023730025,5.110075
MarkRutte_MariekeElsinga.mkv,00:40,sad,28.434559,0.0027886697,16.502222,0.04242065,50.24927,0.009484475,4.7592516
MarkRutte_MariekeElsinga.mkv,00:40,sad,21.0679,0.0014149448,3.089764,0.035670336,64.18785,0.00047890362,11.616919
MarkRutte_MariekeElsinga.mkv,00:40,sad,16.436436,0.008312155,2.259871,1.2276574,64.924194,0.018141115,15.125389
MarkRutte_MariekeElsinga.mkv,00:40,sad,18.95148,0.008493727,1.486339,0.06906731,73.03619,0.0014932118,6.4469476
MarkRutte_MariekeElsinga.mkv,00:40,sad,29.566866,0.00079086324,1.3016503,0.12775742,50.699722,0.0021716708,18.301044
MarkRutte_MariekeElsinga.mkv,00:40,sad,25.42377,0.00053323945,0.42606094,2.578719,51.31536,0.0018594745,20.253695
MarkRutte_MariekeElsinga.mkv,00:40,angry,39.723957,0.0001712281,0.22491764,19.19964,21.424957,0.00518575,19.421171
MarkRutte_MariekeElsinga.mkv,00:40,happy,0.20669727,5.678326e-06,0.007292426,99.07396,0.39132285,0.00024257072,0.32048202
MarkRutte_MariekeElsinga.mkv,00:40,angry,83.869644,0.011568161,3.2013726,1.7908016,7.0968738,0.04509357,3.9846401
MarkRutte_MariekeElsinga.mkv,00:40,fear,0.05962564,1.2116698e-06,83.1024,0.530606,0.10355322,14.84379,1.360024
MarkRutte_MariekeElsinga.mkv,00:40,happy,0.0015880854,2.5097422e-09,0.0002781188,99.982895,0.013575527,0.00031079724,0.00135427
MarkRutte_MariekeElsinga.mkv,00:40,happy,1.992731e-06,1.606703e-16,6.4636924e-10,99.99998,4.030061e-09,1.1969267e-07,2.6534675e-05
MarkRutte_MariekeElsinga.mkv,00:40,happy,9.3636565e-08,4.2036463e-18,4.07453e-11,99.99996,4.705707e-10,2.861213e-07,3.936457e-05
MarkRutte_MariekeElsinga.mkv,00:40,happy,2.4109045e-07,4.610483e-18,4.4410687e-11,99.99996,2.1128972e-09,6.156563e-08,4.331412e-05
MarkRutte_MariekeElsinga.mkv,00:40,sad,0.6910239,0.008936863,15.88047,0.73897344,60.557343,0.008864273,22.11439
MarkRutte_MariekeElsinga.mkv,00:40,neutral,21.05194,0.06319356,3.9432135,4.3846016,24.518705,0.20968528,45.828663
MarkRutte_MariekeElsinga.mkv,00:40,fear,20.11439,0.11895078,45.705788,0.70400524,15.586498,3.4303997,14.339977
MarkRutte_MariekeElsinga.mkv,00:40,fear,2.3796408,0.013431128,78.63194,15.386596,0.55862606,1.8072355,1.222523
MarkRutte_MariekeElsinga.mkv,00:40,fear,8.201804,0.0112540675,47.143707,11.812944,1.3372636,10.084463,21.408562
MarkRutte_MariekeElsinga.mkv,00:40,happy,8.828094,0.009783675,17.914953,52.42176,4.8539085,0.10491393,15.866584
MarkRutte_MariekeElsinga.mkv,00:40,happy,0.9686208,1.6854719e-07,0.00030977567,98.89882,0.049237482,1.1887361e-06,0.083002515
MarkRutte_MariekeElsinga.mkv,00:40,neutral,0.05917716,9.938016e-05,27.996517,0.51860243,4.8583913,0.17764887,66.38956
MarkRutte_MariekeElsinga.mkv,00:41,happy,0.021316336,5.865834e-09,0.00033837993,99.95981,0.0082690455,2.003071e-06,0.010273842
MarkRutte_MariekeElsinga.mkv,00:41,neutral,12.724437,0.021692066,11.751048,13.389355,19.96335,0.3907485,41.759377
MarkRutte_MariekeElsinga.mkv,00:41,fear,0.2754301,0.020483641,52.670258,36.160927,1.0666453,0.9677504,8.838513
MarkRutte_MariekeElsinga.mkv,00:41,fear,0.20891938,0.0034279274,69.36925,4.206671,8.038389,0.038337693,18.135006
MarkRutte_MariekeElsinga.mkv,00:41,happy,0.009133516,2.9937945e-07,0.050057102,99.73751,0.0044366647,0.0013691789,0.1974829
MarkRutte_MariekeElsinga.mkv,00:41,fear,0.4031632,0.02818077,74.41568,5.8101907,16.305,0.14769182,2.890091
MarkRutte_MariekeElsinga.mkv,00:41,fear,2.4748843,0.030928986,39.843143,23.436571,16.821354,0.0902764,17.302843
MarkRutte_MariekeElsinga.mkv,00:41,fear,3.6940885,0.059988566,67.23523,9.54074,3.494957,1.95917,14.015823
MarkRutte_MariekeElsinga.mkv,00:41,fear,0.61650157,0.011240783,58.87557,23.031626,8.690615,0.20625179,8.568204
MarkRutte_MariekeElsinga.mkv,00:41,happy,0.2331269,0.0018367996,2.0875442,72.13651,11.555969,0.0025056463,13.982503
MarkRutte_MariekeElsinga.mkv,00:41,happy,0.5986169,5.6533495e-06,0.12439001,99.08488,0.07439137,0.0002625852,0.11745503
MarkRutte_MariekeElsinga.mkv,00:41,neutral,0.00011994537,5.135415e-13,1.2223564,9.417536,0.41147497,0.001008474,88.9475
MarkRutte_MariekeElsinga.mkv,00:41,happy,0.0028491344,2.967036e-07,0.07079074,99.577065,0.004198102,0.0075241737,0.33757907
MarkRutte_MariekeElsinga.mkv,00:41,happy,0.014204757,1.410978e-05,0.22123179,99.55551,0.07811496,0.015718663,0.11520473
MarkRutte_MariekeElsinga.mkv,00:41,happy,1.3736758,0.022153541,2.1545537,75.17486,4.8565936,0.080033936,16.338139
MarkRutte_MariekeElsinga.mkv,00:41,happy,0.87340105,0.0013317743,1.5278366,94.92187,2.161619,0.46043178,0.053516116
MarkRutte_MariekeElsinga.mkv,00:41,happy,0.20099579,2.9069547e-06,1.4617137,97.31882,0.7666842,0.24868988,0.0030972112
MarkRutte_MariekeElsinga.mkv,00:41,happy,0.21548997,0.0007084851,0.15571815,98.32605,0.39091262,0.7402367,0.17088819
MarkRutte_MariekeElsinga.mkv,00:41,happy,0.09005078,4.671374e-05,0.11975944,98.82239,0.75869894,0.18695703,0.02210136
MarkRutte_MariekeElsinga.mkv,00:41,happy,0.03255296,4.3582863e-06,0.03630349,99.53746,0.33955848,0.029400561,0.02471756
MarkRutte_MariekeElsinga.mkv,00:41,happy,0.23455012,0.0013281839,0.47329217,96.840515,1.6162388,0.26339108,0.57068217
MarkRutte_MariekeElsinga.mkv,00:41,happy,0.88814306,0.02012545,2.2555397,87.73205,2.8406084,0.9969979,5.2665386
MarkRutte_MariekeElsinga.mkv,00:41,happy,4.2492523,0.050552115,12.611131,42.2386,15.187716,0.56208026,25.10067
MarkRutte_MariekeElsinga.mkv,00:41,happy,0.8440422,0.0041152826,2.445532,80.935135,2.3959208,0.51607907,12.859175
MarkRutte_MariekeElsinga.mkv,00:41,happy,0.52816516,0.003867715,0.99805963,84.90294,4.2897162,0.11924818,9.158009
MarkRutte_MariekeElsinga.mkv,00:42,happy,0.30781284,0.0007252294,1.9836733,92.73089,0.64083266,1.2918597,3.044205
MarkRutte_MariekeElsinga.mkv,00:42,happy,0.15553834,0.00022618074,0.36632055,94.54252,0.4428389,0.3231579,4.1694026
MarkRutte_MariekeElsinga.mkv,00:42,happy,0.21635038,0.0037407943,0.61230385,93.77443,2.6468232,0.12559089,2.6207619
MarkRutte_MariekeElsinga.mkv,00:42,happy,0.04966639,0.00041521055,0.13546665,94.58617,1.6112719,0.043375418,3.5736377
MarkRutte_MariekeElsinga.mkv,00:42,happy,1.5653741,0.014845955,3.4755754,72.339905,6.285594,0.44670463,15.871997
MarkRutte_MariekeElsinga.mkv,00:42,happy,0.25323218,0.004688789,0.7393398,91.687706,3.3650446,0.20491308,3.7450764
MarkRutte_MariekeElsinga.mkv,00:42,happy,0.40591544,0.0027686283,1.5933503,86.04844,3.5057507,0.2165113,8.227267
MarkRutte_MariekeElsinga.mkv,00:42,happy,0.24903356,0.0014027542,0.50734514,89.77409,3.3546472,0.10103101,6.012453
MarkRutte_MariekeElsinga.mkv,00:42,happy,0.17156756,0.001094722,0.4022438,92.18155,2.635498,0.0999074,4.508148
MarkRutte_MariekeElsinga.mkv,00:42,happy,0.0099098105,1.9388473e-05,0.055220485,99.12497,0.527319,0.050401006,0.23216563
MarkRutte_MariekeElsinga.mkv,00:42,happy,0.09026916,0.00075967074,0.29777363,95.56951,2.0134363,0.10231684,1.9259347
MarkRutte_MariekeElsinga.mkv,00:42,happy,0.2168758,0.00235576,1.1851767,92.28728,3.4113343,0.19062117,2.7063544
MarkRutte_MariekeElsinga.mkv,00:42,happy,0.20277444,0.00054483284,0.931443,92.22851,0.6950422,0.4168032,5.524884
MarkRutte_MariekeElsinga.mkv,00:42,happy,0.13494898,0.00051480357,0.29517224,94.137955,1.1440368,0.10006931,4.1873045
MarkRutte_MariekeElsinga.mkv,00:42,happy,0.7581688,0.0010812072,3.1606982,87.95525,1.1642646,1.7731102,5.187436
MarkRutte_MariekeElsinga.mkv,00:42,happy,0.21559308,0.0009850918,0.5349527,93.13378,1.5675467,0.14089556,4.4062443
MarkRutte_MariekeElsinga.mkv,00:42,happy,0.0116539225,7.05763e-05,0.04787029,96.24317,0.3554444,0.012552736,3.3292341
MarkRutte_MariekeElsinga.mkv,00:42,happy,0.027716555,0.004830044,0.16036455,96.0387,0.4706441,0.0036657576,3.2940872
MarkRutte_MariekeElsinga.mkv,00:42,happy,4.207641,1.4563124,5.427814,75.43479,7.965624,0.320437,5.187388
MarkRutte_MariekeElsinga.mkv,00:42,happy,3.5105462,0.042230576,19.656286,59.346695,9.136445,0.6627497,7.6450477
MarkRutte_MariekeElsinga.mkv,00:42,happy,0.13094564,0.00031047547,2.8491938,73.48059,3.237773,5.8648343,14.4363575
MarkRutte_MariekeElsinga.mkv,00:42,happy,0.07678423,0.00031512513,3.0049646,94.77977,0.19396949,0.5209898,1.4232084
MarkRutte_MariekeElsinga.mkv,00:42,happy,0.13919902,0.0011891489,1.1694996,98.43516,0.016194522,0.16887036,0.069880344
MarkRutte_MariekeElsinga.mkv,00:42,happy,0.10191339,1.4098335e-06,17.891087,71.56037,9.601623,0.3196589,0.52534336
MarkRutte_MariekeElsinga.mkv,00:42,happy,0.065410905,3.3236483e-05,0.90142506,98.13774,0.042743642,0.6519759,0.20067377
MarkRutte_MariekeElsinga.mkv,00:43,happy,0.080503166,4.7553563e-05,0.5225404,93.00306,0.025326697,5.445855,0.92266977
MarkRutte_MariekeElsinga.mkv,00:43,happy,0.05897924,1.9973737e-05,0.4508363,90.483826,0.026238773,6.095361,2.8847377
MarkRutte_MariekeElsinga.mkv,00:43,happy,0.96972305,0.0029384082,2.9296014,80.297195,0.55555004,3.3125715,11.932422
MarkRutte_MariekeElsinga.mkv,00:43,neutral,2.6697073,0.11323704,3.7868376,1.3305401,33.26246,0.676297,58.16092
MarkRutte_MariekeElsinga.mkv,00:43,neutral,4.150967,0.06464654,3.9564292,0.78610396,13.156531,0.594348,77.29097
MarkRutte_MariekeElsinga.mkv,00:43,fear,5.5503674,0.077264994,36.649044,20.618134,25.6319,1.1332488,10.34004
MarkRutte_MariekeElsinga.mkv,00:43,angry,27.190123,0.28819722,24.984205,11.312701,20.525658,1.3558719,14.343243
MarkRutte_MariekeElsinga.mkv,00:43,happy,1.3391877,0.062837794,24.502634,61.587944,7.2884846,0.8102224,4.4086795
MarkRutte_MariekeElsinga.mkv,00:43,happy,0.20360476,0.008149631,18.520325,77.2955,1.4642334,0.8376875,1.6704967
MarkRutte_MariekeElsinga.mkv,00:43,happy,0.13272184,0.0056363707,13.135582,83.55916,1.3781022,0.6119414,1.1768628
MarkRutte_MariekeElsinga.mkv,00:43,fear,3.0525637,0.089939944,52.687138,35.025906,7.2126374,0.7989049,1.1329039
MarkRutte_MariekeElsinga.mkv,00:43,fear,5.970562,0.74540085,57.66305,28.524847,4.979392,1.0809436,1.0358049
MarkRutte_MariekeElsinga.mkv,00:43,sad,1.7177615,0.06954932,28.317955,30.36267,36.443672,0.11121101,2.9771783
MarkRutte_MariekeElsinga.mkv,00:43,happy,2.7217205,0.16630444,34.823273,37.80604,22.038273,0.6130568,1.8313259
MarkRutte_MariekeElsinga.mkv,00:43,happy,2.0709212,0.13950789,21.235064,65.098114,8.232176,1.0243993,2.1998181
MarkRutte_MariekeElsinga.mkv,00:43,fear,1.5309567,0.007446896,42.277004,22.427969,30.893328,0.1891582,2.6741352
MarkRutte_MariekeElsinga.mkv,00:43,neutral,0.6847368,0.038327884,23.940973,27.682068,16.895838,0.06712965,30.690935
MarkRutte_MariekeElsinga.mkv,00:43,neutral,2.6923823,0.14326502,15.029347,11.297788,23.87057,0.17581955,46.79083
MarkRutte_MariekeElsinga.mkv,00:43,neutral,0.36979234,0.120848835,8.671619,27.59324,12.924642,0.039181918,50.280678
MarkRutte_MariekeElsinga.mkv,00:43,happy,0.1599628,0.064960204,4.5954924,63.56755,4.49022,0.032909162,27.088913
MarkRutte_MariekeElsinga.mkv,00:43,happy,0.67905474,0.20600446,9.534561,66.82835,7.7796726,0.3783979,14.593955
MarkRutte_MariekeElsinga.mkv,00:43,happy,0.2550991,0.006009026,1.655274,89.762085,1.578488,0.24067497,6.5023723
MarkRutte_MariekeElsinga.mkv,00:43,happy,0.02028582,3.1452768e-05,1.3443679,90.55016,2.2980273,0.1015192,5.6856117
MarkRutte_MariekeElsinga.mkv,00:43,happy,0.025471725,6.2020095e-05,0.9831601,54.67043,3.5794523,0.26031864,40.481106
MarkRutte_MariekeElsinga.mkv,00:43,neutral,0.021065304,9.333796e-06,1.7390078,29.016178,5.281439,0.089147806,63.853157
MarkRutte_MariekeElsinga.mkv,00:44,happy,0.004722138,4.9694677e-07,2.9612036,48.31314,4.43856,0.1760889,44.10628
MarkRutte_MariekeElsinga.mkv,00:44,happy,0.0145221725,8.320059e-06,3.4761748,53.321075,6.142123,0.32271886,36.72338
MarkRutte_MariekeElsinga.mkv,00:44,happy,0.11533459,0.0007471058,7.1842103,77.189896,7.675265,0.45635012,7.3781977
MarkRutte_MariekeElsinga.mkv,00:44,happy,0.17640801,0.0032809544,4.058287,79.548,7.9273143,0.16421127,8.122503
MarkRutte_MariekeElsinga.mkv,00:44,happy,0.12010058,0.0016001493,1.1680373,93.006645,3.3135605,0.11988784,2.2701678
MarkRutte_MariekeElsinga.mkv,00:44,happy,0.042236153,0.00020673472,0.89183056,97.536674,0.87334627,0.17718369,0.47853127
MarkRutte_MariekeElsinga.mkv,00:44,happy,0.0154363485,4.328836e-05,0.44641295,98.98029,0.15067631,0.19002475,0.21711576
MarkRutte_MariekeElsinga.mkv,00:44,happy,0.004216531,1.2162812e-05,0.2137802,98.973885,0.2862614,0.066691995,0.4551545
MarkRutte_MariekeElsinga.mkv,00:44,happy,0.02387929,0.000167691,0.34590444,95.15681,0.60138565,0.13102703,3.7408245
MarkRutte_MariekeElsinga.mkv,00:44,happy,0.020469112,1.7561499e-05,0.29283416,98.26202,0.10227443,0.5356087,0.7867805
MarkRutte_MariekeElsinga.mkv,00:44,happy,0.028103607,3.1720698e-05,0.67876154,97.42628,0.120224595,0.9989321,0.7476731
MarkRutte_MariekeElsinga.mkv,00:44,happy,0.05917765,8.72976e-05,0.95925593,96.7178,0.1900975,0.9281852,1.1454046
MarkRutte_MariekeElsinga.mkv,00:44,happy,1.0617679,0.009753086,5.9682717,74.14205,1.9648674,2.4372268,14.416064
MarkRutte_MariekeElsinga.mkv,00:44,happy,0.15057595,3.980616e-05,8.937637,79.94318,0.18387333,6.667872,4.116827
MarkRutte_MariekeElsinga.mkv,00:44,neutral,0.16691208,0.00027820616,7.612408,40.795025,1.9206611,0.80725884,48.697453
MarkRutte_MariekeElsinga.mkv,00:44,happy,0.56769603,0.0071204226,17.802984,39.538403,6.5383105,0.39700913,35.14847
MarkRutte_MariekeElsinga.mkv,00:44,neutral,0.27625048,0.0012315065,8.134171,0.07281844,19.824278,0.0024683706,71.68878
MarkRutte_MariekeElsinga.mkv,00:44,neutral,0.07302241,6.805972e-05,4.5664806,0.13545875,19.724882,0.004522661,75.49557
MarkRutte_MariekeElsinga.mkv,00:44,sad,0.8998026,0.0013057205,5.113102,0.03818245,81.12289,0.0020779965,12.822646
MarkRutte_MariekeElsinga.mkv,00:44,sad,0.8838479,4.8110232e-05,1.0659753,5.1783067e-05,93.45503,2.9291301e-05,4.595019
MarkRutte_MariekeElsinga.mkv,00:44,sad,1.1645204,3.8198427e-06,0.22109316,0.00028991816,69.89876,3.0726467e-05,28.715313
MarkRutte_MariekeElsinga.mkv,00:44,sad,2.799923,0.00015111103,0.8483832,0.00016815875,87.05719,7.432758e-05,9.294107
MarkRutte_MariekeElsinga.mkv,00:44,sad,4.10739,0.0002188574,2.2120914,0.00020825403,92.26372,0.00047895213,1.4158939
MarkRutte_MariekeElsinga.mkv,00:44,sad,9.195658,0.0009406958,2.859624,9.887195e-05,86.47741,5.368331e-05,1.4662226
MarkRutte_MariekeElsinga.mkv,00:44,sad,39.613045,0.06236665,18.166647,0.00034353868,41.782673,0.0025066005,0.37241837
MarkRutte_MariekeElsinga.mkv,00:45,angry,43.8297,0.05145127,22.110094,0.001971765,33.794052,0.03965675,0.17308047
MarkRutte_MariekeElsinga.mkv,00:45,angry,43.90875,0.02611782,18.395004,0.0049726474,36.88505,0.073718846,0.70638514
MarkRutte_MariekeElsinga.mkv,00:45,sad,17.115387,0.005262268,14.945336,0.008857126,66.51515,0.09915573,1.3108581
MarkRutte_MariekeElsinga.mkv,00:45,sad,15.326549,0.00433485,15.402341,0.028095115,67.56778,0.121198334,1.5496914
MarkRutte_MariekeElsinga.mkv,00:45,sad,12.578417,0.0008994305,10.89054,0.016652746,74.90621,0.595553,1.0117321
MarkRutte_MariekeElsinga.mkv,00:45,sad,15.172991,0.006773364,18.905283,0.19071984,63.05419,0.47587585,2.1941597
MarkRutte_MariekeElsinga.mkv,00:45,sad,10.853854,0.0033874302,17.489546,0.15126096,68.599434,0.45119262,2.4513242
MarkRutte_MariekeElsinga.mkv,00:45,sad,8.687629,0.0025964524,14.183419,0.011587898,74.800415,0.030047262,2.284301
MarkRutte_MariekeElsinga.mkv,00:45,sad,8.586894,0.0127119385,9.904203,0.0005686992,78.688286,0.00096517924,2.8063712
MarkRutte_MariekeElsinga.mkv,00:45,sad,10.877892,0.022289544,19.23771,0.0010184767,66.54489,0.0018499617,3.3143516
MarkRutte_MariekeElsinga.mkv,00:45,sad,13.069125,0.0035777905,13.335477,0.00015421209,71.409424,0.0017374662,2.1805058
MarkRutte_MariekeElsinga.mkv,00:45,sad,16.145567,0.014618124,21.322886,0.0004997526,61.018997,0.0027686448,1.4946561
MarkRutte_MariekeElsinga.mkv,00:45,sad,17.725248,0.068845406,27.398554,0.0013947869,52.843224,0.0050764866,1.9576576
MarkRutte_MariekeElsinga.mkv,00:45,sad,14.640179,0.06554943,26.588018,0.009512411,54.5803,0.0081020165,4.1083484
MarkRutte_MariekeElsinga.mkv,00:45,fear,12.168278,0.080755115,44.0627,0.07443754,37.308323,0.07296395,6.2325463
MarkRutte_MariekeElsinga.mkv,00:45,neutral,3.970449e-06,4.897035e-07,0.016333481,38.987717,1.4561933,1.3213555e-05,59.539745
MarkRutte_MariekeElsinga.mkv,00:45,sad,11.411906,0.010023897,18.386547,0.004848182,61.783886,0.0031811593,8.399608
MarkRutte_MariekeElsinga.mkv,00:45,sad,9.442343,0.0076844958,19.345842,0.0055971458,60.616394,0.002301364,10.579841
MarkRutte_MariekeElsinga.mkv,00:45,sad,7.003865,0.0007270525,18.148924,0.00026269487,70.46475,0.0008182348,4.3806505
MarkRutte_MariekeElsinga.mkv,00:45,sad,12.518824,0.0013039864,23.253826,0.003022407,56.37045,0.00475098,7.847826
MarkRutte_MariekeElsinga.mkv,00:45,sad,16.083435,0.004379071,17.781982,0.010540118,56.67058,0.010409726,9.438667
MarkRutte_MariekeElsinga.mkv,00:45,sad,23.32566,0.0010306643,21.44477,0.01080691,48.90812,0.030696826,6.278913
MarkRutte_MariekeElsinga.mkv,00:45,sad,20.141703,5.2915533e-05,23.621807,0.0006083984,55.028862,0.030582942,1.1763793
MarkRutte_MariekeElsinga.mkv,00:45,sad,15.977003,5.103903e-05,24.589481,0.0006293766,58.014835,0.018072778,1.3999325
MarkRutte_MariekeElsinga.mkv,00:45,sad,16.828249,0.0019370007,23.75189,0.0015798834,58.011333,0.05828336,1.3467288
MarkRutte_MariekeElsinga.mkv,00:46,sad,14.351236,0.00025234706,18.49922,0.00077837193,64.42714,0.005494975,2.7158692
MarkRutte_MariekeElsinga.mkv,00:46,sad,19.552055,0.0069565806,18.58103,0.019311069,50.68077,0.024162767,11.135703
MarkRutte_MariekeElsinga.mkv,00:46,happy,2.667408e-05,2.7333397e-07,0.00025512942,94.58399,0.021212706,0.00027535105,5.394243
MarkRutte_MariekeElsinga.mkv,00:46,sad,13.24156,0.020833028,17.321018,0.013917608,57.29774,0.005613957,12.099322
MarkRutte_MariekeElsinga.mkv,00:46,sad,12.322555,0.10843322,32.98233,0.17805624,38.319748,0.06140067,16.02749
MarkRutte_MariekeElsinga.mkv,00:46,neutral,2.0562404e-05,9.768382e-18,0.40477082,0.0043008532,0.23032492,2.335307e-05,99.360565
MarkRutte_MariekeElsinga.mkv,00:46,neutral,1.4655911e-05,2.5567973e-18,0.37747574,0.0024619894,0.27410987,1.4879712e-05,99.345924
MarkRutte_MariekeElsinga.mkv,00:46,neutral,3.3287287,9.178616e-05,4.385932,9.682094,7.7945495,0.13607633,74.67253
MarkRutte_MariekeElsinga.mkv,00:46,neutral,1.2653339e-05,1.4829287e-18,0.34894687,0.001205524,0.24225618,9.551188e-06,99.40757
MarkRutte_MariekeElsinga.mkv,00:46,neutral,1.0765137e-05,1.0910383e-18,0.32507575,0.0011506026,0.2275546,8.90635e-06,99.446205
MarkRutte_MariekeElsinga.mkv,00:46,neutral,6.965352e-06,8.2223826e-19,0.19278756,0.0016570906,0.14351365,1.180083e-05,99.66202
MarkRutte_MariekeElsinga.mkv,00:46,neutral,1.1131897,1.8899811e-05,0.8194348,3.3744192,7.1296315,0.04125792,87.52205
MarkRutte_MariekeElsinga.mkv,00:46,neutral,1.7521616,0.00035129758,0.93915564,2.6771793,6.8779325,0.015697373,87.73752
MarkRutte_MariekeElsinga.mkv,00:46,neutral,3.213005,8.136251e-05,0.5400084,1.3043174,12.144588,0.00960832,82.78839
MarkRutte_MariekeElsinga.mkv,00:46,neutral,5.9570966,0.00039073397,1.8445697,0.8310849,15.072688,0.017674975,76.27649
MarkRutte_MariekeElsinga.mkv,00:46,neutral,2.2176497e-05,4.9859693e-18,0.43502432,0.0025222974,0.27114657,1.6743243e-05,99.291275
MarkRutte_MariekeElsinga.mkv,00:46,neutral,2.7291062,1.7533101e-07,0.018351497,0.018210195,3.9493837,6.734268e-06,93.28495
MarkRutte_MariekeElsinga.mkv,00:46,sad,0.0019527918,4.4499575e-06,1.7786487,23.441986,60.80386,0.00012646617,13.97343
MarkRutte_MariekeElsinga.mkv,00:46,fear,6.960111,0.0059805345,36.60118,20.444881,14.961057,1.1914079,19.835382
MarkRutte_MariekeElsinga.mkv,00:46,neutral,5.130229,3.948233e-05,2.2490678,28.191418,2.9714155,0.06876288,61.389072
MarkRutte_MariekeElsinga.mkv,00:46,neutral,0.0011667527,9.749447e-21,0.0002653,1.8185506e-10,0.4764949,3.939975e-13,99.52207
MarkRutte_MariekeElsinga.mkv,00:46,neutral,1.2747004,1.0137726e-06,0.16912897,0.0041670664,10.781749,5.7140234e-05,87.7702
MarkRutte_MariekeElsinga.mkv,00:46,neutral,6.056784,4.1879906e-05,0.933173,0.0063707093,34.966427,1.8706325e-05,58.037186
MarkRutte_MariekeElsinga.mkv,00:46,sad,10.908894,0.0023597134,7.2911353,0.035533268,79.132484,0.002470005,2.6271284
MarkRutte_MariekeElsinga.mkv,00:46,sad,11.334359,0.009054856,5.6072087,0.49304467,50.70675,0.010447539,31.839134
MarkRutte_MariekeElsinga.mkv,00:47,fear,10.516949,0.18863554,65.20647,0.023043057,23.615196,0.15685843,0.29285985
MarkRutte_MariekeElsinga.mkv,00:47,fear,4.6614866,0.03176317,65.79223,0.0221268,26.464285,0.92655146,2.1015544
MarkRutte_MariekeElsinga.mkv,00:47,sad,17.288313,0.18410815,15.927692,0.009689646,51.36135,12.698833,2.5300226
MarkRutte_MariekeElsinga.mkv,00:47,neutral,33.38974,0.0039470843,2.8397539,4.9234333,19.347918,0.06510923,39.430103
MarkRutte_MariekeElsinga.mkv,00:47,angry,40.332726,0.0012844859,5.33747,14.086125,3.534449,0.24752009,36.460423
MarkRutte_MariekeElsinga.mkv,00:47,neutral,26.23993,0.00023282022,1.1570781,13.582024,4.3793473,0.036101203,54.605286
MarkRutte_MariekeElsinga.mkv,00:47,neutral,20.077473,0.0012053171,2.0715232,7.8695273,6.840615,0.057425816,63.08223
MarkRutte_MariekeElsinga.mkv,00:47,sad,26.017317,0.031380124,12.06109,0.12981959,33.478565,23.87634,4.40549
MarkRutte_MariekeElsinga.mkv,00:47,angry,46.53031,1.2230796,33.679222,0.03868107,18.30458,0.11928486,0.104840256
MarkRutte_MariekeElsinga.mkv,00:47,fear,31.937323,0.47340402,34.48505,0.07720046,31.779707,0.5822589,0.6650594
MarkRutte_MariekeElsinga.mkv,00:47,sad,16.723146,0.7550249,36.445293,0.03916769,45.61426,0.08824868,0.33486333
MarkRutte_MariekeElsinga.mkv,00:47,neutral,17.676956,0.072972365,33.31909,10.309824,3.3519793,0.4079601,34.861214
MarkRutte_MariekeElsinga.mkv,00:47,neutral,14.729829,0.13062494,14.20635,13.956888,5.355693,0.16598427,51.45463
MarkRutte_MariekeElsinga.mkv,00:47,angry,48.875305,0.24831557,20.68811,4.824443,3.1885414,0.23716445,21.938124
MarkRutte_MariekeElsinga.mkv,00:47,neutral,12.172469,0.019289104,11.188817,12.332959,6.6300035,0.14143574,57.515026
MarkRutte_MariekeElsinga.mkv,00:47,fear,21.20134,0.32676557,29.510666,16.708023,3.4305449,0.7213367,28.101326
MarkRutte_MariekeElsinga.mkv,00:47,angry,40.067955,0.19575825,21.426891,13.586643,6.387064,0.3664362,17.96925
MarkRutte_MariekeElsinga.mkv,00:47,happy,27.28284,0.0048993053,1.70726,58.051838,1.9357164,0.054557722,10.962894
MarkRutte_MariekeElsinga.mkv,00:47,happy,12.095273,0.0074935555,0.36990312,73.112274,1.2587774,0.015313074,13.14097
MarkRutte_MariekeElsinga.mkv,00:47,happy,6.127067,0.0013247035,3.5450711,65.3637,2.0164607,0.80636835,22.140009
MarkRutte_MariekeElsinga.mkv,00:47,happy,6.36196,0.0052164798,0.88521725,48.365993,3.573468,0.35390007,40.454243
MarkRutte_MariekeElsinga.mkv,00:47,happy,10.218751,0.018700449,11.414976,34.693836,8.912343,0.7352708,34.006123
MarkRutte_MariekeElsinga.mkv,00:47,neutral,1.3884574,0.0005846954,1.0140595,46.114952,2.2558708,0.19705054,49.029022
MarkRutte_MariekeElsinga.mkv,00:48,happy,0.819449,0.00027173883,0.31706944,64.65971,0.8058938,0.20010825,33.197487
MarkRutte_MariekeElsinga.mkv,00:48,happy,0.5070576,0.00036311854,0.29167253,66.085434,0.7339458,0.1457238,32.235806
MarkRutte_MariekeElsinga.mkv,00:48,happy,0.18118833,0.00029601227,0.13359384,56.937054,1.0091153,0.14461116,41.594147
MarkRutte_MariekeElsinga.mkv,00:48,neutral,0.109971896,6.0516213e-05,0.21393232,42.294746,0.83835727,0.11559276,56.42734
MarkRutte_MariekeElsinga.mkv,00:48,happy,0.05565216,5.337969e-05,0.20823772,55.84955,0.7312446,0.10601349,43.04926
MarkRutte_MariekeElsinga.mkv,00:48,neutral,0.11092867,0.00018986285,1.8045837,43.340057,1.9549539,0.2917968,52.49749
MarkRutte_MariekeElsinga.mkv,00:48,neutral,0.48100087,0.0007851453,5.164677,24.198542,3.3324678,0.47000414,66.35252
MarkRutte_MariekeElsinga.mkv,00:48,neutral,0.32136336,0.001731124,5.289189,11.359246,4.9248023,0.3289432,77.77473
MarkRutte_MariekeElsinga.mkv,00:48,neutral,0.3516615,0.0001678513,8.451166,24.826143,2.1331637,0.5005053,63.73719
MarkRutte_MariekeElsinga.mkv,00:48,neutral,0.22026914,0.0006598942,4.430587,17.91968,2.3348088,0.41947472,74.67452
MarkRutte_MariekeElsinga.mkv,00:48,fear,0.8133512,0.0032492015,54.559284,2.9962835,9.709622,0.49078348,31.427427
MarkRutte_MariekeElsinga.mkv,00:48,fear,0.45781383,0.0008551428,50.843304,2.1939385,5.619859,0.49410307,40.390125
MarkRutte_MariekeElsinga.mkv,00:48,neutral,0.30867174,2.6884776e-05,24.553299,5.068374,1.3321637,0.65962106,68.07784
MarkRutte_MariekeElsinga.mkv,00:48,neutral,0.16910155,5.9714956e-05,4.555355,13.104385,1.4241875,0.39639628,80.35051
MarkRutte_MariekeElsinga.mkv,00:48,neutral,3.5360546,2.833772e-07,1.4394833,0.3622778,1.4291054,0.0008949507,93.232185
MarkRutte_MariekeElsinga.mkv,00:48,neutral,1.7005361,2.0456085e-07,0.52761006,0.64934003,0.97641426,0.0010842774,96.14502
MarkRutte_MariekeElsinga.mkv,00:48,neutral,4.6205187,8.22234e-07,1.3510617,1.492193,1.4586928,0.004242776,91.073296
MarkRutte_MariekeElsinga.mkv,00:49,neutral,8.215183,6.0564016e-06,2.45291,1.8701432,2.7956924,0.0051483694,84.66092
MarkRutte_MariekeElsinga.mkv,00:49,neutral,16.039427,8.535783e-05,5.8782773,3.7971883,5.6159286,0.031445354,68.63766
MarkRutte_MariekeElsinga.mkv,00:49,neutral,22.898085,0.0043256087,14.397878,2.7859223,13.941875,0.091037616,45.880875
MarkRutte_MariekeElsinga.mkv,00:49,neutral,26.653624,0.0004398462,17.623924,2.864469,8.292767,0.28408858,44.28069
MarkRutte_MariekeElsinga.mkv,00:49,neutral,21.220407,0.0030134455,14.14128,4.843512,11.2007885,0.13467094,48.456333
MarkRutte_MariekeElsinga.mkv,00:49,neutral,10.837179,0.00027147905,6.6691065,10.126118,5.493852,0.2022633,66.67121
MarkRutte_MariekeElsinga.mkv,00:49,neutral,26.152554,0.001887968,7.507128,10.659772,8.774231,0.4979371,46.40649
MarkRutte_MariekeElsinga.mkv,00:49,neutral,25.621925,0.0035445488,15.969335,12.540332,9.328434,0.81604314,35.720394
MarkRutte_MariekeElsinga.mkv,00:49,neutral,24.686632,0.004506077,16.727055,8.25894,10.870608,0.63924766,38.81301
MarkRutte_MariekeElsinga.mkv,00:49,neutral,13.503115,0.0025125565,8.683817,16.67158,7.5252275,0.53622967,53.077522
MarkRutte_MariekeElsinga.mkv,00:49,neutral,7.453634,0.00062290416,8.226046,11.550082,5.816536,0.38570777,66.56737
MarkRutte_MariekeElsinga.mkv,00:49,neutral,17.958586,0.0015194532,10.866124,11.4348545,15.446437,0.26341265,44.029068
MarkRutte_MariekeElsinga.mkv,00:49,angry,33.23852,0.007974381,12.292966,10.592151,16.627697,0.24582082,26.994873
MarkRutte_MariekeElsinga.mkv,00:49,neutral,27.810692,0.0007511754,8.252559,8.312414,8.992258,0.1018894,46.529434
MarkRutte_MariekeElsinga.mkv,00:49,neutral,13.833189,6.0738384e-05,5.155613,3.644029,4.2356606,0.030402085,73.10104
MarkRutte_MariekeElsinga.mkv,00:49,neutral,9.177063,3.297578e-05,2.515624,4.452748,3.3292997,0.01869731,80.50653
MarkRutte_MariekeElsinga.mkv,00:49,neutral,20.747734,8.2019906e-05,9.0107155,5.394201,4.4116626,0.07602996,60.35958
MarkRutte_MariekeElsinga.mkv,00:49,neutral,19.326439,0.00040851036,8.690607,8.151186,5.1044807,0.16219488,58.564686
MarkRutte_MariekeElsinga.mkv,00:49,neutral,26.06687,0.0021615655,17.19864,8.8985,8.165416,0.35005775,39.318348
MarkRutte_MariekeElsinga.mkv,00:49,angry,28.975014,0.0025767372,22.8239,9.860764,9.355665,0.38097757,28.60111
MarkRutte_MariekeElsinga.mkv,00:49,neutral,26.742317,0.0005742533,19.018536,6.6029353,7.358989,0.29193282,39.984715
MarkRutte_MariekeElsinga.mkv,00:49,neutral,30.609072,0.0077427,18.277296,3.1960375,16.064589,0.15516816,31.690098
MarkRutte_MariekeElsinga.mkv,00:49,neutral,24.954256,0.016923329,19.688171,1.0253502,21.427504,0.07522795,32.81257
MarkRutte_MariekeElsinga.mkv,00:49,angry,30.48769,0.01452072,19.575928,0.6736167,20.176598,0.082823046,28.988832
MarkRutte_MariekeElsinga.mkv,00:49,neutral,16.432552,0.0016387778,15.86513,1.1641513,15.479671,0.07765054,50.97921
MarkRutte_MariekeElsinga.mkv,00:50,neutral,10.143578,0.00051616196,7.8886056,5.0472217,9.33701,0.0794624,67.50361
MarkRutte_MariekeElsinga.mkv,00:50,neutral,8.838323,7.5869284e-05,7.677256,0.5776625,6.4198947,0.017410815,76.46938
MarkRutte_MariekeElsinga.mkv,00:50,neutral,6.88278,3.8111195e-06,2.6528971,0.8288339,5.134887,0.0043138117,84.496284
MarkRutte_MariekeElsinga.mkv,00:50,neutral,24.003393,0.0009395313,5.7368984,0.6953289,12.573646,0.0028314842,56.986958
MarkRutte_MariekeElsinga.mkv,00:50,neutral,1.3959585,2.3570055e-06,1.4974813,0.20109987,2.291702,0.001822902,94.61193
MarkRutte_MariekeElsinga.mkv,00:50,neutral,4.272423,0.00014207688,1.7841766,0.33111984,4.616145,0.004166431,88.99184
MarkRutte_MariekeElsinga.mkv,00:50,neutral,2.1441295,6.414677e-06,1.0061268,0.42282623,4.400193,0.001996548,92.02471
MarkRutte_MariekeElsinga.mkv,00:50,neutral,0.50028783,3.0032464e-07,0.21701469,0.1490399,0.4420659,0.000412664,98.69118
MarkRutte_MariekeElsinga.mkv,00:50,neutral,0.6011142,8.954896e-08,0.7604171,0.048917964,0.9031046,0.0007048427,97.685745
MarkRutte_MariekeElsinga.mkv,00:50,neutral,1.3321472,3.922097e-07,0.98182094,0.07514343,1.0626321,0.00055430125,96.54771
MarkRutte_MariekeElsinga.mkv,00:50,neutral,10.70961,0.00010072242,2.1166487,0.55661273,4.0907784,0.004006943,82.52224
MarkRutte_MariekeElsinga.mkv,00:50,neutral,0.8845179,2.2188754e-06,0.73626506,0.17851955,0.88285726,0.0018345673,97.316
MarkRutte_MariekeElsinga.mkv,00:50,neutral,9.673495,2.2299657e-05,10.371948,0.15415551,7.545254,0.027305052,72.22782
MarkRutte_MariekeElsinga.mkv,00:50,neutral,0.47501376,6.334497e-07,0.36308917,0.42572972,0.79574615,0.0012372474,97.939186
MarkRutte_MariekeElsinga.mkv,00:50,neutral,0.6502145,1.2745697e-06,0.4387262,0.5226216,1.0275805,0.0023120977,97.35855
MarkRutte_MariekeElsinga.mkv,00:50,neutral,0.32170668,1.0475485e-06,0.27386135,0.8834537,1.2854806,0.0020888005,97.233406
MarkRutte_MariekeElsinga.mkv,00:50,neutral,0.021603221,2.8898405e-08,0.100143425,0.44962996,0.35382414,0.001119981,99.07368
MarkRutte_MariekeElsinga.mkv,00:50,neutral,0.12721442,2.867296e-07,0.286806,0.21871918,0.88048947,0.0011833014,98.48558
MarkRutte_MariekeElsinga.mkv,00:50,neutral,0.4746529,1.0329906e-05,2.0055835,0.27622738,3.580374,0.003049311,93.6601
MarkRutte_MariekeElsinga.mkv,00:50,neutral,0.09887421,2.790212e-07,0.75594324,0.055889186,1.5392749,0.0017806338,97.54823
MarkRutte_MariekeElsinga.mkv,00:50,neutral,0.11748478,1.8976781e-08,0.21107778,0.0030559872,0.88466924,4.0302686e-05,98.783676
MarkRutte_MariekeElsinga.mkv,00:50,neutral,0.16928826,7.98604e-09,0.031206798,0.002745995,0.24970475,7.527884e-05,99.54698
MarkRutte_MariekeElsinga.mkv,00:50,neutral,2.1247559,5.9847953e-06,1.0773375,0.010611159,5.7049227,8.25104e-05,91.08228
MarkRutte_MariekeElsinga.mkv,00:50,neutral,3.1922436,8.8559665e-07,0.33486962,0.0029802995,3.9836576,7.1205504e-05,92.48618
MarkRutte_MariekeElsinga.mkv,00:50,angry,62.138535,3.2886608e-06,1.6890068,0.03523198,14.777615,0.00026520816,21.359344
MarkRutte_MariekeElsinga.mkv,00:51,angry,72.82055,0.00023258009,4.612455,0.028684694,20.174782,8.424506e-05,2.363222
MarkRutte_MariekeElsinga.mkv,00:51,angry,64.24734,0.00031528392,6.0383472,0.048621047,28.858444,0.0001285767,0.8068109
MarkRutte_MariekeElsinga.mkv,00:51,sad,29.502604,6.060331e-05,2.5792136,0.11553193,64.88563,0.000121987934,2.91685
MarkRutte_MariekeElsinga.mkv,00:51,sad,19.689882,0.0006466169,6.446603,0.09770923,72.98826,0.00024438105,0.776656
MarkRutte_MariekeElsinga.mkv,00:51,sad,28.088486,5.600069e-05,1.7321849,0.06977276,66.65639,7.235611e-05,3.4530394
MarkRutte_MariekeElsinga.mkv,00:51,angry,55.219536,6.136641e-05,1.2407196,0.3603553,35.532578,0.00012460026,7.6466312
MarkRutte_MariekeElsinga.mkv,00:51,neutral,10.771691,9.199088e-06,3.0423062,0.2070818,39.856903,0.0007573866,46.12125
MarkRutte_MariekeElsinga.mkv,00:51,sad,33.370056,1.411598e-05,1.588797,0.5975382,41.226772,0.00032546642,23.216496
MarkRutte_MariekeElsinga.mkv,00:51,sad,17.95351,0.00010667572,3.522864,0.51231414,43.364807,0.0004240502,34.645977
MarkRutte_MariekeElsinga.mkv,00:51,neutral,5.6691613,6.943396e-06,1.7564797,0.48070395,19.811478,0.0018319302,72.28034
MarkRutte_MariekeElsinga.mkv,00:51,sad,6.234088,0.0009726529,12.928303,1.001219,41.357723,0.0058184285,38.471874
MarkRutte_MariekeElsinga.mkv,00:51,neutral,0.9411638,6.0264294e-05,5.081116,0.27223283,7.7898684,0.0024856438,85.91308
MarkRutte_MariekeElsinga.mkv,00:51,neutral,0.34760156,7.269665e-06,1.7306265,0.17950869,3.4580123,0.0012523606,94.283
MarkRutte_MariekeElsinga.mkv,00:51,neutral,0.2135964,2.3521845e-06,0.6446806,0.13649328,2.314522,0.0007701955,96.68993
MarkRutte_MariekeElsinga.mkv,00:51,neutral,0.27887902,2.4365568e-06,0.7921999,0.08803254,3.0390372,0.00029306687,95.80156
MarkRutte_MatthijsNieuwkerk.mp4,00:00,fear,30.241482,0.01757528,40.078045,0.4085047,25.027063,1.5521308,2.6752043
MarkRutte_MatthijsNieuwkerk.mp4,00:00,happy,0.012299136,0.000115864204,4.2583262e-05,99.604294,0.07429906,0.00031935284,0.30862972
MarkRutte_MatthijsNieuwkerk.mp4,00:00,happy,16.404034,0.20412473,0.02268373,62.552395,13.365919,0.051905375,7.398941
MarkRutte_MatthijsNieuwkerk.mp4,00:00,angry,61.44874,0.0003975353,22.255714,7.356729,0.41827857,7.744085,0.7760495
MarkRutte_MatthijsNieuwkerk.mp4,00:00,angry,42.16837,0.0006339969,27.3065,19.76188,6.034084,3.7907846,0.9377453
MarkRutte_MatthijsNieuwkerk.mp4,00:00,angry,84.69767,0.0058082584,4.8683944,1.9754081,7.882293,0.24079111,0.32964262
MarkRutte_MatthijsNieuwkerk.mp4,00:00,angry,95.13014,0.38023737,0.11728774,3.6087592,0.66864234,0.044973828,0.049960047
MarkRutte_MatthijsNieuwkerk.mp4,00:00,angry,74.98953,0.6303364,0.35669497,17.168556,5.2768283,0.16392584,1.4141343
MarkRutte_MatthijsNieuwkerk.mp4,00:00,fear,12.512827,0.0013784011,49.132637,0.038745668,37.81218,0.10664396,0.39557984
MarkRutte_MatthijsNieuwkerk.mp4,00:00,fear,9.685678,0.02479841,56.35807,0.023076126,32.916294,0.4711763,0.5209061
MarkRutte_MatthijsNieuwkerk.mp4,00:01,sad,21.013502,2.990962e-07,17.095617,0.002079356,42.329884,1.1280622e-07,19.558916
MarkRutte_MatthijsNieuwkerk.mp4,00:01,angry,93.66334,0.0011048943,0.7745733,0.0012905862,4.499736,3.0606695e-06,1.0599523
MarkRutte_MatthijsNieuwkerk.mp4,00:01,fear,18.795807,0.022488253,62.70692,0.029499473,15.411272,0.76062876,2.2733862
MarkRutte_MatthijsNieuwkerk.mp4,00:01,angry,88.3229,0.12001911,7.693068,0.069840476,3.1995037,0.0018858656,0.5927847
MarkRutte_MatthijsNieuwkerk.mp4,00:01,neutral,31.624765,0.0031957896,5.0342894,0.036088016,26.347342,0.001567018,36.952755
MarkRutte_MatthijsNieuwkerk.mp4,00:01,angry,61.975452,0.040354878,10.895789,0.11384949,8.59721,0.0023622005,18.374987
MarkRutte_MatthijsNieuwkerk.mp4,00:01,angry,78.88108,0.28448552,3.1672955,0.11098094,9.800291,0.00513811,7.7507277
MarkRutte_MatthijsNieuwkerk.mp4,00:01,angry,96.48495,0.14639899,2.1005955,0.01338498,1.0258263,0.00012566498,0.22872967
MarkRutte_MatthijsNieuwkerk.mp4,00:01,angry,93.7655,0.47905305,0.7014612,0.0014978331,3.6803517,0.00011304314,1.3720179
MarkRutte_MatthijsNieuwkerk.mp4,00:01,angry,62.671284,0.016537307,11.697983,0.011152106,21.052956,0.00042171488,4.5496707
MarkRutte_MatthijsNieuwkerk.mp4,00:01,angry,91.71534,0.0128448885,0.36401317,0.0023027111,6.0637426,0.00011012968,1.8416516
MarkRutte_MatthijsNieuwkerk.mp4,00:01,angry,42.505966,0.0011521708,3.818233,0.0077678044,36.82716,0.0005219512,16.839191
MarkRutte_MatthijsNieuwkerk.mp4,00:01,angry,89.30001,1.8088746,5.3778605,0.0045550116,3.2559257,0.004812786,0.24797006
MarkRutte_MatthijsNieuwkerk.mp4,00:01,neutral,39.24678,8.576698e-05,2.2647154,0.10800666,9.77646,0.0008752729,48.60308
MarkRutte_MatthijsNieuwkerk.mp4,00:01,neutral,15.35303,0.0002671963,12.29351,9.14977,24.032305,5.080353,34.09077
MarkRutte_MatthijsNieuwkerk.mp4,00:01,angry,45.377457,0.013001347,10.470801,0.1478306,23.979897,0.005687815,20.005325
MarkRutte_MatthijsNieuwkerk.mp4,00:01,neutral,23.562199,0.0032685818,6.8379846,0.40355444,12.325848,0.013379183,56.85377
MarkRutte_MatthijsNieuwkerk.mp4,00:01,neutral,34.569225,0.00053890917,1.2416173,0.03731773,14.270433,0.0002162655,49.880642
MarkRutte_MatthijsNieuwkerk.mp4,00:01,angry,55.408436,0.52991235,12.4081335,0.2033095,17.913124,0.1414013,13.395678
MarkRutte_MatthijsNieuwkerk.mp4,00:01,angry,56.2076,0.0014385362,3.309781,0.07521032,18.124308,0.0018358267,22.279833
MarkRutte_MatthijsNieuwkerk.mp4,00:01,angry,41.55088,0.0043901037,4.585489,0.054733306,40.398647,0.0017310234,13.404132
MarkRutte_MatthijsNieuwkerk.mp4,00:01,neutral,35.940517,3.9301467e-05,1.2420086,0.050333858,22.924372,0.00043122636,39.8423
MarkRutte_MatthijsNieuwkerk.mp4,00:01,sad,29.468315,0.0022827669,3.3336535,0.12795861,33.92243,0.0017915403,33.14357
MarkRutte_MatthijsNieuwkerk.mp4,00:01,angry,40.58812,0.0023371698,1.8378897,0.09170145,34.683548,0.0017642942,22.79464
MarkRutte_MatthijsNieuwkerk.mp4,00:01,neutral,27.0394,0.00016384471,0.5690516,0.20256849,32.429188,0.00024942128,39.75937
MarkRutte_MatthijsNieuwkerk.mp4,00:02,sad,19.85969,0.0026264153,2.895917,0.20240319,48.585037,0.0019162857,28.452412
MarkRutte_MatthijsNieuwkerk.mp4,00:02,fear,4.7023935,0.080993645,89.394554,0.82607317,4.886824,0.101821996,0.007339957
MarkRutte_MatthijsNieuwkerk.mp4,00:02,sad,19.62417,0.010172936,6.029895,0.75969523,57.10235,0.011464931,16.462261
MarkRutte_MatthijsNieuwkerk.mp4,00:02,sad,12.823272,0.36019456,27.150978,1.1994257,57.41295,0.54889715,0.5042855
MarkRutte_MatthijsNieuwkerk.mp4,00:02,sad,32.20353,0.008444607,4.243121,1.0049165,42.306618,0.01108254,20.222294
MarkRutte_MatthijsNieuwkerk.mp4,00:02,sad,16.818623,0.010900022,3.6631205,0.4149051,62.573933,0.006959375,16.511566
MarkRutte_MatthijsNieuwkerk.mp4,00:02,sad,8.114363,0.0057324576,5.6538916,8.858653,64.117935,0.012172285,13.237251
MarkRutte_MatthijsNieuwkerk.mp4,00:02,sad,5.3379946,3.3206902e-07,4.793872,9.2819355e-06,85.259346,3.6751246e-06,4.608771
MarkRutte_MatthijsNieuwkerk.mp4,00:02,sad,14.530164,3.2949953e-05,2.214576,2.9591127e-05,80.463196,1.0997555e-05,2.7919943
MarkRutte_MatthijsNieuwkerk.mp4,00:02,neutral,0.43124118,6.535567e-09,0.052011732,2.8187082e-05,10.520863,7.088806e-07,88.99586
MarkRutte_MatthijsNieuwkerk.mp4,00:02,neutral,1.254687,1.3051787e-06,0.5299131,0.0002459388,44.475456,6.4757056e-05,53.739635
MarkRutte_MatthijsNieuwkerk.mp4,00:02,fear,16.991753,0.047601037,80.88725,0.30169344,1.7352469,0.012747189,0.023700055
MarkRutte_MatthijsNieuwkerk.mp4,00:02,fear,13.805713,0.25641522,67.98022,2.3060353,15.391774,0.238447,0.021404076
MarkRutte_MatthijsNieuwkerk.mp4,00:02,fear,9.731834,0.2237433,82.91204,0.505697,5.5396395,1.0546824,0.03236976
MarkRutte_MatthijsNieuwkerk.mp4,00:02,angry,35.646854,0.0014619118,31.418633,0.103487425,32.289406,0.09425725,0.44590044
MarkRutte_MatthijsNieuwkerk.mp4,00:02,fear,24.612028,0.9379579,58.26316,0.7641982,14.867909,0.52375686,0.030997552
MarkRutte_MatthijsNieuwkerk.mp4,00:02,neutral,0.008656531,1.6485359e-09,0.0006701345,0.0024885887,0.20977005,5.3345326e-07,99.77842
MarkRutte_MatthijsNieuwkerk.mp4,00:02,fear,5.644455,0.0264524,80.16785,11.5118,2.070869,0.5750917,0.0034900235
MarkRutte_MatthijsNieuwkerk.mp4,00:02,fear,4.4827065,0.013173294,83.24489,10.374668,1.6379151,0.24533588,0.001315635
MarkRutte_MatthijsNieuwkerk.mp4,00:02,fear,2.0460331,0.00035933926,78.245865,17.82,0.5816829,1.3020778,0.0039814566
MarkRutte_MatthijsNieuwkerk.mp4,00:02,fear,17.379631,0.0024442757,61.10133,0.30558798,20.85127,0.22549269,0.13424933
MarkRutte_MatthijsNieuwkerk.mp4,00:02,fear,15.763413,8.737022e-05,67.350174,1.1862563,11.263505,4.345888,0.09067409
MarkRutte_MatthijsNieuwkerk.mp4,00:02,fear,2.9938393,1.4219969e-05,63.68113,1.4262424,30.57941,0.5599991,0.7593614
MarkRutte_MatthijsNieuwkerk.mp4,00:03,surprise,4.381331,0.00010386416,5.9944944,0.5927262,0.3179606,88.69836,0.0150268385
MarkRutte_MatthijsNieuwkerk.mp4,00:03,neutral,1.0073311,0.00032959844,2.604926,0.08823482,28.250862,3.1802556e-05,68.04828
MarkRutte_MatthijsNieuwkerk.mp4,00:03,sad,0.3561488,0.00022588689,5.344098,0.4825937,85.63356,5.539676e-06,8.183362
MarkRutte_MatthijsNieuwkerk.mp4,00:03,neutral,0.06111131,2.4227035e-07,0.3335331,0.21112856,2.4536068,0.00057121605,96.94005
MarkRutte_MatthijsNieuwkerk.mp4,00:03,sad,2.6065838,1.7397162e-14,0.0001248844,3.8495233e-07,55.777203,5.684041e-15,41.616085
MarkRutte_MatthijsNieuwkerk.mp4,00:04,happy,0.2399567,8.922964e-05,0.05740736,82.567955,0.6194897,0.0147003345,16.500402
MarkRutte_MatthijsNieuwkerk.mp4,00:04,neutral,0.6425125,0.00041744966,2.7616174,23.284336,2.796889,0.01260468,70.501625
MarkRutte_MatthijsNieuwkerk.mp4,00:04,happy,0.048476145,9.5126125e-05,0.04398592,95.010185,0.065357976,0.0075270063,4.8243704
MarkRutte_MatthijsNieuwkerk.mp4,00:04,happy,0.014770184,5.7421103e-06,0.0055088447,93.35592,0.057911303,0.050266128,6.515626
MarkRutte_MatthijsNieuwkerk.mp4,00:04,happy,0.0012550622,9.353851e-09,0.00017854107,95.921165,0.0034690015,0.0008512853,4.073079
MarkRutte_MatthijsNieuwkerk.mp4,00:04,happy,0.0033072028,4.6692043e-07,0.0008790125,93.40035,0.0067525255,0.0008051823,6.5879064
MarkRutte_MatthijsNieuwkerk.mp4,00:04,happy,0.004264101,7.4517794e-07,0.0012885934,93.25065,0.008510957,0.0009933556,6.734292
MarkRutte_MatthijsNieuwkerk.mp4,00:04,happy,0.002980488,1.7670966e-07,0.0008188755,94.97026,0.011438231,0.006674744,5.0078235
MarkRutte_MatthijsNieuwkerk.mp4,00:04,happy,0.002980488,1.7670966e-07,0.0008188755,94.97026,0.011438231,0.006674744,5.0078235
MarkRutte_MatthijsNieuwkerk.mp4,00:05,sad,0.38001633,0.026569976,3.7873402,4.786115,90.16811,2.4523053e-05,0.85182106
MarkRutte_MatthijsNieuwkerk.mp4,00:05,happy,1.1136363,0.00074449717,1.6456794,93.02167,4.2101417,1.1454713e-05,0.008119677
MarkRutte_MatthijsNieuwkerk.mp4,00:05,fear,0.4245516,0.001518365,51.2969,4.6766667,43.577774,0.00011311343,0.022474997
MarkRutte_MatthijsNieuwkerk.mp4,00:05,happy,0.12845701,0.00011787658,0.052769657,83.096306,0.2015848,0.0024493139,16.518318
MarkRutte_MatthijsNieuwkerk.mp4,00:05,neutral,2.880196,0.00051901257,0.5959369,38.256058,1.2860488,0.0075235004,56.97372
MarkRutte_MatthijsNieuwkerk.mp4,00:05,neutral,3.2282093,0.0007619476,0.6898085,34.67432,1.544724,0.008599685,59.853577
MarkRutte_MatthijsNieuwkerk.mp4,00:05,neutral,3.3745866,0.0008066279,0.7525404,27.145254,1.901891,0.0068737715,66.81805
MarkRutte_MatthijsNieuwkerk.mp4,00:05,happy,5.1527977,0.019639362,0.9305457,64.20132,13.379372,0.19120245,16.125135
MarkRutte_MatthijsNieuwkerk.mp4,00:05,happy,4.5807533,0.014867337,0.75398743,68.67678,10.824715,0.16818842,14.980708
MarkRutte_MatthijsNieuwkerk.mp4,00:05,neutral,1.744047,0.00028376846,0.3013722,41.354263,0.95820177,0.0072390037,55.634594
MarkRutte_MatthijsNieuwkerk.mp4,00:05,neutral,2.8729272,0.0005092102,0.47801858,30.878235,1.5363804,0.0071688527,64.22676
MarkRutte_MatthijsNieuwkerk.mp4,00:05,neutral,2.8209555,0.00049185357,0.4649058,30.818573,1.5026656,0.0070932126,64.385315
MarkRutte_MatthijsNieuwkerk.mp4,00:05,neutral,1.9987139,0.00033223393,0.35945883,36.10916,1.1733277,0.0073602516,60.351646
MarkRutte_MatthijsNieuwkerk.mp4,00:05,neutral,1.9740713,0.00032382357,0.3492336,36.37729,1.1520911,0.0072961524,60.139698
MarkRutte_MatthijsNieuwkerk.mp4,00:05,happy,0.08329399,1.4615483e-05,0.0024088745,95.40305,0.10498854,0.008561267,4.397683
MarkRutte_MatthijsNieuwkerk.mp4,00:05,happy,0.08332867,1.46059465e-05,0.0024070272,95.399185,0.105072334,0.008561026,4.401429
MarkRutte_MatthijsNieuwkerk.mp4,00:05,happy,0.08331749,1.4623985e-05,0.0024114554,95.400215,0.10503144,0.008566116,4.4004536
MarkRutte_MatthijsNieuwkerk.mp4,00:05,neutral,1.8469915,0.00041001,0.2792629,38.007633,1.1979285,0.00559316,58.66218
MarkRutte_MatthijsNieuwkerk.mp4,00:05,neutral,1.7645762,0.0004507825,0.3646493,35.603233,1.2573334,0.006986235,61.002773
MarkRutte_MatthijsNieuwkerk.mp4,00:05,neutral,2.2358978,0.0003590743,0.3998384,30.875418,1.2401634,0.006092344,65.24223
MarkRutte_MatthijsNieuwkerk.mp4,00:05,neutral,2.2489717,0.00036589243,0.40842,30.627909,1.2585717,0.0061441595,65.44961
MarkRutte_MatthijsNieuwkerk.mp4,00:05,neutral,2.8906221,0.00045595304,0.44165543,26.997215,1.4604316,0.0068695974,68.20274
MarkRutte_MatthijsNieuwkerk.mp4,00:06,neutral,2.8883688,0.0004558856,0.44123757,26.97834,1.4609652,0.0068760794,68.223755
MarkRutte_MatthijsNieuwkerk.mp4,00:06,happy,1.8046899,0.00018146231,0.15783542,71.52249,0.6295425,0.031256575,25.854004
MarkRutte_MatthijsNieuwkerk.mp4,00:06,happy,1.737242,0.0001771711,0.14086871,72.98997,0.5973047,0.02915989,24.505285
MarkRutte_MatthijsNieuwkerk.mp4,00:06,neutral,3.227396,0.00031902263,0.35387015,26.214516,1.3060185,0.0064281905,68.89146
MarkRutte_MatthijsNieuwkerk.mp4,00:06,neutral,3.0021996,0.00040048145,0.18658543,41.572266,1.5972234,0.010315822,53.631012
MarkRutte_MatthijsNieuwkerk.mp4,00:06,neutral,2.4579196,0.00028977075,0.1688403,38.54371,1.3340029,0.009253296,57.485985
MarkRutte_MatthijsNieuwkerk.mp4,00:06,neutral,2.0889895,0.00026043056,0.14960541,42.353447,1.2001733,0.0087658055,54.198765
MarkRutte_MatthijsNieuwkerk.mp4,00:06,neutral,3.8026705,0.0011966871,0.57600427,22.417185,2.7639043,0.017899804,70.42114
MarkRutte_MatthijsNieuwkerk.mp4,00:06,neutral,6.960657,0.0028087494,1.4792873,23.804556,3.721757,0.022194153,64.00874
MarkRutte_MatthijsNieuwkerk.mp4,00:06,neutral,3.945248,0.0028999378,0.91957563,37.89735,2.427131,0.022225246,54.78557
MarkRutte_MatthijsNieuwkerk.mp4,00:06,happy,2.286495,0.0115718935,0.2841638,81.12315,5.7036476,0.12833594,10.462634
MarkRutte_MatthijsNieuwkerk.mp4,00:06,happy,0.31846982,0.00016232676,0.048197214,89.64486,0.25610015,0.031937547,9.70028
MarkRutte_MatthijsNieuwkerk.mp4,00:06,neutral,19.262909,0.016356947,4.408093,13.738359,15.881499,0.057432957,46.63535
MarkRutte_MatthijsNieuwkerk.mp4,00:06,neutral,20.121778,0.01454231,3.832757,13.091736,16.133524,0.04656886,46.75909
MarkRutte_MatthijsNieuwkerk.mp4,00:06,happy,0.14445467,0.00015459009,0.025604784,94.87407,0.11922553,0.0041942857,4.8322945
MarkRutte_MatthijsNieuwkerk.mp4,00:06,sad,7.3533115,0.0017703831,27.923754,3.2280412,53.29932,0.90142983,7.2923756
MarkRutte_MatthijsNieuwkerk.mp4,00:06,angry,41.373775,0.0010611151,20.300114,5.3968267,2.5260174,0.25351194,30.148705
MarkRutte_MatthijsNieuwkerk.mp4,00:06,happy,0.6895012,0.0008933482,0.6723565,84.41109,11.022676,0.040141594,3.1633425
MarkRutte_MatthijsNieuwkerk.mp4,00:06,sad,1.9636314,0.0014164886,5.8026924,33.935806,40.39136,0.011630586,17.893457
MarkRutte_MatthijsNieuwkerk.mp4,00:06,happy,0.07581286,0.000288486,0.10235181,95.899216,2.1416728,0.023298897,1.7573642
MarkRutte_MatthijsNieuwkerk.mp4,00:06,happy,0.63115793,0.00045081592,22.698307,63.557816,8.749817,0.50557435,3.856885
MarkRutte_MatthijsNieuwkerk.mp4,00:07,happy,0.08287771,2.62313e-05,0.19000909,96.31843,2.1660938,0.041037343,1.2015371
MarkRutte_MatthijsNieuwkerk.mp4,00:07,happy,0.010405199,4.0102225e-07,1.1809529,87.82419,10.948968,0.0061599975,0.029327318
MarkRutte_MatthijsNieuwkerk.mp4,00:07,happy,0.01096338,1.1485273e-06,31.670277,59.226086,7.256094,0.62136257,1.2152225
MarkRutte_MatthijsNieuwkerk.mp4,00:07,fear,0.008871923,2.2961196e-07,42.42223,30.95254,26.54829,0.05073367,0.017334042
MarkRutte_MatthijsNieuwkerk.mp4,00:07,happy,0.015516517,9.871738e-06,15.740313,81.268845,2.1047158,0.27610037,0.59450465
MarkRutte_MatthijsNieuwkerk.mp4,00:07,neutral,0.031680264,4.9782197e-05,0.14911187,0.10142604,9.896281,0.00043559607,89.82102
MarkRutte_MatthijsNieuwkerk.mp4,00:07,happy,0.0255575,3.5517995e-05,11.588226,45.986073,34.192944,0.016049284,8.191112
MarkRutte_MatthijsNieuwkerk.mp4,00:07,sad,0.2741323,0.000771587,15.363551,30.355854,43.43961,0.020552946,10.545522
MarkRutte_MatthijsNieuwkerk.mp4,00:07,neutral,0.18342012,0.0002585013,3.0528855,3.7082412,13.939689,0.01444131,79.10107
MarkRutte_MatthijsNieuwkerk.mp4,00:07,neutral,0.01266175,5.526901e-07,0.013433987,0.0065361294,1.5846393,2.4590112e-05,98.3827
MarkRutte_MatthijsNieuwkerk.mp4,00:07,fear,0.016254045,5.26455e-07,58.490078,21.05739,20.166279,0.03156571,0.23842475
MarkRutte_MatthijsNieuwkerk.mp4,00:07,neutral,0.04639947,1.7766888e-05,1.1327727,1.4662194,12.277106,0.0019979246,85.075485
MarkRutte_MatthijsNieuwkerk.mp4,00:07,neutral,0.16192445,5.5778088e-05,13.903406,2.1418207,2.9638991,0.046911657,80.78198
MarkRutte_MatthijsNieuwkerk.mp4,00:07,sad,9.189458,0.0024015612,0.5805084,25.22237,42.457546,0.007262677,22.540455
MarkRutte_MatthijsNieuwkerk.mp4,00:08,happy,3.7565928,0.0012160917,0.18796669,79.29854,1.7875408,0.09535723,14.872788
MarkRutte_MatthijsNieuwkerk.mp4,00:08,happy,0.035710704,4.281756e-05,0.005245982,99.26988,0.14005306,0.0007622504,0.54829454
MarkRutte_MatthijsNieuwkerk.mp4,00:08,happy,0.041751143,5.0939314e-05,0.0052711456,99.225945,0.13412261,0.00084080937,0.59202254
MarkRutte_MatthijsNieuwkerk.mp4,00:09,sad,28.56091,0.032588396,13.745736,25.65053,31.415337,0.087869346,0.5070416
MarkRutte_MatthijsNieuwkerk.mp4,00:09,happy,0.38653162,0.00044297453,0.5028311,97.4915,0.8853156,0.0033566789,0.7300202
MarkRutte_MatthijsNieuwkerk.mp4,00:09,angry,40.945072,0.07654468,19.157953,9.753605,21.696037,0.22819111,8.142605
MarkRutte_MatthijsNieuwkerk.mp4,00:09,fear,27.227028,0.12300038,68.55516,0.04082072,1.1483982,2.516823,0.3887633
MarkRutte_MatthijsNieuwkerk.mp4,00:09,fear,23.950111,0.080875166,65.70241,0.011199732,4.8532166,5.0284057,0.3737817
MarkRutte_MatthijsNieuwkerk.mp4,00:10,sad,5.8778434,4.9832433e-05,0.32649446,0.57980996,79.76229,0.0021936488,13.451325
MarkRutte_MatthijsNieuwkerk.mp4,00:10,neutral,1.3698275,4.403947e-08,0.8613755,0.0046918085,13.176678,1.1003911e-05,84.58742
MarkRutte_MatthijsNieuwkerk.mp4,00:11,fear,27.674582,0.0062625306,44.59865,8.8627356e-05,26.241293,0.0005025082,1.4786227
MarkRutte_MatthijsNieuwkerk.mp4,00:11,angry,52.447968,9.209326e-06,2.4847841,0.2080869,44.17914,1.0280045e-05,0.6799979
MarkRutte_MatthijsNieuwkerk.mp4,00:11,angry,47.619526,8.574081e-05,4.3038797,0.0011960092,47.31037,1.8660605e-06,0.7649443
MarkRutte_MatthijsNieuwkerk.mp4,00:11,sad,41.446102,4.25069e-05,1.619242,0.004680194,54.07563,1.6941207e-06,2.8543086
MarkRutte_MatthijsNieuwkerk.mp4,00:11,fear,13.541169,0.7070598,71.57383,0.053557135,7.9043994,0.5923755,5.6276135
MarkRutte_MatthijsNieuwkerk.mp4,00:11,sad,37.1285,0.00022019162,1.9283504,0.001520483,58.452633,1.2178536e-05,2.4887626
MarkRutte_MatthijsNieuwkerk.mp4,00:11,fear,18.146996,0.380336,61.131042,0.006718926,13.620631,3.8726828,2.841593
MarkRutte_MatthijsNieuwkerk.mp4,00:11,neutral,17.815481,0.057225652,21.17412,0.02455627,28.061527,1.0388453,31.828255
MarkRutte_MatthijsNieuwkerk.mp4,00:11,angry,66.36879,0.060882453,5.7022715,0.24466,1.7590976,25.721851,0.14245252
MarkRutte_MatthijsNieuwkerk.mp4,00:11,angry,45.904408,0.09544602,20.338911,0.290285,25.909685,0.8503692,6.6108923
MarkRutte_MatthijsNieuwkerk.mp4,00:11,angry,67.104385,0.07325494,8.065526,0.021076674,22.975561,0.7886113,0.971586
MarkRutte_MatthijsNieuwkerk.mp4,00:11,sad,18.889233,0.036049295,1.6858014,3.393411,68.77817,0.0027166659,7.214622
MarkRutte_MatthijsNieuwkerk.mp4,00:11,fear,20.34793,0.41328502,32.881775,0.025150035,14.479187,31.054815,0.7978557
MarkRutte_MatthijsNieuwkerk.mp4,00:11,surprise,0.94862735,4.3865643e-05,39.55898,0.07473371,17.757214,41.547485,0.11292032
MarkRutte_MatthijsNieuwkerk.mp4,00:11,sad,0.9500432,0.009389205,1.5185952,0.14500946,92.54596,0.00016167396,4.830848
MarkRutte_MatthijsNieuwkerk.mp4,00:11,sad,0.8517068,0.0013813712,1.7268425,0.73811847,49.499954,0.0010203094,47.180977
MarkRutte_MatthijsNieuwkerk.mp4,00:11,neutral,4.6853514,0.0066615003,8.013716,1.9805883,28.487078,0.013587801,56.813015
MarkRutte_MatthijsNieuwkerk.mp4,00:11,neutral,1.059447,0.0007146915,1.6125579,0.2936697,36.65596,0.0010078966,60.37665
MarkRutte_MatthijsNieuwkerk.mp4,00:11,sad,0.5030274,4.7615713e-06,0.5000028,0.4572673,61.049095,8.431664e-06,37.490597
MarkRutte_MatthijsNieuwkerk.mp4,00:12,sad,0.10622113,3.3722913e-06,0.90792614,0.5020767,61.74899,8.709682e-06,36.734776
MarkRutte_MatthijsNieuwkerk.mp4,00:12,sad,30.430067,0.02525392,1.1886415,0.076487124,56.888805,0.0004480133,11.390302
MarkRutte_MatthijsNieuwkerk.mp4,00:12,sad,23.392923,0.000881795,0.9693042,0.005595926,44.708363,2.7201582e-05,30.922901
MarkRutte_MatthijsNieuwkerk.mp4,00:12,neutral,14.818564,1.3406652e-05,0.25863546,0.06300079,29.2658,3.877206e-05,55.59395
MarkRutte_MatthijsNieuwkerk.mp4,00:12,sad,12.792855,0.011197306,2.9336066,0.05039017,81.94853,0.00053991296,2.2628796
MarkRutte_MatthijsNieuwkerk.mp4,00:12,sad,32.870983,0.00074954866,1.5753412,3.7338998,51.106037,0.001439576,10.711548
MarkRutte_MatthijsNieuwkerk.mp4,00:12,sad,17.150763,0.0029012528,3.3219235,0.36258242,72.507774,0.0004013869,6.6536593
MarkRutte_MatthijsNieuwkerk.mp4,00:12,sad,7.35983,0.0012021603,0.656014,8.958569,43.050854,0.011273305,39.96226
MarkRutte_MatthijsNieuwkerk.mp4,00:12,angry,55.364273,0.0017676626,5.39483,17.999628,21.198431,0.00041354296,0.04066179
MarkRutte_MatthijsNieuwkerk.mp4,00:12,sad,23.788845,0.00031014398,1.5832103,0.059053376,63.87239,9.9096585e-05,10.696093
MarkRutte_MatthijsNieuwkerk.mp4,00:12,sad,30.867193,0.0005342011,3.1000986,0.0066697462,56.639103,6.0243197e-05,9.386343
MarkRutte_MatthijsNieuwkerk.mp4,00:12,sad,31.840519,0.0003594386,1.041481,0.007894531,59.37928,2.0905502e-05,7.730446
MarkRutte_MatthijsNieuwkerk.mp4,00:12,sad,21.72202,0.0009952707,2.7544587,0.12042421,64.370316,0.0005170122,11.031271
MarkRutte_MatthijsNieuwkerk.mp4,00:12,sad,36.787937,0.0001655947,2.4945667,0.22735286,43.43156,0.00018286762,17.058233
MarkRutte_MatthijsNieuwkerk.mp4,00:12,sad,24.042301,0.0004174729,1.2418971,0.0041051237,66.07342,8.737745e-06,8.6378565
MarkRutte_MatthijsNieuwkerk.mp4,00:12,sad,10.091891,0.0036175675,2.837692,0.014347408,78.34234,0.00018365931,8.709927
MarkRutte_MatthijsNieuwkerk.mp4,00:12,sad,7.4607615,0.00063232344,3.8118205,0.027107352,75.34863,7.243871e-05,13.350978
MarkRutte_MatthijsNieuwkerk.mp4,00:12,sad,2.470344,0.0014210743,9.967331,0.17385268,79.33241,0.0004062611,8.0542345
MarkRutte_MatthijsNieuwkerk.mp4,00:12,neutral,0.07529998,1.2000497e-06,0.9378245,0.17695598,10.522,3.3422875e-05,88.28789
MarkRutte_MatthijsNieuwkerk.mp4,00:12,sad,0.15304627,3.332754e-05,4.92877,0.0018433795,94.87426,0.0007620077,0.041290604
MarkRutte_MatthijsNieuwkerk.mp4,00:12,neutral,1.648189,3.8574503e-06,0.8212209,0.041404225,44.973953,9.587794e-06,52.51522
MarkRutte_MatthijsNieuwkerk.mp4,00:12,neutral,2.532272,1.1448549e-07,0.38242424,0.003861116,29.040806,1.7366464e-06,68.040634
MarkRutte_MatthijsNieuwkerk.mp4,00:12,neutral,1.012303,5.5891695e-07,0.09310178,0.24529037,23.188904,1.3503187e-05,75.460396
MarkRutte_MatthijsNieuwkerk.mp4,00:12,neutral,0.40588957,4.5905226e-06,2.4567454,0.046678495,12.545124,0.00013932893,84.54542
MarkRutte_MatthijsNieuwkerk.mp4,00:12,sad,1.3528831,0.0012322897,4.4211397,0.18599695,69.91459,0.00047841907,24.123688
MarkRutte_MatthijsNieuwkerk.mp4,00:13,sad,25.416292,0.00066060777,4.379934,0.0023982797,57.58932,3.109556e-05,12.611355
MarkRutte_MatthijsNieuwkerk.mp4,00:13,sad,15.9937315,0.0015778672,6.4237905,0.009122267,63.36577,6.824741e-05,14.205947
MarkRutte_MatthijsNieuwkerk.mp4,00:13,sad,1.2412791,0.00013061312,7.420895,0.032411426,76.75898,2.3545312e-05,14.546283
MarkRutte_MatthijsNieuwkerk.mp4,00:13,sad,13.238062,0.008497916,9.4297905,0.04696055,49.510887,0.0011244921,27.764679
MarkRutte_MatthijsNieuwkerk.mp4,00:13,sad,10.895113,0.00013647228,3.3287654,0.0014406453,71.03945,4.5256143e-06,14.735085
MarkRutte_MatthijsNieuwkerk.mp4,00:13,angry,58.38367,0.0032577321,2.8620064,0.0046718386,34.556786,2.1948354e-05,4.189576
MarkRutte_MatthijsNieuwkerk.mp4,00:13,angry,64.12827,0.01636895,20.093325,0.22559397,15.31874,0.010110936,0.2075959
MarkRutte_MatthijsNieuwkerk.mp4,00:13,angry,53.958588,0.0072333436,25.00243,0.24003395,20.560562,0.009310536,0.22183874
MarkRutte_MatthijsNieuwkerk.mp4,00:13,sad,45.76206,0.001315358,1.3348073,0.003960697,47.069668,3.0025947e-05,5.828159
MarkRutte_MatthijsNieuwkerk.mp4,00:13,sad,32.664295,0.00034586326,1.1507581,0.001010309,59.351593,5.0712024e-06,6.831989
MarkRutte_MatthijsNieuwkerk.mp4,00:13,sad,37.203568,0.0030613262,2.0884607,0.00045826074,53.270657,8.19632e-06,7.433794
MarkRutte_MatthijsNieuwkerk.mp4,00:13,sad,26.863398,0.019132245,2.6773472,0.0017148111,63.324802,5.0461265e-05,7.1135526
MarkRutte_MatthijsNieuwkerk.mp4,00:13,sad,8.780051,0.0049234317,3.3006768,0.00016511406,82.56402,1.4017713e-06,5.350166
MarkRutte_MatthijsNieuwkerk.mp4,00:13,sad,10.062326,0.022473762,8.848816,0.006382956,59.475964,0.00013024845,21.583908
MarkRutte_MatthijsNieuwkerk.mp4,00:13,neutral,5.938417,2.2558966e-09,0.10271907,2.393717e-05,25.993023,1.7238044e-08,67.96582
MarkRutte_MatthijsNieuwkerk.mp4,00:13,sad,9.385602,0.0002488741,0.29633233,0.00027298645,72.92198,1.6214282e-06,17.395561
MarkRutte_MatthijsNieuwkerk.mp4,00:13,sad,11.463066,3.213331e-05,0.3707168,0.0076651513,58.020405,4.5133984e-06,30.138107
MarkRutte_MatthijsNieuwkerk.mp4,00:13,sad,8.544654,1.8549885e-05,0.67415804,0.018160583,77.660416,6.182864e-05,13.102536
MarkRutte_MatthijsNieuwkerk.mp4,00:13,neutral,0.7955354,7.3637527e-09,0.014122485,0.032569043,18.355452,2.4118374e-06,80.80232
MarkRutte_MatthijsNieuwkerk.mp4,00:13,neutral,0.029461823,2.947645e-11,0.0006393153,0.018019328,0.44368303,1.4724374e-06,99.50819
MarkRutte_MatthijsNieuwkerk.mp4,00:13,sad,2.187003,0.027394077,11.920354,0.047345042,75.497116,0.006007524,10.314783
MarkRutte_MatthijsNieuwkerk.mp4,00:13,neutral,1.148707,2.8004896e-09,0.030564656,0.06027352,21.685926,1.1520237e-05,77.07452
MarkRutte_MatthijsNieuwkerk.mp4,00:13,neutral,2.8556187,1.6664291e-08,0.068053335,0.20842522,14.27086,6.493462e-05,82.596985
MarkRutte_MatthijsNieuwkerk.mp4,00:14,sad,10.596898,6.870288e-07,0.8337386,0.12955078,55.573776,0.00040021702,32.86564
MarkRutte_MatthijsNieuwkerk.mp4,00:14,angry,31.50168,1.9504087e-05,10.213316,0.004204802,27.390501,0.002081663,30.888191
MarkRutte_MatthijsNieuwkerk.mp4,00:14,angry,56.33284,1.0503882e-06,0.77055883,0.030153554,11.4324045,0.002101987,31.431944
MarkRutte_MatthijsNieuwkerk.mp4,00:14,neutral,0.3780867,7.257072e-08,0.1315483,0.00529608,2.091738,0.00077514886,97.392555
MarkRutte_MatthijsNieuwkerk.mp4,00:14,neutral,1.8724811,8.294938e-07,0.29594362,0.031985436,6.122272,0.007863578,91.66946
MarkRutte_MatthijsNieuwkerk.mp4,00:14,neutral,1.0419147,1.83699e-07,0.6205708,0.1321226,0.70785356,0.03758774,97.45995
MarkRutte_MatthijsNieuwkerk.mp4,00:14,neutral,0.5614591,1.0257064e-07,0.37961775,0.08487701,2.3929763,0.052061696,96.52901
MarkRutte_MatthijsNieuwkerk.mp4,00:14,neutral,0.5548229,1.00677e-07,0.38180906,0.08140348,2.4117684,0.050539743,96.51965
MarkRutte_MatthijsNieuwkerk.mp4,00:14,neutral,0.2761181,2.8186028e-08,0.053042904,0.022751397,2.226282,0.0007471893,97.42106
MarkRutte_MatthijsNieuwkerk.mp4,00:14,neutral,0.56766534,1.3095263e-07,0.49936903,0.067662925,3.3695135,0.045321066,95.45046
MarkRutte_MatthijsNieuwkerk.mp4,00:14,neutral,0.9624609,8.585168e-08,0.34652585,0.10293045,2.7919314,0.047549784,95.748604
MarkRutte_MatthijsNieuwkerk.mp4,00:14,neutral,0.27212372,1.0769144e-08,0.13252929,0.12434269,1.1725259,0.027197322,98.27128
MarkRutte_MatthijsNieuwkerk.mp4,00:14,neutral,0.040622614,1.1245899e-09,0.01231145,0.11442951,0.16630146,0.0010982142,99.665245
MarkRutte_MatthijsNieuwkerk.mp4,00:14,neutral,0.45973602,4.012641e-09,0.09905733,0.017639633,8.821592,0.00332001,90.598656
MarkRutte_MatthijsNieuwkerk.mp4,00:14,neutral,0.6684129,7.393824e-09,0.05751437,0.020395078,4.959044,0.0030800626,94.29156
MarkRutte_MatthijsNieuwkerk.mp4,00:14,neutral,0.8370837,1.2587442e-08,0.04720668,0.08276297,1.8021817,0.012861234,97.217896
MarkRutte_MatthijsNieuwkerk.mp4,00:14,neutral,0.081926465,1.5883412e-08,0.054197617,0.3050497,0.24909364,0.0047273654,99.30501
MarkRutte_MatthijsNieuwkerk.mp4,00:14,neutral,0.7008417,5.8760413e-08,0.6040023,0.35097858,4.620786,0.08522473,93.63817
MarkRutte_MatthijsNieuwkerk.mp4,00:14,neutral,0.22379391,2.1454687e-07,0.18703151,0.124749996,0.6460477,0.009827231,98.80855
MarkRutte_MatthijsNieuwkerk.mp4,00:14,neutral,9.028789,9.791925e-07,0.520331,0.0007613362,29.192444,6.0152004e-05,61.257618
MarkRutte_MatthijsNieuwkerk.mp4,00:14,neutral,0.72448254,2.41204e-08,0.015094711,0.09696506,3.3035073,0.0018510085,95.8581
MarkRutte_MatthijsNieuwkerk.mp4,00:14,neutral,1.3972471,6.833291e-08,0.032088842,0.05813804,5.437768,0.0008294566,93.07393
MarkRutte_MatthijsNieuwkerk.mp4,00:14,neutral,1.7858406,1.0956753e-07,0.058168586,0.053513814,7.2231607,0.0016065117,90.87771
MarkRutte_MatthijsNieuwkerk.mp4,00:14,neutral,0.5998706,6.700789e-07,0.27322778,0.30658168,4.1633205,0.019470984,94.63753
MarkRutte_MatthijsNieuwkerk.mp4,00:15,neutral,12.666294,3.654476e-07,1.5531305,0.5047671,20.078888,0.059524074,65.1374
MarkRutte_MatthijsNieuwkerk.mp4,00:15,neutral,5.643701,2.8711095e-06,0.44640726,0.056859553,33.33133,0.006621897,60.515083
MarkRutte_MatthijsNieuwkerk.mp4,00:15,neutral,2.09544,6.525996e-06,2.0945895,0.5296243,34.480682,0.120537505,60.679127
MarkRutte_MatthijsNieuwkerk.mp4,00:15,angry,71.23199,0.007988893,0.8491974,0.39200777,19.025845,0.02095604,8.472015
MarkRutte_MatthijsNieuwkerk.mp4,00:15,neutral,1.3342357,2.0162768e-05,0.023930745,0.08081916,4.1220756,0.00019887018,94.43872
MarkRutte_MatthijsNieuwkerk.mp4,00:15,neutral,14.620426,0.0004655036,1.0285509,0.3656463,15.75579,0.0036040472,68.225525
MarkRutte_MatthijsNieuwkerk.mp4,00:15,neutral,11.612379,9.65113e-05,0.8366257,0.241299,9.941637,0.0034670196,77.3645
MarkRutte_MatthijsNieuwkerk.mp4,00:15,neutral,27.918402,0.00042146054,0.87769455,0.10252813,17.734396,0.013371225,53.35319
MarkRutte_MatthijsNieuwkerk.mp4,00:15,neutral,25.04139,0.0018992814,0.5720162,0.1359137,26.548815,0.013966483,47.685997
MarkRutte_MatthijsNieuwkerk.mp4,00:15,fear,2.4392312,0.00027852535,85.35594,0.027152902,1.8825607,10.0809355,0.21389525
MarkRutte_MatthijsNieuwkerk.mp4,00:15,neutral,18.080894,0.012854929,3.6980681,0.34464738,22.055399,0.29649127,55.511642
MarkRutte_MatthijsNieuwkerk.mp4,00:15,fear,0.6936564,1.898236e-05,91.79057,0.0036041476,2.237083,5.2041698,0.07089668
MarkRutte_MatthijsNieuwkerk.mp4,00:15,fear,1.2267686,0.0010250974,92.8151,0.054165807,2.6695223,1.971641,1.2617742
MarkRutte_MatthijsNieuwkerk.mp4,00:15,fear,0.9074749,2.1252687e-05,86.12497,0.03022361,9.355017,1.0540423,2.5282557
MarkRutte_MatthijsNieuwkerk.mp4,00:15,fear,0.9074749,2.1252687e-05,86.12497,0.03022361,9.355017,1.0540423,2.5282557
MarkRutte_MatthijsNieuwkerk.mp4,00:15,neutral,18.460129,8.248714e-05,15.095518,2.6758416,11.231213,1.65454,50.882683
MarkRutte_MatthijsNieuwkerk.mp4,00:15,fear,2.839661,0.0004126166,80.8596,0.17164817,11.179844,1.0174115,3.931431
MarkRutte_MatthijsNieuwkerk.mp4,00:15,neutral,1.6817275,0.0004952943,0.90185356,0.16285968,7.2601447,0.048152823,89.94477
MarkRutte_MatthijsNieuwkerk.mp4,00:15,fear,6.2764072,0.0059207818,57.150585,3.3984172,5.2499623,3.4036562,24.515049
MarkRutte_MatthijsNieuwkerk.mp4,00:15,sad,7.0751963,4.6749967e-05,1.0945536,0.2824858,83.87786,0.0062409453,7.663615
MarkRutte_MatthijsNieuwkerk.mp4,00:15,neutral,3.0858073,0.0011138263,0.9466749,0.25977275,8.794721,0.06647591,86.845436
MarkRutte_MatthijsNieuwkerk.mp4,00:15,sad,2.1980336,0.0023704828,13.835988,0.014349042,82.4847,0.06996486,1.3945987
MarkRutte_MatthijsNieuwkerk.mp4,00:15,sad,4.6115446,0.0018777285,6.7340245,0.009959659,87.07905,0.028187202,1.5353574
MarkRutte_MatthijsNieuwkerk.mp4,00:15,sad,2.5321345,0.0009955121,7.557475,0.0071654185,89.22314,0.0468125,0.63227713
MarkRutte_MatthijsNieuwkerk.mp4,00:15,neutral,2.273272,0.0011128898,0.9006702,0.27163118,8.973312,0.044844866,87.535164
MarkRutte_MatthijsNieuwkerk.mp4,00:16,neutral,2.2638392,0.0010924226,0.8846427,0.26847994,8.915385,0.044443425,87.622116
MarkRutte_MatthijsNieuwkerk.mp4,00:16,sad,5.470687,1.7789805e-05,3.9112425,0.40814164,70.88473,0.0670577,19.258133
MarkRutte_MatthijsNieuwkerk.mp4,00:16,sad,23.599985,0.0010938233,1.7591962,0.0041191503,74.29427,0.00066836464,0.3406666
MarkRutte_MatthijsNieuwkerk.mp4,00:16,sad,42.24123,0.00030605632,2.727826,0.00878831,53.103985,0.0023347451,1.9155277
MarkRutte_MatthijsNieuwkerk.mp4,00:16,angry,55.529366,0.00056349824,1.1264621,0.001552976,42.618267,0.0006527044,0.72312105
MarkRutte_MatthijsNieuwkerk.mp4,00:16,angry,62.255436,0.0003023967,1.241408,0.0028400405,34.889874,0.0014876793,1.6086539
MarkRutte_MatthijsNieuwkerk.mp4,00:16,angry,78.41488,2.4235866e-05,0.16119258,1.5329832e-05,20.690056,3.1313555e-06,0.7338264
MarkRutte_MatthijsNieuwkerk.mp4,00:16,angry,52.336422,0.0004880094,0.7100342,0.00017508608,46.74718,6.32967e-05,0.20563342
MarkRutte_MatthijsNieuwkerk.mp4,00:16,angry,89.41276,0.00070513727,0.31781906,9.347908e-05,9.350683,0.00028896934,0.91765875
MarkRutte_MatthijsNieuwkerk.mp4,00:16,angry,80.83735,0.0005555904,0.6683397,8.9506e-05,10.339021,7.3488285e-05,8.154568
MarkRutte_MatthijsNieuwkerk.mp4,00:16,angry,97.46075,0.00012418562,0.036020074,1.7167054e-06,1.9286897,6.884162e-07,0.5744193
MarkRutte_MatthijsNieuwkerk.mp4,00:16,angry,96.47595,1.4662529e-06,0.008338617,3.0782072e-08,0.8829858,9.801192e-09,2.63273
MarkRutte_MatthijsNieuwkerk.mp4,00:16,angry,97.01276,1.8820066e-06,0.011054897,3.8879698e-08,0.9411383,2.0800208e-08,2.0350482
MarkRutte_MatthijsNieuwkerk.mp4,00:16,angry,86.549706,6.124794e-06,0.029760286,9.5087564e-08,2.694523,2.4598288e-08,10.726003
MarkRutte_MatthijsNieuwkerk.mp4,00:16,angry,93.37395,2.0318377e-05,0.033491444,1.1599446e-06,4.124019,3.695954e-07,2.4685347
MarkRutte_MatthijsNieuwkerk.mp4,00:16,angry,98.08914,2.3167e-07,0.0029855273,1.0472197e-08,0.9961752,3.752388e-10,0.9117034
MarkRutte_MatthijsNieuwkerk.mp4,00:16,angry,84.71407,7.665495e-06,0.023461659,3.7907053e-08,1.1373246,1.8154209e-08,14.125136
MarkRutte_MatthijsNieuwkerk.mp4,00:16,angry,84.71454,7.66599e-06,0.023461921,3.790769e-08,1.1372862,1.8155312e-08,14.124706
MarkRutte_MatthijsNieuwkerk.mp4,00:16,angry,94.79915,2.414654e-08,0.018130483,3.059873e-06,0.42100856,1.5371405e-09,4.761695
MarkRutte_MatthijsNieuwkerk.mp4,00:16,angry,97.47741,2.8635705e-07,0.004080005,1.6541014e-08,1.3131611,6.814958e-10,1.2053503
MarkRutte_MatthijsNieuwkerk.mp4,00:16,angry,81.02365,8.892296e-06,0.080853485,1.66075e-05,14.32328,9.4186646e-07,4.572196
MarkRutte_MatthijsNieuwkerk.mp4,00:16,angry,98.039055,6.890349e-06,0.013186745,1.0828375e-07,1.2754846,3.68025e-08,0.67227256
MarkRutte_MatthijsNieuwkerk.mp4,00:16,angry,82.8687,8.7470735e-06,0.063539386,2.0956288e-06,15.551882,1.5138147e-08,1.5158736
MarkRutte_MatthijsNieuwkerk.mp4,00:16,angry,81.51008,1.1168725e-05,0.05237968,2.8969564e-06,14.0301,6.008269e-08,4.407438
MarkRutte_MatthijsNieuwkerk.mp4,00:16,angry,97.46722,3.0692308e-06,0.0257821,9.6000726e-08,1.9743142,1.9825045e-08,0.5326698
MarkRutte_MatthijsNieuwkerk.mp4,00:17,sad,29.418655,0.010154291,2.6355891,0.059738465,57.226498,0.23535874,10.414003
MarkRutte_MatthijsNieuwkerk.mp4,00:17,sad,11.959288,0.0061147152,3.1919665,0.49876994,72.52221,0.26002812,11.561625
MarkRutte_MatthijsNieuwkerk.mp4,00:17,sad,8.448297,0.0033707428,2.028481,0.060311053,50.99908,0.04779108,38.412666
MarkRutte_MatthijsNieuwkerk.mp4,00:17,sad,4.548136,0.0049683778,7.779225,0.16915973,75.00161,0.17430055,12.322601
MarkRutte_MatthijsNieuwkerk.mp4,00:17,sad,14.440471,4.225142e-05,3.5593657,1.6891092e-06,81.9245,9.827309e-09,0.075622424
MarkRutte_MatthijsNieuwkerk.mp4,00:17,fear,15.366455,1.7669898,62.711193,0.0023073172,19.27027,0.009119666,0.87366873
MarkRutte_MatthijsNieuwkerk.mp4,00:17,angry,90.030136,3.905295,0.18055746,0.7522291,4.240962,0.012152252,0.87866664
MarkRutte_MatthijsNieuwkerk.mp4,00:17,sad,33.27593,1.634287e-07,15.91496,6.7767587,39.336346,4.590064,0.10594596
MarkRutte_MatthijsNieuwkerk.mp4,00:17,sad,20.465572,1.88668e-09,7.295935,0.071481004,71.47056,0.0014676047,0.6949939
MarkRutte_MatthijsNieuwkerk.mp4,00:17,angry,67.9103,4.2930687e-10,1.229679,0.035463776,29.714668,4.1103933e-05,1.1098471
MarkRutte_MatthijsNieuwkerk.mp4,00:17,sad,39.356647,1.3718856e-08,1.0060656,0.007354256,45.29927,2.2027863e-05,14.330634
MarkRutte_MatthijsNieuwkerk.mp4,00:17,fear,0.1206646,3.7691163e-11,61.987984,0.00034191657,0.00087269745,37.89014,2.5588104e-06
MarkRutte_MatthijsNieuwkerk.mp4,00:17,fear,0.023149034,3.8243284e-12,98.02929,0.0002650784,0.0005032512,1.9468013,1.2252079e-06
MarkRutte_MatthijsNieuwkerk.mp4,00:17,angry,46.99165,4.1498884e-06,13.2344885,0.0006125006,39.397137,3.0905197e-05,0.3760811
MarkRutte_MatthijsNieuwkerk.mp4,00:17,fear,35.729977,8.347236e-06,63.466446,0.0022232395,0.77501225,0.0018421026,0.024491662
MarkRutte_MatthijsNieuwkerk.mp4,00:17,angry,92.912834,2.8753572e-08,6.6828656,0.0013809376,0.39562225,0.0044009117,0.0028916379
MarkRutte_MatthijsNieuwkerk.mp4,00:17,angry,66.12357,4.0782044e-09,33.69204,0.00266954,0.16853511,0.012890457,0.00030354245
MarkRutte_MatthijsNieuwkerk.mp4,00:17,angry,82.11194,1.09214175e-08,12.982112,0.0035182443,4.853888,0.0002954086,0.048250813
MarkRutte_MatthijsNieuwkerk.mp4,00:17,fear,2.7529063,5.7998903e-09,97.18523,4.9328955e-05,0.05623589,0.0053602126,0.00022786412
MarkRutte_MatthijsNieuwkerk.mp4,00:17,angry,54.618664,3.71913e-08,22.484915,0.0011707555,20.600508,0.00018197729,2.2945633
MarkRutte_MatthijsNieuwkerk.mp4,00:17,fear,1.8176222,1.02585265e-08,97.62477,0.00042902242,0.03599409,0.519875,0.0013030581
MarkRutte_MatthijsNieuwkerk.mp4,00:17,angry,68.22287,1.1123015e-08,22.090889,0.0004297703,8.900663,0.0021998584,0.78295004
MarkRutte_MatthijsNieuwkerk.mp4,00:17,angry,51.137024,1.973656e-07,34.038074,0.00028822914,14.630119,0.00018198279,0.19431233
MarkRutte_MatthijsNieuwkerk.mp4,00:17,fear,20.574163,4.758357e-08,77.789925,2.6138337e-05,1.6285592,0.0016835334,0.005647276
MarkRutte_MatthijsNieuwkerk.mp4,00:17,angry,67.38198,1.8573413e-06,31.311884,5.4125274e-05,1.3001772,0.0013402186,0.004566102
MarkRutte_MatthijsNieuwkerk.mp4,00:18,angry,96.76135,6.5905024e-06,1.1806357,5.7241075e-05,2.041427,0.0010581621,0.01545051
MarkRutte_MatthijsNieuwkerk.mp4,00:18,angry,93.9132,3.977283e-08,0.7561402,5.900954e-06,4.9563117,3.9635347e-06,0.3743419
MarkRutte_MatthijsNieuwkerk.mp4,00:18,angry,97.02229,1.4188407e-06,2.1892881,0.00010799253,0.7743451,0.0026473722,0.011316583
MarkRutte_MatthijsNieuwkerk.mp4,00:18,fear,2.6278408,6.3111514e-08,75.76017,0.0011092983,0.05315502,21.557507,0.00021957164
MarkRutte_MatthijsNieuwkerk.mp4,00:18,fear,6.64504,2.029193e-07,89.96411,0.015065363,2.3469658,0.73160464,0.29720575
MarkRutte_MatthijsNieuwkerk.mp4,00:18,fear,5.893888,7.069056e-05,90.31734,0.07675745,3.402569,0.22383341,0.085546
MarkRutte_MatthijsNieuwkerk.mp4,00:18,neutral,31.05584,5.177328e-09,4.0832243,1.0662936,0.042329438,0.04013306,63.712185
MarkRutte_MatthijsNieuwkerk.mp4,00:18,neutral,0.012068887,3.16786e-10,7.9181337,0.069321424,0.0009054731,2.213555,89.78602
MarkRutte_MatthijsNieuwkerk.mp4,00:18,neutral,0.11009624,6.665003e-10,2.0762465,0.20190258,0.0007442081,7.0881987,90.52281
MarkRutte_MatthijsNieuwkerk.mp4,00:18,fear,12.793212,5.3572644e-06,85.097145,0.006784989,1.646378,0.13890731,0.3175714
MarkRutte_MatthijsNieuwkerk.mp4,00:18,sad,10.254564,0.00052089436,16.975018,0.070048094,55.314003,0.084559664,17.301289
MarkRutte_MatthijsNieuwkerk.mp4,00:18,angry,64.92912,6.2154186e-06,2.3028998,0.012614837,14.074976,0.00014868416,18.68023
MarkRutte_MatthijsNieuwkerk.mp4,00:18,neutral,7.981213e-05,5.3365308e-15,0.86302644,0.0042355135,1.6575472e-05,0.10587729,99.02677
MarkRutte_MatthijsNieuwkerk.mp4,00:18,sad,15.727676,4.2436614e-06,12.201009,0.060053676,64.46197,0.016763074,7.5325294
MarkRutte_MatthijsNieuwkerk.mp4,00:18,sad,33.102554,1.06891505e-07,8.856614,0.07550422,45.665173,0.04838558,12.251772
MarkRutte_MatthijsNieuwkerk.mp4,00:18,neutral,30.353403,7.998212e-06,0.27424425,0.30308935,8.951323,6.468097e-05,60.11787
MarkRutte_MatthijsNieuwkerk.mp4,00:18,angry,55.324936,1.6872954e-07,0.11106852,0.027831065,13.51579,2.6866767e-06,31.020376
MarkRutte_MatthijsNieuwkerk.mp4,00:18,neutral,19.816248,1.0382353e-06,0.42423257,0.116417944,20.354805,4.4606026e-05,59.28825
MarkRutte_MatthijsNieuwkerk.mp4,00:18,angry,54.122753,1.1422445e-08,0.082213394,0.003323307,20.632456,1.9423287e-06,25.159258
MarkRutte_MatthijsNieuwkerk.mp4,00:18,neutral,36.65083,6.855554e-08,0.06426271,0.0028789672,14.444965,4.809606e-07,48.83707
MarkRutte_MatthijsNieuwkerk.mp4,00:18,angry,50.68908,1.1566836e-08,0.6013005,0.011929696,35.554714,4.0211266e-06,13.142976
MarkRutte_MatthijsNieuwkerk.mp4,00:18,angry,50.119007,9.217243e-10,29.369825,0.0033297355,20.467934,0.022438226,0.017462896
MarkRutte_MatthijsNieuwkerk.mp4,00:18,fear,11.206357,9.491619e-10,84.01427,0.00042868307,4.7669916,0.010993825,0.00096020487
MarkRutte_MatthijsNieuwkerk.mp4,00:18,angry,90.440575,3.4453194e-06,7.9422846,0.0003096991,0.17317516,1.4026786,0.040977713
MarkRutte_MatthijsNieuwkerk.mp4,00:18,angry,59.881805,3.5300857e-07,2.618612,0.014562196,35.82403,0.00074839854,1.6602367
MarkRutte_MatthijsNieuwkerk.mp4,00:19,sad,36.23787,2.4562846e-07,2.4566324,0.0005035826,60.874405,0.0001350636,0.4304424
MarkRutte_MatthijsNieuwkerk.mp4,00:19,sad,38.056202,4.9169547e-08,4.9118495,0.0031283605,54.638153,0.0002650852,2.3904061
MarkRutte_MatthijsNieuwkerk.mp4,00:19,angry,94.223335,2.2713251e-09,1.2826244,0.0032038307,4.487223,0.00068723597,0.002925474
MarkRutte_MatthijsNieuwkerk.mp4,00:19,angry,50.765144,1.2184243e-10,0.4500309,0.013904297,47.279514,1.3882956e-05,1.4913962
MarkRutte_MatthijsNieuwkerk.mp4,00:19,angry,69.91059,3.9156725e-10,0.065311216,0.007423498,23.387669,7.1880925e-07,6.629011
MarkRutte_MatthijsNieuwkerk.mp4,00:19,angry,90.18182,6.096032e-09,8.05157,0.012241776,1.7311244,0.013258155,0.009986111
MarkRutte_MatthijsNieuwkerk.mp4,00:19,surprise,4.8859076,4.183187e-11,26.78781,0.012742517,0.005029394,68.3085,7.633735e-06
MarkRutte_MatthijsNieuwkerk.mp4,00:19,sad,34.359272,8.100758e-08,29.645359,0.007676497,35.37909,0.014221992,0.5943778
MarkRutte_MatthijsNieuwkerk.mp4,00:19,angry,75.0869,4.9552852e-08,21.470226,0.002314718,3.4359221,0.0031547607,0.0014834044
MarkRutte_MatthijsNieuwkerk.mp4,00:19,fear,45.45311,1.9367947e-07,45.549107,0.15632392,3.880827,4.9566374,0.0039983825
MarkRutte_MatthijsNieuwkerk.mp4,00:19,fear,8.021572,1.0356869e-06,91.347466,0.008444304,0.12352111,0.49897236,2.0801153e-05
MarkRutte_MatthijsNieuwkerk.mp4,00:19,angry,75.86949,3.519734e-08,22.691269,0.012010668,1.3206413,0.10655684,3.826869e-05
MarkRutte_MatthijsNieuwkerk.mp4,00:19,angry,55.01759,6.0546895e-08,1.1730741,0.0041230675,42.812054,0.0002100775,0.99294597
MarkRutte_MatthijsNieuwkerk.mp4,00:19,neutral,14.048295,1.0929922e-08,0.09486203,0.0002795124,29.61714,1.2648383e-07,56.23942
MarkRutte_MatthijsNieuwkerk.mp4,00:19,neutral,17.246553,4.794377e-08,0.32030123,0.0029226402,30.348387,4.930342e-06,52.08183
MarkRutte_MatthijsNieuwkerk.mp4,00:19,neutral,24.48311,7.482212e-08,0.36790985,0.006519287,31.720158,3.317928e-05,43.42227
MarkRutte_MatthijsNieuwkerk.mp4,00:19,neutral,11.9921055,6.5273464e-10,0.05107981,0.0031145427,26.197397,6.7557465e-07,61.756298
MarkRutte_MatthijsNieuwkerk.mp4,00:19,neutral,23.378832,3.7536913e-07,0.23227805,0.0021100463,20.614586,3.792171e-06,55.772186
MarkRutte_MatthijsNieuwkerk.mp4,00:19,sad,47.60582,2.5867466e-08,0.67784345,0.048610263,51.165928,0.00012245479,0.50167626
MarkRutte_MatthijsNieuwkerk.mp4,00:19,neutral,13.977874,2.7048019e-08,0.019490343,0.0092553925,15.651193,1.4513381e-07,70.34219
MarkRutte_MatthijsNieuwkerk.mp4,00:19,neutral,7.057609,1.4826409e-07,0.07315553,0.07566685,10.601642,3.053497e-05,82.191895
MarkRutte_MatthijsNieuwkerk.mp4,00:19,neutral,1.2414109,7.2734063e-09,0.01822196,0.039007295,2.8721173,1.0551699e-05,95.82923
MarkRutte_MatthijsNieuwkerk.mp4,00:19,sad,15.693708,1.3902084e-08,0.23324394,0.07130842,52.844482,0.00013333243,31.157125
MarkRutte_MatthijsNieuwkerk.mp4,00:19,neutral,6.97502,2.8229195e-07,0.68186533,0.019000098,35.30635,0.0008348442,57.016933
MarkRutte_MatthijsNieuwkerk.mp4,00:19,neutral,11.573593,5.5202136e-06,2.7040393,0.012124243,37.317863,0.0063362615,48.38604
MarkRutte_MatthijsNieuwkerk.mp4,00:20,sad,16.362083,2.4975447e-05,3.293667,0.019240404,57.47951,0.008688778,22.83678
MarkRutte_MatthijsNieuwkerk.mp4,00:20,sad,37.280666,8.5796186e-05,3.5694618,0.017687732,52.24783,0.0069834073,6.877282
MarkRutte_MatthijsNieuwkerk.mp4,00:20,angry,53.317284,5.1852618e-05,11.731998,0.013760604,33.653744,0.13723066,1.1459341
MarkRutte_MatthijsNieuwkerk.mp4,00:20,angry,47.09047,0.00015175334,8.030177,0.011605456,43.26789,0.0073209982,1.5923929
MarkRutte_MatthijsNieuwkerk.mp4,00:20,angry,53.03031,0.0020462815,4.5321083,0.02869466,36.644424,0.002591458,5.759819
MarkRutte_MatthijsNieuwkerk.mp4,00:20,angry,56.836964,0.0022751496,5.471166,0.01662443,34.76332,0.003163239,2.9064882
MarkRutte_MatthijsNieuwkerk.mp4,00:20,sad,42.461185,0.00041528483,2.7652135,0.014375178,43.20115,0.001090307,11.55657
MarkRutte_MatthijsNieuwkerk.mp4,00:20,sad,20.713531,7.66839e-05,6.1960106,0.019664958,56.78966,0.0049752966,16.276081
MarkRutte_MatthijsNieuwkerk.mp4,00:20,neutral,19.981203,7.971954e-05,1.7733206,0.01335888,38.70612,0.0005198912,39.5254
MarkRutte_MatthijsNieuwkerk.mp4,00:20,sad,23.050766,6.981493e-05,2.4437594,0.0069539514,41.09638,0.00080249785,33.40127
MarkRutte_MatthijsNieuwkerk.mp4,00:20,neutral,20.79353,9.449343e-05,1.3534914,0.007902054,30.07477,0.00034975397,47.76986
MarkRutte_MatthijsNieuwkerk.mp4,00:20,sad,23.29729,9.367563e-05,3.5849571,0.015342388,46.725376,0.0032655983,26.373669
MarkRutte_MatthijsNieuwkerk.mp4,00:20,neutral,6.152342,7.808072e-06,0.20193593,0.0112877535,6.8639145,0.00016550296,86.77035
MarkRutte_MatthijsNieuwkerk.mp4,00:20,neutral,27.4591,7.757964e-05,1.0748997,0.0032231226,20.53877,0.00017213536,50.92376
MarkRutte_MatthijsNieuwkerk.mp4,00:20,neutral,28.486843,1.0048981e-05,0.4308533,0.0011446577,13.237724,3.959996e-05,57.843395
MarkRutte_MatthijsNieuwkerk.mp4,00:20,neutral,7.293743,1.2372228e-05,0.46439177,0.008133037,17.01286,0.00011539891,75.22075
MarkRutte_MatthijsNieuwkerk.mp4,00:20,neutral,3.8539548,3.4289365e-06,0.7135305,0.009935416,20.535236,0.00036985765,74.88697
MarkRutte_MatthijsNieuwkerk.mp4,00:20,neutral,19.643112,1.9271823e-05,0.8180754,0.007712985,24.364666,0.0001633791,55.166252
MarkRutte_MatthijsNieuwkerk.mp4,00:20,neutral,34.083263,1.5633914e-05,0.9468226,0.008081409,30.684536,0.00013028516,34.277145
MarkRutte_MatthijsNieuwkerk.mp4,00:20,neutral,15.670417,8.967373e-06,0.3116739,0.011388481,15.540422,0.00014863067,68.46594
MarkRutte_MatthijsNieuwkerk.mp4,00:20,neutral,19.201763,5.7032743e-05,0.51884156,0.012226644,25.241783,0.00037987344,55.024944
MarkRutte_MatthijsNieuwkerk.mp4,00:20,neutral,12.931983,6.5544355e-06,0.18490121,0.008135183,10.585951,3.128768e-05,76.289
MarkRutte_MatthijsNieuwkerk.mp4,00:20,neutral,25.332403,3.0581552e-05,0.3749107,0.005118014,22.31283,9.121461e-05,51.974613
MarkRutte_MatthijsNieuwkerk.mp4,00:20,neutral,17.024448,3.0076697e-05,0.41195336,0.016932033,23.539564,0.0002869891,59.006786
MarkRutte_MatthijsNieuwkerk.mp4,00:20,sad,43.200855,0.00038337134,9.601221,0.0045693745,45.103817,0.0045325225,2.0846224
MarkRutte_MatthijsNieuwkerk.mp4,00:21,angry,72.34455,1.4080526e-05,0.8112275,0.0017269187,26.034874,0.012693376,0.7949166
MarkRutte_MatthijsNieuwkerk.mp4,00:21,angry,56.42051,7.2772826e-05,4.289243,0.0066277725,38.175114,0.032200407,1.0762374
MarkRutte_MatthijsNieuwkerk.mp4,00:21,angry,52.229527,9.009197e-05,5.6300035,0.006008698,41.081585,0.03384362,1.018946
MarkRutte_MatthijsNieuwkerk.mp4,00:21,sad,38.557423,1.2047514e-06,0.63183576,0.00660921,42.489494,0.014935199,18.299702
MarkRutte_MatthijsNieuwkerk.mp4,00:21,fear,0.28159294,0.001991356,94.6069,1.9401811,2.6675146,0.4478688,0.05394531
MarkRutte_MatthijsNieuwkerk.mp4,00:21,sad,38.542446,1.2254002e-05,0.6992689,0.0077264947,51.099323,0.0018343318,9.649388
MarkRutte_MatthijsNieuwkerk.mp4,00:21,sad,36.87928,4.2946326e-06,0.46635222,0.0029066873,55.27494,0.0017774291,7.3747454
MarkRutte_MatthijsNieuwkerk.mp4,00:21,sad,33.719193,7.0473197e-06,0.6079032,0.009240229,44.719753,0.003643479,20.940264
MarkRutte_MatthijsNieuwkerk.mp4,00:21,sad,43.015152,1.45829545e-05,1.103818,0.0057534203,53.20781,0.004748431,2.6627038
MarkRutte_MatthijsNieuwkerk.mp4,00:21,sad,36.623814,4.8823126e-06,0.7110119,0.011929496,46.058285,0.005709927,16.589245
MarkRutte_MatthijsNieuwkerk.mp4,00:21,sad,35.75732,5.4179077e-06,0.6698955,0.010664242,44.89846,0.0043521975,18.659298
MarkRutte_MatthijsNieuwkerk.mp4,00:21,sad,45.5202,5.527311e-06,0.5601075,0.0030163892,48.40769,0.00216769,5.5068088
MarkRutte_MatthijsNieuwkerk.mp4,00:21,sad,41.860737,1.3691389e-05,0.43972704,0.0060311262,44.153126,0.0021433986,13.538219
MarkRutte_MatthijsNieuwkerk.mp4,00:21,sad,37.30873,1.3784346e-05,0.9847983,0.003155729,54.553577,0.0015700373,7.1481576
MarkRutte_MatthijsNieuwkerk.mp4,00:21,sad,21.37779,9.0419835e-06,0.26855877,0.0123893665,44.129337,0.0005254558,34.21139
MarkRutte_MatthijsNieuwkerk.mp4,00:21,sad,20.6849,1.2836409e-06,0.49233684,0.0016813221,60.896862,0.002083423,17.92213
MarkRutte_MatthijsNieuwkerk.mp4,00:21,neutral,15.49818,1.4642687e-06,0.3169019,0.0021829957,34.459038,0.0009967269,49.7227
MarkRutte_MatthijsNieuwkerk.mp4,00:21,sad,28.526642,1.210121e-05,0.90022755,0.0023277097,61.26666,0.0024920818,9.301647
MarkRutte_MatthijsNieuwkerk.mp4,00:21,sad,21.69227,2.013436e-06,0.7748768,0.0022855108,55.274487,0.0033133563,22.252766
MarkRutte_MatthijsNieuwkerk.mp4,00:21,neutral,24.77449,8.645096e-06,0.2856973,0.0057329596,27.452688,0.00040469662,47.480976
MarkRutte_MatthijsNieuwkerk.mp4,00:21,sad,34.64431,9.195184e-06,0.81820923,0.0023160982,50.537945,0.0021414747,13.9950695
MarkRutte_MatthijsNieuwkerk.mp4,00:21,sad,25.87473,5.863132e-06,0.3356591,0.0025629292,45.097603,0.00033023744,28.689117
MarkRutte_MatthijsNieuwkerk.mp4,00:21,angry,36.490585,1.5357342e-05,0.44133487,0.0045253085,30.547567,0.00037320663,32.515594
MarkRutte_MatthijsNieuwkerk.mp4,00:21,sad,23.151903,9.799004e-07,0.43909985,0.0010508904,56.761322,0.000553023,19.646069
MarkRutte_MatthijsNieuwkerk.mp4,00:21,angry,46.40165,2.9274446e-05,0.6658615,0.0011145648,45.24157,0.0013662225,7.6884074
MarkRutte_MatthijsNieuwkerk.mp4,00:22,angry,44.58757,2.1265005e-06,0.47001815,0.001239052,43.412037,0.0018176709,11.52731
MarkRutte_MatthijsNieuwkerk.mp4,00:22,sad,18.615496,3.797159e-06,0.43739307,0.0023838612,51.7695,0.0011122592,29.174103
MarkRutte_MatthijsNieuwkerk.mp4,00:22,angry,42.576138,5.8462014e-05,0.9758949,0.013103246,38.586155,0.0016999777,17.846947
MarkRutte_MatthijsNieuwkerk.mp4,00:22,sad,27.287384,2.390655e-06,1.8685164,0.002393809,64.55752,0.002701,6.2814884
MarkRutte_MatthijsNieuwkerk.mp4,00:22,fear,1.5167521,1.1383936e-06,94.172264,0.011657902,1.7184758,2.522858,0.057997905
MarkRutte_MatthijsNieuwkerk.mp4,00:22,angry,65.50688,0.0001472824,19.456127,0.037943337,11.101731,1.6573489,2.239812
MarkRutte_MatthijsNieuwkerk.mp4,00:22,fear,2.8449838,1.0293825e-05,85.47725,0.018155063,10.153857,1.1338742,0.37186563
MarkRutte_MatthijsNieuwkerk.mp4,00:22,sad,10.291716,6.9502157e-06,10.379515,0.08416815,47.604404,0.041303243,31.59889
MarkRutte_MatthijsNieuwkerk.mp4,00:22,sad,9.021974,4.527282e-06,8.259147,0.028006148,52.50695,0.016653655,30.167257
MarkRutte_MatthijsNieuwkerk.mp4,00:22,sad,20.177584,4.721829e-05,7.251725,0.115479164,40.387413,0.01614781,32.05161
MarkRutte_MatthijsNieuwkerk.mp4,00:22,sad,11.820328,0.00024955967,27.062288,0.017848192,48.430454,0.027161228,12.641671
MarkRutte_MatthijsNieuwkerk.mp4,00:22,sad,28.113754,1.8532362e-05,0.61190146,0.0024769474,39.433064,0.00037029857,31.83842
MarkRutte_MatthijsNieuwkerk.mp4,00:22,sad,8.586102,6.184906e-05,7.942959,0.013157696,44.05756,0.008354167,39.3918
MarkRutte_MatthijsNieuwkerk.mp4,00:22,fear,5.3121424,0.00013889367,74.49745,0.038087346,18.184254,0.24645093,1.7214756
MarkRutte_MatthijsNieuwkerk.mp4,00:22,fear,0.34816176,2.3122098e-07,97.44242,0.004044594,1.3496612,0.84300554,0.012697546
MarkRutte_MatthijsNieuwkerk.mp4,00:22,fear,2.564658,7.9843943e-07,85.30691,0.0118404245,10.676098,1.3883548,0.052149795
MarkRutte_MatthijsNieuwkerk.mp4,00:22,fear,7.9457917,1.7309383e-06,45.386414,0.024925461,45.203896,0.0077882344,1.4311907
MarkRutte_MatthijsNieuwkerk.mp4,00:22,sad,7.8123255,6.7107925e-07,5.8133903,0.016992684,76.305954,0.0005902224,10.050753
MarkRutte_MatthijsNieuwkerk.mp4,00:22,sad,26.564783,5.502855e-09,3.5814219,0.0019359717,69.486435,2.7718186e-05,0.36539826
MarkRutte_MatthijsNieuwkerk.mp4,00:22,sad,35.82482,9.351475e-10,2.0490768,8.260049e-06,62.054104,1.271069e-06,0.071993314
MarkRutte_MatthijsNieuwkerk.mp4,00:22,sad,46.650723,4.0651014e-11,2.398315,8.717288e-06,50.852036,2.4076973e-08,0.09892246
MarkRutte_MatthijsNieuwkerk.mp4,00:22,angry,77.84047,2.0855144e-11,0.03357422,3.2842197e-06,21.388252,6.3417778e-09,0.73769385
MarkRutte_MatthijsNieuwkerk.mp4,00:22,angry,79.98775,1.8609982e-10,0.07805096,0.000104250976,19.809942,7.581233e-08,0.12415776
MarkRutte_MatthijsNieuwkerk.mp4,00:22,sad,31.747013,1.8833157e-09,0.9691467,8.855625e-06,66.38757,9.5306774e-07,0.89626414
MarkRutte_MatthijsNieuwkerk.mp4,00:22,sad,46.765778,6.561673e-10,0.98708814,2.3821662e-05,51.578163,5.021306e-07,0.668944
MarkRutte_MatthijsNieuwkerk.mp4,00:23,angry,64.68105,1.202611e-10,0.108853936,7.412635e-05,34.919323,5.8206606e-08,0.29069299
MarkRutte_MatthijsNieuwkerk.mp4,00:23,angry,71.93183,6.981997e-11,0.09253881,1.17422005e-05,27.830751,1.722982e-07,0.1448649
MarkRutte_MatthijsNieuwkerk.mp4,00:23,angry,63.394512,5.698625e-10,1.0609182,2.3725059e-05,35.469273,7.4971024e-07,0.075272135
MarkRutte_MatthijsNieuwkerk.mp4,00:23,angry,91.60151,2.2395905e-11,0.55602777,5.5399913e-05,7.8412633,7.0337505e-06,0.0011406859
MarkRutte_MatthijsNieuwkerk.mp4,00:23,angry,71.84455,1.0243156e-14,0.095098265,2.6292623e-06,28.059408,7.694918e-09,0.00094351755
MarkRutte_MatthijsNieuwkerk.mp4,00:23,angry,93.14704,2.0016549e-13,6.147549,7.165397e-06,0.70538384,1.456761e-06,1.6152511e-05
MarkRutte_MatthijsNieuwkerk.mp4,00:23,angry,97.885864,1.1371773e-14,0.046438947,4.340224e-06,2.0671694,8.762585e-08,0.0005145912
MarkRutte_MatthijsNieuwkerk.mp4,00:23,angry,90.29664,1.821203e-12,6.728948,4.2920743e-05,2.9738855,2.4508734e-05,0.00046748054
MarkRutte_MatthijsNieuwkerk.mp4,00:23,angry,86.51094,1.018987e-12,1.4273698,1.2471093e-05,12.058724,1.0008184e-06,0.0029583347
MarkRutte_MatthijsNieuwkerk.mp4,00:23,sad,41.780605,1.2003844e-10,0.20265932,1.6859352e-05,56.21532,8.029523e-08,1.8014041
MarkRutte_MatthijsNieuwkerk.mp4,00:23,sad,39.944824,2.1688754e-10,0.36640817,8.798614e-05,58.551807,7.480408e-07,1.1368784
MarkRutte_MatthijsNieuwkerk.mp4,00:23,angry,85.283455,1.9445325e-13,0.6486659,2.4572477e-05,14.061369,2.7231408e-07,0.006479761
MarkRutte_MatthijsNieuwkerk.mp4,00:23,angry,91.52038,5.851802e-13,0.129903,8.49408e-05,8.342578,1.6525661e-07,0.0070644408
MarkRutte_MatthijsNieuwkerk.mp4,00:23,angry,96.38022,1.6235539e-12,0.15148795,9.678179e-05,3.466165,7.838498e-06,0.0020353675
MarkRutte_MatthijsNieuwkerk.mp4,00:23,angry,78.10544,1.3775517e-11,0.6883869,0.0005883662,21.190634,5.563875e-06,0.014944924
MarkRutte_MatthijsNieuwkerk.mp4,00:23,angry,76.21819,1.1291293e-13,0.36454317,2.6761963e-05,23.415577,1.7687884e-07,0.0016652812
MarkRutte_MatthijsNieuwkerk.mp4,00:23,angry,92.113106,8.175129e-15,0.47729856,2.046778e-06,7.409219,3.0081726e-08,0.0003837449
MarkRutte_MatthijsNieuwkerk.mp4,00:23,angry,59.354263,1.2489644e-10,16.234095,0.0009880194,24.406591,0.00021165804,0.0038543993
MarkRutte_MatthijsNieuwkerk.mp4,00:23,angry,63.521458,2.1061254e-10,1.7058244,0.00034993986,34.75847,3.1274954e-05,0.013869042
MarkRutte_MatthijsNieuwkerk.mp4,00:23,angry,80.12608,3.952816e-09,0.94593114,0.0004470894,18.85424,3.947407e-05,0.07326516
MarkRutte_MatthijsNieuwkerk.mp4,00:23,angry,65.40289,1.1576142e-09,3.0945697,0.0005575752,31.306713,1.9880112e-05,0.19525537
MarkRutte_MatthijsNieuwkerk.mp4,00:23,angry,85.29189,1.5887518e-10,1.6694897,0.00019019895,13.014452,2.4831697e-05,0.023947312
MarkRutte_MatthijsNieuwkerk.mp4,00:23,angry,76.06733,2.220871e-10,4.6093273,0.00022852066,19.270058,4.958257e-05,0.053010926
MarkRutte_MatthijsNieuwkerk.mp4,00:23,angry,88.37035,7.8205836e-10,0.22996344,0.0031090302,11.374065,3.6241076e-05,0.022471987
MarkRutte_MatthijsNieuwkerk.mp4,00:23,angry,72.73115,7.825024e-08,3.9775877,0.00032878222,23.12358,0.00011482539,0.16724733
MarkRutte_MatthijsNieuwkerk.mp4,00:24,angry,73.07165,2.2409505e-10,0.17075437,0.0006368952,26.713896,9.777472e-06,0.043052983
MarkRutte_MatthijsNieuwkerk.mp4,00:24,angry,70.54686,1.4253285e-08,1.9709909,0.0008621094,27.32082,6.2657586e-05,0.16040784
MarkRutte_MatthijsNieuwkerk.mp4,00:24,angry,88.09797,3.4982317e-10,0.26791218,0.0023027686,11.537925,5.8630674e-05,0.09383601
MarkRutte_MatthijsNieuwkerk.mp4,00:24,angry,90.15752,2.400516e-10,0.16512184,0.0022965716,9.582213,4.4524873e-05,0.09281516
MarkRutte_MatthijsNieuwkerk.mp4,00:24,angry,92.52394,1.6979299e-10,0.065629415,0.0009389905,7.355275,1.2336875e-05,0.05420582
MarkRutte_MatthijsNieuwkerk.mp4,00:24,angry,85.18849,8.106646e-11,0.3615883,0.0002418516,14.425246,5.5511096e-06,0.024423962
MarkRutte_MatthijsNieuwkerk.mp4,00:24,angry,91.75692,7.2740064e-11,0.09881732,0.00014215763,8.122075,1.1226819e-06,0.022041546
MarkRutte_MatthijsNieuwkerk.mp4,00:24,angry,92.23532,1.2593719e-08,0.632847,0.006687805,7.070251,0.00047075754,0.054427654
MarkRutte_MatthijsNieuwkerk.mp4,00:24,angry,86.160095,2.1401304e-10,0.5404824,0.0017778004,13.2438345,2.6123798e-05,0.05379396
MarkRutte_MatthijsNieuwkerk.mp4,00:24,angry,81.05502,2.5731772e-10,0.48420754,0.000379283,18.436195,8.6179025e-06,0.024179963
MarkRutte_MatthijsNieuwkerk.mp4,00:24,angry,90.7913,1.9640823e-12,0.35305563,0.0003617493,8.849545,2.4659819e-06,0.0057420153
MarkRutte_MatthijsNieuwkerk.mp4,00:24,angry,82.54394,1.7063236e-10,0.42074588,0.00035929444,17.014183,7.1360814e-06,0.020781048
MarkRutte_MatthijsNieuwkerk.mp4,00:24,angry,77.433525,6.539424e-11,0.37523457,0.00014292833,22.177725,2.8072668e-06,0.013370153
MarkRutte_MatthijsNieuwkerk.mp4,00:24,angry,87.646614,5.010403e-10,4.4451404,0.00022757554,7.873934,4.954263e-05,0.03402897
MarkRutte_MatthijsNieuwkerk.mp4,00:24,angry,71.505455,3.9218364e-12,2.379608,9.485737e-06,26.109581,7.514159e-07,0.0053484975
MarkRutte_MatthijsNieuwkerk.mp4,00:24,angry,93.3308,9.587872e-10,2.286863,6.464743e-05,4.3701396,9.495185e-06,0.012117046
MarkRutte_MatthijsNieuwkerk.mp4,00:24,angry,85.74834,2.8821812e-10,7.809026,2.1089521e-05,6.439317,5.513211e-06,0.003290794
MarkRutte_MatthijsNieuwkerk.mp4,00:24,angry,92.1128,2.62873e-12,0.4167252,7.661603e-06,7.4651556,2.5441862e-08,0.0053124838
MarkRutte_MatthijsNieuwkerk.mp4,00:24,angry,68.412,1.8580474e-08,5.8714323,0.00015994339,25.643698,2.7169648e-05,0.07267409
MarkRutte_MatthijsNieuwkerk.mp4,00:24,angry,93.31659,2.7303184e-11,5.321306,3.6593967e-05,1.3615631,2.7931106e-05,0.0004773958
MarkRutte_MatthijsNieuwkerk.mp4,00:24,angry,89.64401,7.6348615e-12,10.137504,0.00013916692,0.21789116,0.0004342185,2.2784185e-05
MarkRutte_MatthijsNieuwkerk.mp4,00:24,angry,97.318855,4.2753284e-12,2.562032,7.741882e-05,0.11889904,7.897875e-05,5.7998288e-05
MarkRutte_MatthijsNieuwkerk.mp4,00:24,fear,41.978695,7.298817e-08,54.018784,0.0060728686,3.9634838,0.009887774,0.02307604
MarkRutte_MatthijsNieuwkerk.mp4,00:24,sad,14.984164,2.9703884e-05,12.524887,0.07934173,53.992424,0.022747723,18.396416
MarkRutte_MatthijsNieuwkerk.mp4,00:24,fear,13.290048,0.04120962,59.842056,0.060127594,21.62772,0.13411565,5.00472
MarkRutte_MatthijsNieuwkerk.mp4,00:25,sad,14.661187,0.05023699,25.903776,0.107242525,44.44758,0.2465881,14.583397
MarkRutte_MatthijsNieuwkerk.mp4,00:25,angry,65.97822,4.2644734,14.610598,0.470675,10.108158,0.34836733,4.219513
MarkRutte_MatthijsNieuwkerk.mp4,00:25,angry,83.052216,0.35496348,2.9557903,0.1668826,10.128547,0.15343639,3.1881745
MarkRutte_MatthijsNieuwkerk.mp4,00:25,angry,76.726685,0.5240112,1.9992342,0.080584735,18.703947,0.011390613,1.9541525
MarkRutte_MatthijsNieuwkerk.mp4,00:25,angry,84.59821,0.2032391,4.5203795,0.078534715,10.160871,0.12119284,0.31757125
MarkRutte_MatthijsNieuwkerk.mp4,00:25,angry,58.239124,0.3898287,5.2248697,0.0914501,29.478071,0.040818553,6.535836
MarkRutte_MatthijsNieuwkerk.mp4,00:25,sad,27.139845,0.015022635,3.32726,0.09920479,68.243805,0.027639039,1.1472311
MarkRutte_MatthijsNieuwkerk.mp4,00:25,angry,39.457573,0.00024769237,38.035225,0.14766647,20.264154,0.5196172,1.5755304
MarkRutte_MatthijsNieuwkerk.mp4,00:25,angry,46.82502,0.0042030555,45.99538,0.22960117,4.768927,2.0491304,0.12774685
MarkRutte_MatthijsNieuwkerk.mp4,00:25,angry,49.84156,0.082724534,3.9535227,0.34783387,25.127893,0.02246822,20.623991
MarkRutte_MatthijsNieuwkerk.mp4,00:25,angry,38.316666,0.03934038,2.3358257,0.070384115,35.4521,0.017269874,23.768425
MarkRutte_MatthijsNieuwkerk.mp4,00:25,sad,36.355053,0.09426568,5.544058,0.021314742,47.866585,0.06713163,10.051592
MarkRutte_MatthijsNieuwkerk.mp4,00:25,angry,97.70198,0.009181753,1.5942581,0.018301064,0.65889543,0.0018211599,0.015568157
MarkRutte_MatthijsNieuwkerk.mp4,00:25,sad,29.953234,0.00961096,2.3451247,0.043496888,66.98293,0.0038115343,0.66179925
MarkRutte_MatthijsNieuwkerk.mp4,00:25,neutral,4.159496,0.0036633397,1.720708,1.5768142,37.69203,0.059653856,54.787632
MarkRutte_MatthijsNieuwkerk.mp4,00:25,neutral,14.601689,0.0140283415,1.5288857,0.2536997,35.142223,0.0107154,48.448765
MarkRutte_MatthijsNieuwkerk.mp4,00:25,angry,87.99423,1.3263842,7.351307,0.021900412,3.1681015,0.0105543425,0.12752356
MarkRutte_MatthijsNieuwkerk.mp4,00:25,angry,68.425674,1.5425619,13.56384,0.016319608,14.387241,0.19570184,1.8686602
MarkRutte_MatthijsNieuwkerk.mp4,00:25,angry,45.914577,0.057612006,26.139788,0.035754893,26.67578,0.0046972525,1.1717962
MarkRutte_MatthijsNieuwkerk.mp4,00:25,sad,13.161109,0.018417176,4.5341806,0.080996364,78.74011,0.034112092,3.4310737
MarkRutte_MatthijsNieuwkerk.mp4,00:25,sad,23.302807,0.30845928,2.6157312,0.22578059,57.882355,0.19007953,15.474786
MarkRutte_MatthijsNieuwkerk.mp4,00:25,angry,44.592037,1.3941187,2.3224852,0.11747328,40.554142,0.013893206,11.005853
MarkRutte_MatthijsNieuwkerk.mp4,00:25,sad,27.46934,0.060358524,1.5497832,0.060901515,47.814713,0.02476147,23.020145
MarkRutte_MatthijsNieuwkerk.mp4,00:25,angry,58.60794,1.092773,5.950208,0.08190818,27.72104,0.32751852,6.2186112
MarkRutte_MatthijsNieuwkerk.mp4,00:25,sad,17.95415,0.99290496,6.1788125,0.0068548406,68.81763,0.016791712,6.0328574
MarkRutte_MatthijsNieuwkerk.mp4,00:26,sad,22.745802,0.5842969,5.02693,0.014337264,61.089314,0.070417635,10.468901
MarkRutte_MatthijsNieuwkerk.mp4,00:26,sad,37.555145,0.9415168,3.4753833,0.02378247,45.900078,0.16681117,11.937286
MarkRutte_MatthijsNieuwkerk.mp4,00:26,angry,50.453598,3.2165575,8.041933,0.039334107,31.957918,0.3197999,5.9708595
MarkRutte_MatthijsNieuwkerk.mp4,00:26,sad,30.391975,0.5826876,3.5996573,0.0032651878,57.417324,0.028372422,7.976706
MarkRutte_MatthijsNieuwkerk.mp4,00:26,sad,21.563871,0.28785548,4.0185547,0.004903142,68.28797,0.026689602,5.8101583
MarkRutte_MatthijsNieuwkerk.mp4,00:26,sad,21.274399,1.2257268,7.5867996,0.002341979,63.2109,0.040275026,6.659561
MarkRutte_MatthijsNieuwkerk.mp4,00:26,sad,30.261799,0.612029,3.9363341,0.0021637587,58.561283,0.04393818,6.5824475
MarkRutte_MatthijsNieuwkerk.mp4,00:26,sad,36.885075,0.7210496,10.109657,0.012432744,45.18957,0.36147776,6.720738
MarkRutte_MatthijsNieuwkerk.mp4,00:26,sad,23.415567,0.6974866,6.7522187,0.021026755,60.64606,0.32442066,8.143214
MarkRutte_MatthijsNieuwkerk.mp4,00:26,sad,31.672215,1.0710247,13.296158,0.01557389,48.16126,0.300743,5.4830284
MarkRutte_MatthijsNieuwkerk.mp4,00:26,sad,12.788397,0.09448398,1.9233391,0.0040734517,81.71591,0.018670792,3.45513
MarkRutte_MatthijsNieuwkerk.mp4,00:26,sad,33.60301,2.9431388,8.569381,0.009501761,48.754684,0.22473514,5.895554
MarkRutte_MatthijsNieuwkerk.mp4,00:26,sad,17.621893,0.19246879,2.5128894,0.00029240188,75.77074,0.002491275,3.8992307
MarkRutte_MatthijsNieuwkerk.mp4,00:26,angry,56.435772,0.31293127,3.3501756,0.008466196,33.446323,0.043866687,6.402472
MarkRutte_MatthijsNieuwkerk.mp4,00:26,angry,91.403114,0.10176268,3.4411318,0.02155382,4.36775,0.020716088,0.6439714
MarkRutte_MatthijsNieuwkerk.mp4,00:26,sad,37.956734,0.05922378,2.111385,0.021628136,50.468224,0.067565225,9.315244
MarkRutte_MatthijsNieuwkerk.mp4,00:26,angry,86.32964,0.40515614,1.4250668,0.0024750228,11.300705,0.022652006,0.5143127
MarkRutte_MatthijsNieuwkerk.mp4,00:26,angry,67.391655,1.3778156,1.5871488,0.0010346362,25.242939,0.001276531,4.3981357
MarkRutte_MatthijsNieuwkerk.mp4,00:26,angry,72.889595,8.354346,1.7526822,0.0027716972,14.75024,0.26358095,1.9867787
MarkRutte_MatthijsNieuwkerk.mp4,00:26,angry,76.5013,3.5874925,7.993258,0.003253268,9.606032,0.03928933,2.269376
MarkRutte_MatthijsNieuwkerk.mp4,00:26,angry,51.88673,0.10082875,7.782063,5.574479e-05,39.99851,0.00022896225,0.23159261
MarkRutte_MatthijsNieuwkerk.mp4,00:26,angry,74.878685,0.0064003766,0.83441514,0.00015743505,24.238054,6.7567835e-06,0.04229001
MarkRutte_MatthijsNieuwkerk.mp4,00:26,angry,86.94441,0.010487427,1.0825619,0.29624337,9.743614,0.0019930406,1.9207022
MarkRutte_MatthijsNieuwkerk.mp4,00:26,angry,65.80512,0.0020162181,6.166762,0.3861267,27.430088,0.001467212,0.20841803
MarkRutte_MatthijsNieuwkerk.mp4,00:27,angry,72.85026,0.09917816,0.7315565,4.377978,21.729864,9.457248e-05,0.21107611
MarkRutte_MatthijsNieuwkerk.mp4,00:27,disgust,4.2993884,87.82944,3.4486241,0.54211044,2.0454998,0.6038411,1.2311007
MarkRutte_MatthijsNieuwkerk.mp4,00:27,sad,14.407953,24.195986,8.091797,3.7581894,48.941986,0.013033433,0.5910516
MarkRutte_MatthijsNieuwkerk.mp4,00:27,fear,8.887661,5.2706327,72.23924,2.9335128e-05,13.567062,0.0051717274,0.030207718
MarkRutte_MatthijsNieuwkerk.mp4,00:27,sad,23.484848,1.417298,3.6057448,0.05009456,69.27727,0.0021522501,2.162588
MarkRutte_MatthijsNieuwkerk.mp4,00:27,sad,35.85737,1.7977176,12.925261,0.00080210663,48.922012,0.0007049732,0.49613816
MarkRutte_MatthijsNieuwkerk.mp4,00:27,sad,37.218323,0.17151022,6.0124555,0.0006509678,55.559853,0.00023306171,1.036978
MarkRutte_MatthijsNieuwkerk.mp4,00:27,angry,36.77821,4.2442155,29.163084,0.0010043905,28.642076,0.0029154895,1.1684924
MarkRutte_MatthijsNieuwkerk.mp4,00:27,angry,62.50705,0.57023,5.8659453,0.0001865121,30.650131,0.00010490814,0.40634906
MarkRutte_MatthijsNieuwkerk.mp4,00:27,disgust,33.975918,34.90588,18.046091,0.000991891,12.746093,0.014815816,0.31021896
MarkRutte_MatthijsNieuwkerk.mp4,00:27,angry,72.12836,17.158731,6.235129,0.00013952712,4.3165946,0.04670482,0.11434505
MarkRutte_MatthijsNieuwkerk.mp4,00:27,angry,45.012157,15.4126005,14.909824,0.0012898362,22.663502,0.12302413,1.8776042
MarkRutte_MatthijsNieuwkerk.mp4,00:27,angry,50.37404,8.0352545,19.33849,0.00034249108,21.92029,0.006790575,0.32479796
MarkRutte_MatthijsNieuwkerk.mp4,00:27,angry,51.99681,7.803999,11.614637,0.0004071718,28.187126,0.0016551921,0.3953653
MarkRutte_MatthijsNieuwkerk.mp4,00:27,angry,78.39245,11.316814,5.024164,0.00079881854,4.4690466,0.0030305176,0.79370236
MarkRutte_MatthijsNieuwkerk.mp4,00:27,angry,59.36138,1.5308149,2.613803,1.188317e-05,35.002075,0.0005462743,1.4913695
MarkRutte_MatthijsNieuwkerk.mp4,00:27,angry,71.08059,8.051632,6.6913767,0.0025230586,13.552976,0.011148321,0.6097752
MarkRutte_MatthijsNieuwkerk.mp4,00:27,angry,70.728035,7.4601912,3.6106691,9.767398e-06,17.794971,0.00040986098,0.40571523
MarkRutte_MatthijsNieuwkerk.mp4,00:27,angry,62.681034,6.961259,6.999319,9.402037e-05,23.094234,0.0024670837,0.26159585
MarkRutte_MatthijsNieuwkerk.mp4,00:27,angry,43.81946,5.059018,8.101572,0.00011911248,42.18685,0.0009980599,0.83198047
MarkRutte_MatthijsNieuwkerk.mp4,00:27,angry,80.11496,0.76765954,2.4474342,3.9160673e-06,16.293179,0.00012042125,0.37664297
MarkRutte_MatthijsNieuwkerk.mp4,00:27,angry,81.82508,2.3678777,6.2409277,1.0650851e-06,9.4037695,0.0006450892,0.1617033
MarkRutte_MatthijsNieuwkerk.mp4,00:27,angry,65.22272,2.4743192,10.480667,3.865471e-05,20.550518,0.036612187,1.2351254
MarkRutte_MatthijsNieuwkerk.mp4,00:27,angry,75.864685,1.0885655,8.838106,7.762616e-06,13.903295,0.0014240529,0.30391702
MarkRutte_MatthijsNieuwkerk.mp4,00:28,angry,43.3679,32.660625,8.390191,0.001220805,13.526826,0.15346059,1.8997834
MarkRutte_MatthijsNieuwkerk.mp4,00:28,angry,65.59583,0.7102764,2.2216501,2.8985005e-05,30.347391,0.0029987202,1.121811
MarkRutte_MatthijsNieuwkerk.mp4,00:28,disgust,40.247883,43.183483,9.486637,0.0010648868,4.861605,0.55254346,1.6667815
MarkRutte_MatthijsNieuwkerk.mp4,00:28,angry,66.779495,10.784611,8.5124235,0.0007768888,12.9434805,0.01903325,0.9601858
MarkRutte_MatthijsNieuwkerk.mp4,00:28,angry,53.69674,0.7264253,4.5984383,0.0010011584,27.412525,0.041411612,13.523465
MarkRutte_MatthijsNieuwkerk.mp4,00:28,angry,70.853714,4.129143,2.8154979,0.0005047898,18.208761,0.03523033,3.9571464
MarkRutte_MatthijsNieuwkerk.mp4,00:28,angry,91.90526,5.3455086,0.95606637,5.925425e-06,1.658811,0.00046197773,0.1338928
MarkRutte_MatthijsNieuwkerk.mp4,00:28,angry,96.462166,0.6383537,0.5559904,6.403853e-06,2.1834493,9.47686e-05,0.15994549
MarkRutte_MatthijsNieuwkerk.mp4,00:28,angry,82.77915,0.60749793,7.3723207,6.0111677e-05,8.271642,0.0020958486,0.96723455
MarkRutte_MatthijsNieuwkerk.mp4,00:28,sad,42.427765,0.5213692,8.781839,0.000121443314,44.349846,0.00078458496,3.918273
MarkRutte_MatthijsNieuwkerk.mp4,00:28,angry,69.63966,0.9022627,2.1489177,0.00015256518,24.500933,0.0012542163,2.806811
MarkRutte_MatthijsNieuwkerk.mp4,00:28,angry,69.12192,18.425879,4.1218534,0.00028143285,7.351373,0.007036714,0.97166544
MarkRutte_MatthijsNieuwkerk.mp4,00:28,angry,60.0049,16.545845,8.791135,0.0006724272,14.535165,0.005124074,0.11715696
MarkRutte_MatthijsNieuwkerk.mp4,00:28,angry,68.01697,17.274443,3.2858438,0.00051149994,11.134731,0.009470879,0.27803233
MarkRutte_MatthijsNieuwkerk.mp4,00:28,angry,72.03844,5.215103,1.7727995,0.00022239563,19.27871,0.023272796,1.671459
MarkRutte_MatthijsNieuwkerk.mp4,00:28,angry,89.76987,1.1005392,0.76905143,3.1244454e-05,7.35903,0.00019490198,1.0012906
MarkRutte_MatthijsNieuwkerk.mp4,00:28,angry,77.66735,14.48764,1.8967192,2.1873842e-05,5.809895,0.0044662193,0.13390355
MarkRutte_MatthijsNieuwkerk.mp4,00:28,angry,63.28964,4.766758,2.394537,0.00020868903,24.832527,0.09430236,4.622033
MarkRutte_MatthijsNieuwkerk.mp4,00:28,angry,68.836945,7.6118913,4.4449105,1.2823072e-05,18.714144,0.032678746,0.3594299
MarkRutte_MatthijsNieuwkerk.mp4,00:28,disgust,5.2330384,93.319664,1.073968,0.00015929635,0.16915782,0.11455958,0.08945569
MarkRutte_MatthijsNieuwkerk.mp4,00:28,angry,72.65118,9.856771,2.5225284,0.00073250005,11.286256,0.2758406,3.4066937
MarkRutte_MatthijsNieuwkerk.mp4,00:28,angry,51.970707,27.485939,7.5942373,0.0014935478,9.584967,1.2118704,2.150778
MarkRutte_MatthijsNieuwkerk.mp4,00:28,angry,57.12414,12.363379,9.052773,0.0013487013,14.928034,1.239006,5.2913203
MarkRutte_MatthijsNieuwkerk.mp4,00:28,angry,58.921276,13.220819,6.3994555,0.001556198,16.305428,0.75208956,4.399374
MarkRutte_MatthijsNieuwkerk.mp4,00:28,angry,60.879105,21.186394,6.450215,0.0011503914,7.349486,0.632059,3.501595
MarkRutte_MatthijsNieuwkerk.mp4,00:29,disgust,32.413193,43.43524,7.015133,0.0085406015,5.6364264,5.469168,6.0222974
MarkRutte_MatthijsNieuwkerk.mp4,00:29,disgust,0.16009977,99.668564,0.15841863,1.8158366e-07,0.0048832633,0.0080236085,1.752127e-05
MarkRutte_MatthijsNieuwkerk.mp4,00:29,angry,84.8737,1.7189811,3.3001757,0.0007760277,9.7977915,0.015434975,0.29314366
MarkRutte_MatthijsNieuwkerk.mp4,00:29,angry,78.01812,0.24649072,5.540822,0.0009528492,16.008871,0.0009290738,0.1838179
MarkRutte_MatthijsNieuwkerk.mp4,00:29,sad,31.578007,0.005133087,16.057796,0.01570256,50.63565,0.004457463,1.7032576
MarkRutte_MatthijsNieuwkerk.mp4,00:29,sad,5.4759207,0.00030194118,3.6130674,0.041361254,90.026215,0.00043341925,0.84270126
MarkRutte_MatthijsNieuwkerk.mp4,00:29,angry,36.817364,0.025453653,36.48651,0.07372586,25.546373,0.028690279,1.0218933
MarkRutte_MatthijsNieuwkerk.mp4,00:29,sad,10.989566,3.1802327e-05,9.291279,0.075894736,77.82969,6.853729e-05,1.8134748
MarkRutte_MatthijsNieuwkerk.mp4,00:29,sad,12.121992,0.0018572528,9.303101,0.75011665,71.49551,0.0077961325,6.3196363
MarkRutte_MatthijsNieuwkerk.mp4,00:29,sad,8.760926,0.009781574,19.959335,1.201526,68.63217,0.00531914,1.4309379
MarkRutte_MatthijsNieuwkerk.mp4,00:29,angry,55.053,0.053215705,8.308596,1.5846819,32.29276,0.0045703347,2.703172
MarkRutte_MatthijsNieuwkerk.mp4,00:29,angry,90.15228,6.1643295e-05,1.0101136,0.047226273,8.6895685,0.00024845568,0.10050107
MarkRutte_MatthijsNieuwkerk.mp4,00:29,sad,2.9079292,1.7878099e-06,17.258007,3.7114103,75.98708,0.01332036,0.122248776
MarkRutte_MatthijsNieuwkerk.mp4,00:29,angry,58.144333,0.0037173843,1.5776631,0.07149447,0.2194864,39.958042,0.025264775
MarkRutte_MatthijsNieuwkerk.mp4,00:29,angry,45.727936,0.003467701,43.162903,0.54117,9.616171,0.7484537,0.19989784
MarkRutte_MatthijsNieuwkerk.mp4,00:29,sad,6.588087,2.8419485e-05,15.869385,1.2933425,72.84679,0.007860488,3.3945055
MarkRutte_MatthijsNieuwkerk.mp4,00:29,sad,15.95904,1.8483173e-05,6.5730705,0.102135435,76.378075,0.003909773,0.98375857
MarkRutte_MatthijsNieuwkerk.mp4,00:29,sad,31.272858,2.1155012e-05,8.535615,0.420489,57.10585,1.3542012,1.3109587
MarkRutte_MatthijsNieuwkerk.mp4,00:29,surprise,8.267183,7.640153e-06,1.362705,0.11891427,0.42797437,89.803116,0.020104248
MarkRutte_MatthijsNieuwkerk.mp4,00:29,angry,89.62459,0.00076810527,4.7036834,0.6645436,2.491833,2.2317042,0.2828825
MarkRutte_MatthijsNieuwkerk.mp4,00:29,angry,59.76862,0.014998641,19.131464,0.7294934,7.942941,2.3926628,10.019825
MarkRutte_MatthijsNieuwkerk.mp4,00:30,fear,0.21034087,6.2424186e-07,85.905914,5.3711033,7.5749216,0.0006738855,0.93705034
MarkRutte_MatthijsNieuwkerk.mp4,00:30,fear,0.12288618,3.364813e-07,98.961525,0.08421336,0.017961295,0.75917035,0.054241713
MarkRutte_MatthijsNieuwkerk.mp4,00:31,fear,0.008503088,2.9797894e-07,95.38876,0.00041793982,1.1810812,0.027929138,3.3933053
MarkRutte_MatthijsNieuwkerk.mp4,00:31,fear,0.002622221,7.2949906e-06,75.92868,1.0460614,10.474284,0.00011349248,12.548231
MarkRutte_MatthijsNieuwkerk.mp4,00:31,fear,0.0036569592,2.4611254e-05,96.9576,0.88958776,2.140451,3.6290334e-05,0.00863455
MarkRutte_MatthijsNieuwkerk.mp4,00:31,sad,0.0001235288,3.4767683e-07,8.614024,0.11695456,54.454716,4.7436056e-06,36.81418
MarkRutte_MatthijsNieuwkerk.mp4,00:31,angry,63.92244,4.2033647e-05,1.0587231,0.25508842,33.239388,0.006877012,1.5174421
MarkRutte_MatthijsNieuwkerk.mp4,00:31,angry,75.48539,0.00043180364,3.9829946,0.030066712,19.743477,0.0005639902,0.75707513
MarkRutte_MatthijsNieuwkerk.mp4,00:31,angry,80.915825,7.682867e-09,0.052430373,0.0007693518,0.37545645,0.7579642,17.897566
MarkRutte_MatthijsNieuwkerk.mp4,00:31,neutral,0.42036167,1.6057315e-11,0.004350548,1.4988591e-05,10.466439,6.886557e-07,89.10883
MarkRutte_MatthijsNieuwkerk.mp4,00:31,neutral,0.4040833,4.339156e-11,0.012912162,4.1983094e-05,21.994457,4.868942e-06,77.5885
MarkRutte_MatthijsNieuwkerk.mp4,00:31,angry,99.39699,4.0208903e-05,0.11148433,0.011489857,0.45740777,0.006648112,0.015941989
MarkRutte_MatthijsNieuwkerk.mp4,00:31,neutral,0.023604194,1.6874857e-11,0.16065773,0.000119500975,5.537929,0.00041363717,94.277275
MarkRutte_MatthijsNieuwkerk.mp4,00:31,sad,12.530407,0.0005999423,36.00924,0.29805446,41.98701,1.34546,7.8292255
MarkRutte_MatthijsNieuwkerk.mp4,00:31,fear,15.017951,0.0027439978,36.47139,1.1202052,29.365408,0.7565757,17.265734
MarkRutte_MatthijsNieuwkerk.mp4,00:31,fear,1.9455034,0.0029766967,75.67181,0.24133003,21.584217,0.17018679,0.38398683
MarkRutte_MatthijsNieuwkerk.mp4,00:31,fear,14.89607,0.038888376,61.681194,0.24029675,19.970652,0.18292928,2.9899757
MarkRutte_MatthijsNieuwkerk.mp4,00:31,angry,49.07002,0.0023754179,35.03371,1.1602948,13.739469,0.06456899,0.9295631
MarkRutte_MatthijsNieuwkerk.mp4,00:31,fear,31.244215,0.01239526,34.174507,0.17988867,24.218552,0.6744657,9.495979
MarkRutte_MatthijsNieuwkerk.mp4,00:32,fear,32.25247,0.040906258,32.564392,0.88265973,24.931747,0.67238647,8.655437
MarkRutte_MatthijsNieuwkerk.mp4,00:32,sad,15.611193,5.057025e-09,0.2787173,2.7803273e-06,69.94968,2.9166586e-07,14.1604185
MarkRutte_MatthijsNieuwkerk.mp4,00:32,sad,0.38359013,0.0005296955,39.36088,0.02186535,59.560757,7.953585e-07,0.6723713
MarkRutte_MatthijsNieuwkerk.mp4,00:32,angry,98.83991,0.020943172,0.20491892,0.0008581116,0.74074215,0.0021629662,0.19044924
MarkRutte_MatthijsNieuwkerk.mp4,00:32,neutral,5.866363,3.8431773e-09,0.030831238,9.9535304e-05,10.482527,9.37196e-08,83.62018
MarkRutte_MatthijsNieuwkerk.mp4,00:33,neutral,0.39674032,2.0162085e-10,0.0022356198,6.4152424e-05,0.18959361,0.0001931102,99.41118
MarkRutte_MatthijsNieuwkerk.mp4,00:35,fear,4.1629972,0.015130666,69.304306,0.002890753,26.124311,0.00067290035,0.3896966
MarkRutte_MatthijsNieuwkerk.mp4,00:35,fear,10.878626,0.00063700275,71.31329,0.13873473,15.989251,0.21257086,1.4668914
MarkRutte_MatthijsNieuwkerk.mp4,00:35,fear,7.196701,0.029239055,89.169075,0.004804198,3.4533842,0.10766294,0.03913267
MarkRutte_MatthijsNieuwkerk.mp4,00:35,fear,7.4350634,0.008881845,70.55676,0.36706164,20.6899,0.04479874,0.8975299
MarkRutte_MatthijsNieuwkerk.mp4,00:35,fear,7.415541,0.009219533,70.54478,0.37881485,20.690804,0.045949385,0.9148999
MarkRutte_MatthijsNieuwkerk.mp4,00:35,fear,7.4584155,0.008984379,70.54591,0.3710101,20.669212,0.044822745,0.90164554
MarkRutte_MatthijsNieuwkerk.mp4,00:35,fear,5.2321835,0.043055467,91.81572,0.047015153,2.7103007,0.028588524,0.12314777
MarkRutte_MatthijsNieuwkerk.mp4,00:35,fear,5.2321835,0.043055467,91.81572,0.047015153,2.7103007,0.028588524,0.12314777
MarkRutte_MatthijsNieuwkerk.mp4,00:35,fear,5.2321835,0.043055467,91.81572,0.047015153,2.7103007,0.028588524,0.12314777
MarkRutte_MatthijsNieuwkerk.mp4,00:35,fear,3.2476306,0.033251647,95.541626,0.048507225,1.0599686,0.023068951,0.045941703
MarkRutte_MatthijsNieuwkerk.mp4,00:35,fear,0.90774846,0.00062208343,98.036995,0.019271104,0.9510229,0.0035072865,0.08084384
MarkRutte_MatthijsNieuwkerk.mp4,00:35,fear,0.17492753,0.0012855775,98.77781,0.006327455,0.99421793,0.0036648482,0.04175813
MarkRutte_MatthijsNieuwkerk.mp4,00:35,angry,34.410816,0.012172168,21.496431,8.783583,33.069607,0.0034383123,2.223955
MarkRutte_MatthijsNieuwkerk.mp4,00:35,happy,0.65882504,0.00023286846,6.7326713,92.535805,0.07184763,0.0004841404,0.00013695809
MarkRutte_MatthijsNieuwkerk.mp4,00:36,angry,93.9438,6.33301e-05,0.33880082,0.0015022149,4.639624,0.00033222183,1.0758816
MarkRutte_MatthijsNieuwkerk.mp4,00:36,happy,0.015922323,2.8814736e-07,0.023290742,99.957344,0.0034196812,9.226736e-06,1.1119023e-05
MarkRutte_MatthijsNieuwkerk.mp4,00:36,angry,49.783443,0.00076282065,0.58416283,0.01697268,30.838171,0.00033979007,18.776152
MarkRutte_MatthijsNieuwkerk.mp4,00:36,angry,49.326473,0.0016005194,3.0473945,0.0084943995,37.535023,0.0006461782,10.080382
MarkRutte_MatthijsNieuwkerk.mp4,00:36,sad,31.762756,0.023109404,4.5469475,0.06464735,60.840218,0.019782495,2.7425323
MarkRutte_MatthijsNieuwkerk.mp4,00:36,sad,12.558919,0.002587117,20.999407,0.028327486,65.433495,0.014130977,0.96314096
MarkRutte_MatthijsNieuwkerk.mp4,00:36,angry,73.48637,0.0038761685,2.335892,0.0034738993,18.607948,0.00145042,5.5609884
MarkRutte_MatthijsNieuwkerk.mp4,00:36,sad,28.5981,0.00014691675,12.040491,0.0012911578,57.714504,0.00010808318,1.6453598
MarkRutte_MatthijsNieuwkerk.mp4,00:36,fear,18.69777,0.0005973966,78.50208,5.3854263e-05,2.7593868,0.00065329706,0.03945394
MarkRutte_MatthijsNieuwkerk.mp4,00:36,angry,73.874374,0.00054375606,20.737297,6.970844e-05,4.7709475,0.001365702,0.61539996
MarkRutte_MatthijsNieuwkerk.mp4,00:36,sad,1.0165051,5.5718305e-05,1.3020623,0.68646586,96.994576,1.3733297e-06,0.00033092496
MarkRutte_MatthijsNieuwkerk.mp4,00:36,happy,0.07750444,9.250001e-06,0.09837655,99.80023,0.023856409,1.5454036e-05,9.175445e-06
MarkRutte_MatthijsNieuwkerk.mp4,00:36,angry,91.54942,0.00018354945,1.1270558,7.596943e-06,6.907135,9.026193e-05,0.41610625
MarkRutte_MatthijsNieuwkerk.mp4,00:36,happy,13.069346,0.0036535945,1.9712325,73.23826,11.714618,0.00041827734,0.0024708186
MarkRutte_MatthijsNieuwkerk.mp4,00:36,sad,33.497982,0.0027261614,3.5266876,2.2592852,60.712887,9.452103e-06,0.00042507536
MarkRutte_MatthijsNieuwkerk.mp4,00:36,happy,3.8250964,0.0016732867,2.8983319,90.568306,2.7062652,5.8717254e-05,0.00027006326
MarkRutte_MatthijsNieuwkerk.mp4,00:36,happy,9.895136,0.00063889887,2.2629247,79.34338,8.496172,0.00058798096,0.0011534999
MarkRutte_MatthijsNieuwkerk.mp4,00:36,neutral,3.617989,1.4010736e-05,1.7030892,0.2811939,21.916782,0.025847213,72.455086
MarkRutte_MatthijsNieuwkerk.mp4,00:36,neutral,22.049013,0.033427287,9.906238,0.12142812,24.512331,1.0253643,42.352192
MarkRutte_MatthijsNieuwkerk.mp4,00:36,sad,31.484524,0.014030711,11.205034,0.47847068,54.73017,0.010989528,2.0767825
MarkRutte_MatthijsNieuwkerk.mp4,00:36,sad,2.9183276,0.00012869824,0.5888143,0.4500987,96.03993,3.045797e-06,0.0026957276
MarkRutte_MatthijsNieuwkerk.mp4,00:37,fear,0.2521645,8.208251e-07,88.823166,8.66312,0.08857497,1.3881273,0.78485274
MarkRutte_MatthijsNieuwkerk.mp4,00:37,sad,2.481265,9.095682e-05,3.652037,0.150323,55.003,0.000504417,38.71278
MarkRutte_MatthijsNieuwkerk.mp4,00:37,neutral,7.1423074e-08,9.9651285e-14,0.0018504015,0.000119118624,0.16143431,3.634555e-09,99.83659
MarkRutte_MatthijsNieuwkerk.mp4,00:37,neutral,26.12268,3.8363858e-05,0.8379812,3.5276983,8.999263,0.022734897,60.48961
MarkRutte_MatthijsNieuwkerk.mp4,00:37,angry,98.783455,0.056373585,0.043324113,0.18984717,0.9210413,9.4781826e-05,0.005863648
MarkRutte_MatthijsNieuwkerk.mp4,00:37,angry,81.07074,15.914949,0.8994965,1.0414766,1.0643992,0.0012883722,0.0076570017
MarkRutte_MatthijsNieuwkerk.mp4,00:37,angry,93.928406,0.4029525,0.315477,1.4555604,3.8605294,0.0008710529,0.03620753
MarkRutte_MatthijsNieuwkerk.mp4,00:37,fear,0.12564398,0.0013362685,80.52239,1.4772017,17.781416,0.012087045,0.07991721
MarkRutte_MatthijsNieuwkerk.mp4,00:38,neutral,0.14077595,4.3779723e-06,1.9206884,5.3256125,16.295424,0.0022516013,76.31524
MarkRutte_MatthijsNieuwkerk.mp4,00:38,fear,0.23716842,2.9367898e-06,95.28836,3.2828715,1.1357007,0.03609538,0.019804228
MarkRutte_MatthijsNieuwkerk.mp4,00:38,fear,0.45433795,1.334576e-06,77.88422,5.690202,5.113035,0.74832606,10.109884
MarkRutte_MatthijsNieuwkerk.mp4,00:38,neutral,5.8898237e-09,9.404392e-13,0.0006296929,18.401659,0.009653294,8.021654e-08,81.58806
MarkRutte_MatthijsNieuwkerk.mp4,00:38,sad,6.902752,0.044686437,9.552416,6.294059,76.762245,0.04360168,0.40024135
MarkRutte_MatthijsNieuwkerk.mp4,00:38,angry,69.49409,0.013969583,2.765179,0.012281598,27.476814,0.00024535813,0.23742415
MarkRutte_MatthijsNieuwkerk.mp4,00:38,fear,0.0018747979,9.824459e-08,45.642807,31.869167,13.4922085,0.0057268064,8.988219
MarkRutte_MatthijsNieuwkerk.mp4,00:38,fear,4.440133,0.00046978687,70.39688,0.07236494,24.907394,0.0029392196,0.17982115
MarkRutte_MatthijsNieuwkerk.mp4,00:38,fear,1.7373233,0.00010412294,79.9906,0.39041284,17.725138,0.00082071987,0.15560661
MarkRutte_MatthijsNieuwkerk.mp4,00:38,happy,6.954584,0.007563917,0.95207226,84.73439,3.7667806,0.0446804,3.5399303
MarkRutte_MatthijsNieuwkerk.mp4,00:38,fear,3.7454214,2.4034232e-05,91.73111,3.451339,0.9942088,0.00746587,0.07041821
MarkRutte_MatthijsNieuwkerk.mp4,00:38,fear,2.9400907,7.444099e-06,93.95549,2.9448135,0.15645915,0.00026984638,0.002872482
MarkRutte_MatthijsNieuwkerk.mp4,00:38,sad,7.826729,0.031132478,17.751875,0.2929849,39.173477,0.012409029,34.911392
MarkRutte_MatthijsNieuwkerk.mp4,00:38,sad,9.487028,0.088699885,7.082589,0.09631248,79.97068,0.048623227,3.2260635
MarkRutte_MatthijsNieuwkerk.mp4,00:39,happy,0.2883835,5.2643696e-07,18.965776,79.82578,0.90298456,0.00047675762,0.01659655
MarkRutte_MatthijsNieuwkerk.mp4,00:39,angry,41.461708,0.002146036,27.643377,0.05696172,30.800924,0.011247705,0.023632953
MarkRutte_MatthijsNieuwkerk.mp4,00:39,fear,0.011198728,6.709183e-08,93.26002,4.9051175,1.8183546,0.00010837256,0.0052045006
MarkRutte_MatthijsNieuwkerk.mp4,00:39,fear,7.0995865,0.0012908657,69.582,1.8662574,20.414062,0.0753437,0.961462
MarkRutte_MatthijsNieuwkerk.mp4,00:39,angry,58.514008,0.029957665,12.692448,0.21818374,22.710236,3.9481843,1.8869882
MarkRutte_MatthijsNieuwkerk.mp4,00:39,sad,26.469046,0.21059613,21.73613,1.7949277,42.600338,0.55061984,6.6383414
MarkRutte_MatthijsNieuwkerk.mp4,00:39,sad,26.810677,0.010012804,6.534268,3.8225791,55.68927,0.09440712,7.0387897
MarkRutte_MatthijsNieuwkerk.mp4,00:39,sad,18.24488,0.0053284047,7.2521014,0.56895626,51.324158,0.12157054,22.48301
MarkRutte_MatthijsNieuwkerk.mp4,00:39,fear,11.531743,0.020011006,49.08167,10.448223,6.0108695,1.5981098,21.309378
MarkRutte_MatthijsNieuwkerk.mp4,00:39,angry,37.926186,0.091029696,13.665604,4.060612,23.08989,3.1259937,18.04069
MarkRutte_MatthijsNieuwkerk.mp4,00:39,fear,20.131542,0.024370028,27.18829,4.6513515,24.782753,1.1878525,22.033844
MarkRutte_MatthijsNieuwkerk.mp4,00:39,neutral,20.108656,0.015523375,9.000183,1.466572,32.539986,0.6989878,36.170082
MarkRutte_MatthijsNieuwkerk.mp4,00:39,angry,36.687004,0.013154683,6.487597,0.11619803,34.09713,0.046815466,22.552101
MarkRutte_MatthijsNieuwkerk.mp4,00:39,sad,30.225584,0.05097167,12.741928,0.67049104,42.49319,0.1391695,13.678662
MarkRutte_MatthijsNieuwkerk.mp4,00:39,angry,34.61002,0.09356316,11.784386,0.056433327,27.684372,0.13534349,25.63588
MarkRutte_MatthijsNieuwkerk.mp4,00:39,angry,37.821808,0.080937475,10.773912,0.117546,32.596096,0.21639474,18.393312
MarkRutte_MatthijsNieuwkerk.mp4,00:39,angry,34.545532,0.263672,21.04894,0.045599036,24.064285,1.0572563,18.974716
MarkRutte_MatthijsNieuwkerk.mp4,00:39,angry,65.44692,0.021269392,10.620215,0.015770068,18.430494,0.060509603,5.404821
MarkRutte_MatthijsNieuwkerk.mp4,00:39,angry,60.297455,0.0070205764,5.767173,0.021008987,21.344275,1.0549058,11.50816
MarkRutte_MatthijsNieuwkerk.mp4,00:39,angry,66.49112,0.0023555602,4.363568,0.046878185,10.763652,15.567172,2.765262
MarkRutte_MatthijsNieuwkerk.mp4,00:39,angry,63.430443,0.0010302824,9.4347925,0.022414947,12.446324,13.333167,1.3318268
MarkRutte_MatthijsNieuwkerk.mp4,00:39,angry,74.57899,0.0039624157,3.726226,0.15551037,4.306495,16.733864,0.49496043
MarkRutte_MatthijsNieuwkerk.mp4,00:39,sad,37.131905,0.00038869242,17.228231,0.09956867,37.16083,7.244391,1.1346858
MarkRutte_MatthijsNieuwkerk.mp4,00:39,angry,80.21332,0.0018829287,3.6825113,0.14251366,8.993137,5.1413045,1.8253341
MarkRutte_MatthijsNieuwkerk.mp4,00:39,angry,47.065125,0.00045128446,7.2231793,0.017362855,36.6353,2.3612163,6.6973696
MarkRutte_MatthijsNieuwkerk.mp4,00:40,sad,7.8266506,1.3340752e-05,17.594881,0.017382715,63.692486,10.255032,0.6135524
MarkRutte_MatthijsNieuwkerk.mp4,00:40,angry,59.509216,0.0005057443,6.350781,0.08565042,9.309041,24.480257,0.26454744
MarkRutte_MatthijsNieuwkerk.mp4,00:40,angry,95.943245,0.0001818047,0.8757452,0.012811947,1.8892086,1.1387541,0.14004704
MarkRutte_MatthijsNieuwkerk.mp4,00:40,angry,99.02858,0.00050164596,0.25271836,0.014294343,0.3132152,0.36258832,0.028101593
MarkRutte_MatthijsNieuwkerk.mp4,00:40,angry,92.2682,2.5635463e-05,1.2721194,0.22967874,1.7258013,4.401177,0.10300482
MarkRutte_MatthijsNieuwkerk.mp4,00:40,surprise,43.33964,0.00014403305,2.3491728,0.2631069,0.42134762,53.57179,0.054799464
MarkRutte_MatthijsNieuwkerk.mp4,00:40,surprise,0.40460032,0.00017193487,0.30056736,0.0007198256,0.00035715915,99.293564,2.0307942e-05
MarkRutte_MatthijsNieuwkerk.mp4,00:40,surprise,0.52649844,0.0002640273,0.804394,0.0022328752,0.0013174125,98.66499,0.00029810728
MarkRutte_MatthijsNieuwkerk.mp4,00:40,surprise,29.708942,0.0041918056,0.24369016,0.0037977584,0.029686276,70.00914,0.00055936066
MarkRutte_MatthijsNieuwkerk.mp4,00:40,neutral,0.008712227,3.5830373e-05,4.369952,0.0055345334,0.026474025,2.5185115,93.07078
MarkRutte_MatthijsNieuwkerk.mp4,00:40,surprise,12.569447,4.554921e-05,13.479404,0.3614173,1.2213292,72.3631,0.005260456
MarkRutte_MatthijsNieuwkerk.mp4,00:40,surprise,33.90968,0.012872035,0.6413247,0.00087650947,0.039006945,65.39563,0.0006101122
MarkRutte_MatthijsNieuwkerk.mp4,00:40,surprise,4.2174807,0.0034901917,0.32072136,0.0008717943,0.009877918,95.44745,0.000107785934
MarkRutte_MatthijsNieuwkerk.mp4,00:40,neutral,0.00039566844,6.4255914e-08,0.04510353,0.04537114,0.0032464445,0.083369866,99.82252
MarkRutte_MatthijsNieuwkerk.mp4,00:40,neutral,0.00041111774,4.644539e-06,0.089332156,0.48934135,0.009807311,0.10826635,99.30283
MarkRutte_MatthijsNieuwkerk.mp4,00:40,neutral,5.3767435e-05,9.1943875e-09,0.002803187,31.797197,0.0011945134,0.01679628,68.18195
MarkRutte_MatthijsNieuwkerk.mp4,00:40,surprise,2.1478963,0.0012915337,7.5192146,0.18661211,0.057589963,90.08551,0.0018859517
MarkRutte_MatthijsNieuwkerk.mp4,00:40,surprise,0.768056,0.0004580351,0.17389181,0.00037851394,0.0025088692,99.054695,1.3325952e-05
MarkRutte_MatthijsNieuwkerk.mp4,00:40,surprise,0.7938352,0.00022739105,0.12325984,0.00049002917,0.0024425914,99.07972,3.284566e-05
MarkRutte_MatthijsNieuwkerk.mp4,00:40,surprise,4.4738903,0.0042442004,0.91244984,0.00023691355,0.035859242,94.57308,0.00024546558
MarkRutte_MatthijsNieuwkerk.mp4,00:40,surprise,2.9619586,0.0004231059,1.1495703,0.0054811784,0.0039591356,95.87859,1.0318245e-05
MarkRutte_MatthijsNieuwkerk.mp4,00:40,surprise,10.489623,0.0010901483,0.4687754,0.005836666,0.005624818,89.029015,3.3121236e-05
MarkRutte_MatthijsNieuwkerk.mp4,00:40,surprise,2.5277476,0.118901566,14.432693,0.044608667,0.18838084,82.60437,0.08330509
MarkRutte_MatthijsNieuwkerk.mp4,00:40,surprise,10.705784,0.95773077,28.89787,0.03816226,1.8295609,56.020664,1.5502282
MarkRutte_MatthijsNieuwkerk.mp4,00:40,surprise,3.842068,0.13847819,9.762269,0.05817661,0.32012522,85.82705,0.051835854
MarkRutte_MatthijsNieuwkerk.mp4,00:41,surprise,37.93742,0.012304435,6.7528644,0.06566737,1.0544006,54.160717,0.01663119
MarkRutte_MatthijsNieuwkerk.mp4,00:41,surprise,28.52729,0.00076478,4.9135213,0.06949489,1.5623794,64.90886,0.017696174
MarkRutte_MatthijsNieuwkerk.mp4,00:41,surprise,21.140337,0.0028415197,1.6709335,0.0032738363,0.12576993,77.05475,0.0020961463
MarkRutte_MatthijsNieuwkerk.mp4,00:41,angry,37.40863,0.027445832,14.914835,0.055996433,24.176376,3.1752594,20.24146
MarkRutte_MatthijsNieuwkerk.mp4,00:41,fear,6.2441063,0.063498534,60.051052,0.21916795,18.451176,10.137227,4.833768
MarkRutte_MatthijsNieuwkerk.mp4,00:41,angry,36.342865,0.18196969,27.427473,0.006732439,27.399752,0.72836757,7.912836
MarkRutte_MatthijsNieuwkerk.mp4,00:41,fear,8.86692,0.027264485,43.868298,0.10183015,15.880028,26.119133,5.1365266
MarkRutte_MatthijsNieuwkerk.mp4,00:41,angry,81.00614,0.00084463716,3.491269,0.12656544,8.416387,6.7700534,0.18874164
MarkRutte_MatthijsNieuwkerk.mp4,00:41,angry,97.45175,0.0035632509,0.31578892,0.00799528,1.1399938,1.0364612,0.044454776
MarkRutte_MatthijsNieuwkerk.mp4,00:41,angry,90.43832,0.05093458,0.58914834,0.0019470848,0.32125974,8.585255,0.013136064
MarkRutte_MatthijsNieuwkerk.mp4,00:41,angry,84.97615,0.0058485507,2.2423477,0.01599121,0.90781677,11.833577,0.018268157
MarkRutte_MatthijsNieuwkerk.mp4,00:41,angry,86.27252,0.0029259785,0.9069021,0.014180214,0.24641918,12.550247,0.0068057138
MarkRutte_MatthijsNieuwkerk.mp4,00:41,angry,98.4379,0.0034065777,0.31068417,0.010932708,0.26111808,0.95564944,0.020320345
MarkRutte_MatthijsNieuwkerk.mp4,00:41,angry,97.98314,0.008195093,0.48893875,0.002653401,0.46309295,0.9810127,0.07297279
MarkRutte_MatthijsNieuwkerk.mp4,00:41,angry,53.475475,0.2219442,22.940145,1.283493,11.888508,0.34073547,9.8497
MarkRutte_MatthijsNieuwkerk.mp4,00:41,sad,0.69440615,0.002320853,1.3925318,2.9897039e-05,97.39934,0.00012831223,0.5112458
MarkRutte_MatthijsNieuwkerk.mp4,00:41,sad,6.2243714,0.22298388,28.902971,0.0003359962,60.509922,0.03382938,4.1055856
MarkRutte_MatthijsNieuwkerk.mp4,00:41,sad,18.6597,0.30238444,12.775067,0.00061110157,50.342426,0.02945942,17.890356
MarkRutte_MatthijsNieuwkerk.mp4,00:41,sad,15.361984,1.257352,32.792084,0.001173149,33.662342,0.23068942,16.694376
MarkRutte_MatthijsNieuwkerk.mp4,00:41,neutral,11.693598,0.0035610762,15.454991,0.0026241431,27.403942,0.0044930778,45.436794
MarkRutte_MatthijsNieuwkerk.mp4,00:41,neutral,10.497753,0.005889151,17.968925,0.0034710495,29.808279,0.004973225,41.71071
MarkRutte_MatthijsNieuwkerk.mp4,00:41,sad,9.798577,0.00015997609,12.1390915,0.00025319678,43.009052,0.00012426934,35.05274
MarkRutte_MatthijsNieuwkerk.mp4,00:41,sad,5.347989,0.00068134686,9.149113,0.00014114221,73.01387,0.00020900229,12.487999
MarkRutte_MatthijsNieuwkerk.mp4,00:41,sad,7.6432695,0.00037780477,6.773019,0.00010144225,69.97751,5.8924426e-05,15.605661
MarkRutte_MatthijsNieuwkerk.mp4,00:41,sad,6.121517,0.00014958413,20.178074,8.663461e-05,67.439064,0.00019167224,6.260917
MarkRutte_MatthijsNieuwkerk.mp4,00:42,sad,7.9033093,0.0025983108,24.18656,0.00069715176,62.819397,0.00085965474,5.0865784
MarkRutte_MatthijsNieuwkerk.mp4,00:42,sad,7.1058235,0.0033282018,35.01177,0.0014984508,54.744087,0.0011645933,3.132329
MarkRutte_MatthijsNieuwkerk.mp4,00:42,sad,4.294229,0.0013171842,18.550842,0.0022314452,72.10534,0.00028027815,5.045767
MarkRutte_MatthijsNieuwkerk.mp4,00:42,sad,5.688768,0.0015598639,30.012093,0.003493478,59.33105,0.002665567,4.960378
MarkRutte_MatthijsNieuwkerk.mp4,00:42,sad,4.076343,0.0001208688,14.560709,0.008776135,70.934525,0.0010409913,10.418477
MarkRutte_MatthijsNieuwkerk.mp4,00:42,sad,3.9775658,6.5858344e-06,6.20399,0.0006507164,77.152596,3.0831514e-05,12.66516
MarkRutte_MatthijsNieuwkerk.mp4,00:42,sad,7.1359735,9.83296e-07,4.041465,0.00039558488,56.43193,2.0699768e-05,32.390224
MarkRutte_MatthijsNieuwkerk.mp4,00:42,sad,6.738369,1.0166622e-06,3.932003,0.00074555277,47.72687,4.1531355e-05,41.60197
MarkRutte_MatthijsNieuwkerk.mp4,00:42,neutral,3.2303507,1.0389191e-06,3.5587163,0.0046233046,45.45648,2.812846e-05,47.7498
MarkRutte_MatthijsNieuwkerk.mp4,00:42,neutral,0.67737144,8.15874e-08,2.3886347,0.041005194,24.339403,0.00023123488,72.55335
MarkRutte_MatthijsNieuwkerk.mp4,00:42,fear,24.692875,2.5196208e-05,43.674633,5.2061944,12.29534,0.9503949,13.18053
MarkRutte_MatthijsNieuwkerk.mp4,00:42,sad,13.151939,1.20966715e-05,20.577547,2.8023999,34.479446,0.08504029,28.903624
MarkRutte_MatthijsNieuwkerk.mp4,00:42,angry,41.443844,4.084789e-06,33.361618,4.1230483,8.264648,4.1709757,8.6358595
MarkRutte_MatthijsNieuwkerk.mp4,00:42,angry,40.359924,3.8930543e-06,21.964655,1.8213322,26.77962,0.29844323,8.776021
MarkRutte_MatthijsNieuwkerk.mp4,00:42,sad,10.289659,5.8605046e-06,13.422955,0.117837384,71.74483,0.05257706,4.3721433
MarkRutte_MatthijsNieuwkerk.mp4,00:42,neutral,6.089419,7.101781e-07,0.57454634,0.02259985,29.839691,1.8503466e-05,63.473732
MarkRutte_MatthijsNieuwkerk.mp4,00:42,sad,13.278187,2.9768074e-07,0.66860634,0.0077241086,56.504765,2.0174752e-05,29.540707
MarkRutte_MatthijsNieuwkerk.mp4,00:42,neutral,8.659469,2.5374956e-07,0.80391455,0.005455505,44.59277,8.816888e-06,45.93839
MarkRutte_MatthijsNieuwkerk.mp4,00:42,sad,6.1807694,5.9119014e-07,0.94629407,0.0031233048,50.96019,3.1098098e-06,41.909622
MarkRutte_MatthijsNieuwkerk.mp4,00:42,sad,13.748521,1.6261677e-07,1.0953751,0.0050557177,48.455257,8.651014e-06,36.695786
MarkRutte_MatthijsNieuwkerk.mp4,00:42,sad,13.465367,7.6199867e-06,2.1877558,0.020357452,56.577152,5.2549793e-05,27.749311
MarkRutte_MatthijsNieuwkerk.mp4,00:42,sad,12.796767,1.2661195e-06,0.9916637,0.006328809,49.66952,3.95597e-06,36.535717
MarkRutte_MatthijsNieuwkerk.mp4,00:42,sad,10.065207,2.2436407e-06,1.1136998,0.006331691,46.778156,5.970479e-06,42.0366
MarkRutte_MatthijsNieuwkerk.mp4,00:42,sad,13.466914,1.8945494e-06,1.010085,0.004475112,53.639202,5.491752e-06,31.879314
MarkRutte_MatthijsNieuwkerk.mp4,00:42,sad,11.704994,1.1769392e-05,1.0755752,0.010309828,62.30036,1.3288782e-05,24.908731
MarkRutte_MatthijsNieuwkerk.mp4,00:43,sad,15.251289,5.873013e-06,1.337096,0.0058181,65.3346,1.16729325e-05,18.071169
MarkRutte_MatthijsNieuwkerk.mp4,00:43,sad,13.739746,7.703161e-06,2.8876557,0.004946325,74.453674,5.0332288e-05,8.913927
MarkRutte_MatthijsNieuwkerk.mp4,00:43,sad,5.18863,4.257548e-06,2.70497,0.0016414557,83.1515,1.2286185e-05,8.953248
MarkRutte_MatthijsNieuwkerk.mp4,00:43,sad,8.4970875,1.3600496e-05,1.3435405,0.0019503837,84.34128,5.8503465e-06,5.8161273
MarkRutte_MatthijsNieuwkerk.mp4,00:43,sad,9.233852,8.170837e-06,1.2524294,0.0023496926,81.98154,8.414095e-06,7.5298176
MarkRutte_MatthijsNieuwkerk.mp4,00:43,sad,7.5234933,5.603053e-06,1.215794,0.0041878237,78.60172,9.997337e-06,12.654781
MarkRutte_MatthijsNieuwkerk.mp4,00:43,sad,12.721208,5.8146347e-06,1.0365472,0.0028665299,81.89538,1.8406918e-05,4.343983
MarkRutte_MatthijsNieuwkerk.mp4,00:43,sad,8.502598,6.9435146e-06,1.6249964,0.0013180559,83.7327,1.2864088e-05,6.138373
MarkRutte_MatthijsNieuwkerk.mp4,00:43,sad,10.281541,4.530081e-05,1.7560629,0.0018612812,86.08835,3.0084988e-05,1.8721133
MarkRutte_MatthijsNieuwkerk.mp4,00:43,sad,14.696873,5.8961938e-05,3.7676718,0.004994676,76.025185,7.4760406e-05,5.5051374
MarkRutte_MatthijsNieuwkerk.mp4,00:43,sad,12.416126,1.5258627e-05,1.1926349,0.004208621,77.290665,0.000109351095,9.096242
MarkRutte_MatthijsNieuwkerk.mp4,00:43,sad,9.51884,5.9946315e-06,0.365507,0.000803203,87.89034,1.5264677e-05,2.2244833
MarkRutte_MatthijsNieuwkerk.mp4,00:43,sad,7.160296,4.2026886e-06,0.49453166,0.0026414436,87.13329,4.153601e-05,5.2091947
MarkRutte_MatthijsNieuwkerk.mp4,00:43,neutral,0.11694576,5.062135e-10,0.0030921693,0.00011390768,6.957817,3.0178984e-07,92.922035
MarkRutte_MatthijsNieuwkerk.mp4,00:43,sad,11.280681,3.983915e-06,0.8459527,0.002737775,83.2617,8.037081e-05,4.6088443
MarkRutte_MatthijsNieuwkerk.mp4,00:43,sad,6.83702,1.6151274e-06,0.23349507,0.00051672215,91.29242,1.3637893e-05,1.636526
MarkRutte_MatthijsNieuwkerk.mp4,00:43,sad,8.552423,1.1064558e-05,1.01213,0.0013202393,87.66441,2.7655293e-05,2.7696724
MarkRutte_MatthijsNieuwkerk.mp4,00:43,sad,7.4930787,9.351935e-06,0.6452602,0.0011791048,89.90373,3.4241544e-05,1.9567051
MarkRutte_MatthijsNieuwkerk.mp4,00:43,sad,10.831874,2.379373e-05,2.0058167,0.0022374257,83.73566,4.3162894e-05,3.4243524
MarkRutte_MatthijsNieuwkerk.mp4,00:43,sad,10.97838,4.869172e-05,2.1739392,0.0014600414,84.8896,9.161305e-05,1.9564828
MarkRutte_MatthijsNieuwkerk.mp4,00:43,sad,12.455241,4.449081e-05,1.6795787,0.0013789434,84.37136,7.8673125e-05,1.4923215
MarkRutte_MatthijsNieuwkerk.mp4,00:43,sad,13.086196,0.00011283788,4.178234,0.0028660619,77.91843,6.650157e-05,4.8141055
MarkRutte_MatthijsNieuwkerk.mp4,00:43,sad,8.374425,9.8453165e-06,0.7573916,0.00084418594,89.94026,3.009947e-05,0.92704296
MarkRutte_MatthijsNieuwkerk.mp4,00:43,sad,9.470625,2.0687845e-05,0.80112815,0.0014753034,88.42575,4.444074e-05,1.3009592
MarkRutte_MatthijsNieuwkerk.mp4,00:43,sad,15.83278,7.720949e-05,3.0115998,0.0033461682,78.41349,0.00016812427,2.7385375
MarkRutte_MatthijsNieuwkerk.mp4,00:44,sad,9.966765,4.250647e-05,2.8763108,0.0022649998,83.74905,6.777269e-05,3.4055107
MarkRutte_MatthijsNieuwkerk.mp4,00:44,sad,7.997418,4.830521e-05,1.1361454,0.003402403,89.26705,0.00010970384,1.5958258
MarkRutte_MatthijsNieuwkerk.mp4,00:44,sad,12.6819725,3.6228426e-05,3.9702845,0.005237137,76.974846,0.00044092644,6.367182
MarkRutte_MatthijsNieuwkerk.mp4,00:44,angry,93.261894,0.030691938,2.8130226,5.9262606e-05,3.8935988,6.577079e-07,0.0007412111
MarkRutte_MatthijsNieuwkerk.mp4,00:44,sad,11.251986,0.00028812903,2.912508,0.0022521957,81.24443,0.000110736604,4.588427
MarkRutte_MatthijsNieuwkerk.mp4,00:44,sad,10.69448,0.00010199046,1.5095223,0.003462934,85.91548,5.478658e-05,1.8769009
MarkRutte_MatthijsNieuwkerk.mp4,00:44,sad,11.74814,0.00011406377,1.986512,0.0015356371,81.11197,7.159661e-05,5.151659
MarkRutte_MatthijsNieuwkerk.mp4,00:44,sad,15.58476,4.6794536e-05,1.9924773,0.00052884786,66.034386,9.965697e-06,16.3878
MarkRutte_MatthijsNieuwkerk.mp4,00:44,sad,6.075042,1.7582242e-05,3.185671,0.0018391169,82.80246,6.597351e-05,7.934903
MarkRutte_MatthijsNieuwkerk.mp4,00:44,sad,9.233305,4.0222752e-05,1.1961509,0.0003286508,87.69997,9.571159e-06,1.870196
MarkRutte_MatthijsNieuwkerk.mp4,00:44,sad,6.608471,4.6643727e-05,3.781178,0.002823043,81.36869,7.675707e-05,8.2387085
MarkRutte_MatthijsNieuwkerk.mp4,00:44,sad,8.942979,0.00013670257,3.2885668,0.00063955976,78.628174,1.5851672e-05,9.139491
MarkRutte_MatthijsNieuwkerk.mp4,00:44,sad,7.503083,6.597299e-05,5.2183785,0.0014173338,78.50583,7.560495e-05,8.771143
MarkRutte_MatthijsNieuwkerk.mp4,00:44,sad,7.90073,7.557959e-05,5.068965,0.001449731,78.48976,7.946306e-05,8.538949
MarkRutte_MatthijsNieuwkerk.mp4,00:44,sad,14.500444,1.4867124e-05,1.978059,0.00016538354,81.57052,5.028263e-06,1.9507892
MarkRutte_MatthijsNieuwkerk.mp4,00:44,sad,11.07358,1.9120875e-05,1.8266127,0.00014851676,85.7562,4.975037e-06,1.3434356
MarkRutte_MatthijsNieuwkerk.mp4,00:44,sad,5.654682,5.8571836e-06,1.2585194,6.25162e-05,91.669586,2.04998e-06,1.417142
MarkRutte_MatthijsNieuwkerk.mp4,00:44,sad,7.2413955,0.00011347602,3.043649,0.00025501492,88.71713,1.496566e-05,0.9974364
MarkRutte_MatthijsNieuwkerk.mp4,00:44,sad,3.6152804,3.971006e-05,2.2726154,0.0007064628,93.45043,5.2636587e-05,0.6608773
MarkRutte_MatthijsNieuwkerk.mp4,00:44,sad,3.888487,2.0648084e-05,1.8337376,0.0002250531,93.821205,2.275782e-05,0.45630205
MarkRutte_MatthijsNieuwkerk.mp4,00:44,sad,5.2392607,7.331298e-06,2.33103,0.00031169457,91.6878,3.2679476e-05,0.74157333
MarkRutte_MatthijsNieuwkerk.mp4,00:44,sad,4.2822905,5.1634356e-06,2.0111535,0.00026479055,92.81011,2.2250091e-05,0.8961577
MarkRutte_MatthijsNieuwkerk.mp4,00:44,sad,4.4103556,3.7488303e-06,1.9005299,0.00025359684,92.741234,2.081886e-05,0.9476089
MarkRutte_MatthijsNieuwkerk.mp4,00:44,sad,4.802716,2.7783624e-06,1.7114722,0.00023379229,92.762405,1.8492505e-05,0.7231512
MarkRutte_MatthijsNieuwkerk.mp4,00:44,sad,4.714064,2.2224598e-05,11.78883,0.00089246215,78.55806,0.00019320643,4.937946
MarkRutte_MatthijsNieuwkerk.mp4,00:45,sad,4.6949077,1.5310861e-05,2.0284755,0.000682107,91.68968,4.4466575e-05,1.5861965
MarkRutte_MatthijsNieuwkerk.mp4,00:45,sad,4.646326,1.5323978e-05,2.0519423,0.00068183267,91.70273,4.2762073e-05,1.5982649
MarkRutte_MatthijsNieuwkerk.mp4,00:45,sad,4.189747,1.4302567e-05,8.172174,0.0006385868,85.3013,0.00021171226,2.3359122
MarkRutte_MatthijsNieuwkerk.mp4,00:45,sad,4.318956,2.247904e-05,8.815176,0.0007728615,84.63866,0.00028653396,2.2261374
MarkRutte_MatthijsNieuwkerk.mp4,00:45,sad,3.7231154,5.406298e-06,2.891963,0.0007409284,91.95455,7.548825e-05,1.4295487
MarkRutte_MatthijsNieuwkerk.mp4,00:45,sad,5.182061,3.3616245e-05,7.969461,0.0007960556,82.735535,0.00015429505,4.1119547
MarkRutte_MatthijsNieuwkerk.mp4,00:45,sad,7.5453362,7.60305e-05,4.8816037,0.000369792,85.430176,5.256413e-05,2.1423879
MarkRutte_MatthijsNieuwkerk.mp4,00:45,sad,7.529381,4.3094464e-05,8.94413,0.00029187344,79.08822,7.042688e-05,4.437867
MarkRutte_MatthijsNieuwkerk.mp4,00:45,sad,7.0494485,3.2193504e-05,7.9172697,0.00022788018,80.87692,4.9707833e-05,4.1560526
MarkRutte_MatthijsNieuwkerk.mp4,00:45,sad,5.362142,9.126746e-05,6.9088936,0.00038020633,85.66267,0.0001409495,2.0656767
MarkRutte_MatthijsNieuwkerk.mp4,00:45,sad,4.600153,4.9375845e-05,3.4252267,0.00021923747,90.71232,2.0729716e-05,1.2620229
MarkRutte_MatthijsNieuwkerk.mp4,00:45,sad,8.435315,4.7097597e-05,12.88304,0.00030417062,75.56352,0.00013201832,3.1176333
MarkRutte_MatthijsNieuwkerk.mp4,00:45,fear,0.34381032,7.9632205e-13,81.03443,4.836542,5.428148,8.143886,0.21318659
MarkRutte_MatthijsNieuwkerk.mp4,00:45,fear,0.4739828,9.28692e-13,81.21881,0.7649209,11.226195,6.286403,0.029693084
MarkRutte_MatthijsNieuwkerk.mp4,00:45,sad,14.638425,2.7026657e-05,6.727737,0.00027677993,71.193214,8.807711e-05,7.440222
MarkRutte_MatthijsNieuwkerk.mp4,00:45,fear,8.3528595,3.1916438e-11,73.66743,0.11147485,17.85824,0.0020963,0.007906239
MarkRutte_MatthijsNieuwkerk.mp4,00:45,sad,10.44955,0.00027745246,9.736782,0.0008392702,76.081894,0.00029953194,3.7303622
MarkRutte_MatthijsNieuwkerk.mp4,00:45,sad,10.800671,0.00030372324,8.97363,0.00060551724,77.01998,0.00026429462,3.2045534
MarkRutte_MatthijsNieuwkerk.mp4,00:45,sad,12.010634,0.0001078229,19.768764,0.00035934357,61.753613,0.0004885044,6.466034
MarkRutte_MatthijsNieuwkerk.mp4,00:45,sad,8.654675,0.00038433546,16.381826,0.0010690503,72.22208,0.0012059002,2.7387648
MarkRutte_MatthijsNieuwkerk.mp4,00:45,sad,9.002902,0.003180834,8.110745,0.00054749707,80.9104,0.0003590183,1.9718685
MarkRutte_MatthijsNieuwkerk.mp4,00:45,sad,7.968413,0.004030114,2.212198,7.982311e-05,89.33903,5.7556765e-05,0.47619113
MarkRutte_MatthijsNieuwkerk.mp4,00:45,sad,9.909482,0.0050638653,19.509012,0.00037756245,68.50234,0.0013020694,2.0724182
MarkRutte_MatthijsNieuwkerk.mp4,00:45,sad,13.311736,0.00671176,25.430151,0.00028765723,58.49604,0.0025847806,2.7524834
MarkRutte_MatthijsNieuwkerk.mp4,00:45,sad,8.000635,0.0023345114,9.5894575,0.0006639203,79.75182,0.00034697127,2.6547387
MarkRutte_MatthijsNieuwkerk.mp4,00:46,sad,14.767973,0.0027990227,21.130114,0.00036175936,60.289444,0.0007089629,3.8085997
MarkRutte_MatthijsNieuwkerk.mp4,00:46,sad,11.449663,0.004884276,17.561022,0.00045366117,67.73288,0.0007777489,3.2503324
MarkRutte_MatthijsNieuwkerk.mp4,00:46,sad,13.590482,0.005705429,27.690142,0.00071416923,54.077923,0.0012013379,4.633835
MarkRutte_MatthijsNieuwkerk.mp4,00:46,sad,12.436197,0.0010471246,13.651137,0.00045125867,67.838646,0.00037459325,6.0721455
MarkRutte_MatthijsNieuwkerk.mp4,00:46,sad,12.332717,0.008689828,18.535164,0.0006387591,65.42054,0.0012881282,3.7009656
MarkRutte_MatthijsNieuwkerk.mp4,00:46,sad,8.706871,0.0037006284,6.2293525,0.0003889876,82.71496,0.00021588014,2.344518
MarkRutte_MatthijsNieuwkerk.mp4,00:46,sad,14.65079,0.005571778,11.754214,0.00084114267,69.41395,0.0005796387,4.1740627
MarkRutte_MatthijsNieuwkerk.mp4,00:46,sad,9.785371,0.004653617,8.991586,0.00011023807,79.80454,0.000270873,1.4134626
MarkRutte_MatthijsNieuwkerk.mp4,00:46,sad,14.733288,0.0017138968,15.481565,0.0002257405,66.97896,0.0004435103,2.803802
MarkRutte_MatthijsNieuwkerk.mp4,00:46,sad,13.012659,0.0012867069,15.044897,0.0002579146,68.429794,0.0003757864,3.5107355
MarkRutte_MatthijsNieuwkerk.mp4,00:46,sad,17.847406,0.0025124878,19.162884,0.00060983055,58.53276,0.00087570294,4.45295
MarkRutte_MatthijsNieuwkerk.mp4,00:46,sad,10.099102,0.0024810694,9.886045,0.00024894087,78.218445,0.00093490974,1.7927431
MarkRutte_MatthijsNieuwkerk.mp4,00:46,sad,7.122648,0.004031624,11.677054,0.00036384168,80.24537,0.0014216763,0.94911176
MarkRutte_MatthijsNieuwkerk.mp4,00:46,sad,8.364422,0.001850917,13.1408615,0.0002484433,77.16076,0.0013131313,1.3305395
MarkRutte_MatthijsNieuwkerk.mp4,00:46,sad,6.8689623,0.0025704422,11.144626,0.00017005185,80.84496,0.00081313896,1.137897
MarkRutte_MatthijsNieuwkerk.mp4,00:46,sad,7.129959,0.0010176393,17.096413,0.00029550924,73.968056,0.00067070266,1.8035896
MarkRutte_MatthijsNieuwkerk.mp4,00:46,sad,8.405343,0.00046984555,13.626506,0.00028356278,75.12886,0.0003445045,2.8381927
MarkRutte_MatthijsNieuwkerk.mp4,00:46,sad,4.40907,0.0009128275,5.104025,5.030654e-05,90.21227,0.00015637606,0.27351654
MarkRutte_MatthijsNieuwkerk.mp4,00:46,sad,10.655359,0.00020565119,10.362521,0.0001639538,76.816284,0.00024742383,2.165221
MarkRutte_MatthijsNieuwkerk.mp4,00:46,sad,8.807987,0.00021169093,17.070702,7.937434e-05,71.94535,0.0002183245,2.175451
MarkRutte_MatthijsNieuwkerk.mp4,00:46,sad,8.80802,0.00021168219,17.070936,7.9372556e-05,71.945045,0.00021835252,2.175491
MarkRutte_MatthijsNieuwkerk.mp4,00:46,sad,4.577731,4.3214357e-05,7.07558,6.960924e-05,86.54878,6.4697895e-05,1.7977357
MarkRutte_MatthijsNieuwkerk.mp4,00:46,sad,8.576287,0.00012681587,11.897854,0.00019695068,76.66975,0.00023948018,2.8555515
MarkRutte_MatthijsNieuwkerk.mp4,00:46,sad,9.739863,0.00013419855,25.296484,0.00010649725,62.902763,0.000717494,2.059933
MarkRutte_MatthijsNieuwkerk.mp4,00:47,happy,2.831679,0.20961145,12.684508,47.13419,6.7896,10.975245,19.375168
MarkRutte_MatthijsNieuwkerk.mp4,00:47,neutral,10.379351,0.19400208,3.6098428,2.2429078,29.56953,1.2795739,52.724796
MarkRutte_MatthijsNieuwkerk.mp4,00:50,sad,35.69386,0.14544919,11.904858,0.0041013546,50.33085,0.20371933,1.7171657
MarkRutte_MatthijsNieuwkerk.mp4,00:50,fear,20.78693,0.262919,42.50696,0.03265565,28.617044,2.2008743,5.5926147
MarkRutte_MatthijsNieuwkerk.mp4,00:50,neutral,9.449308,0.012052629,4.70918,0.4689435,29.771492,0.10220221,55.486824
MarkRutte_MatthijsNieuwkerk.mp4,00:50,sad,20.693338,0.009208211,5.548255,0.3267616,45.680527,0.35659212,27.385324
MarkRutte_MatthijsNieuwkerk.mp4,00:51,sad,28.934036,0.015480346,7.6668277,0.11710437,38.077915,0.16001056,25.02863
MarkRutte_MatthijsNieuwkerk.mp4,00:51,angry,36.685177,0.0097951,5.5952687,0.1443355,31.577816,0.10000325,25.8876
MarkRutte_MatthijsNieuwkerk.mp4,00:51,neutral,21.105171,0.017973736,9.195427,0.10872848,30.970154,0.14402217,38.458527
MarkRutte_MatthijsNieuwkerk.mp4,00:51,neutral,22.141363,0.0040459163,7.6778455,0.02293038,30.842644,0.0035322316,39.30764
MarkRutte_MatthijsNieuwkerk.mp4,00:51,neutral,21.198788,0.0013081714,3.2751672,0.07667643,22.685068,0.012544675,52.75045
MarkRutte_MatthijsNieuwkerk.mp4,00:51,sad,19.717743,0.017252082,15.445297,0.07014982,44.472202,0.015036703,20.262318
MarkRutte_MatthijsNieuwkerk.mp4,00:51,sad,17.078964,0.016297579,11.523019,0.09266896,44.334316,0.021708572,26.933027
MarkRutte_MatthijsNieuwkerk.mp4,00:51,neutral,10.136315,0.0016094497,4.5716267,0.028997976,25.549862,0.0065465304,59.70504
MarkRutte_MatthijsNieuwkerk.mp4,00:51,neutral,13.951972,0.006045413,5.732756,0.33398157,26.31125,0.06391967,53.600075
MarkRutte_MatthijsNieuwkerk.mp4,00:51,neutral,16.2169,0.0068256827,12.533175,0.036344197,33.218254,0.004019862,37.98449
MarkRutte_MatthijsNieuwkerk.mp4,00:51,neutral,31.158295,0.0056110416,2.0271416,0.17440028,17.265793,0.21363406,49.155125
MarkRutte_MatthijsNieuwkerk.mp4,00:51,angry,39.955368,0.0029998992,2.779511,0.453887,22.422668,0.10652112,34.27904
MarkRutte_MatthijsNieuwkerk.mp4,00:51,neutral,17.723993,0.012736114,6.185899,1.127159,36.137314,0.5795893,38.233315
MarkRutte_MatthijsNieuwkerk.mp4,00:51,angry,39.329327,0.0097253695,2.7152374,0.54335546,26.111565,0.7779884,30.5128
MarkRutte_MatthijsNieuwkerk.mp4,00:51,neutral,34.543907,0.016330887,4.062367,0.25612226,25.0313,0.08049304,36.009487
MarkRutte_MatthijsNieuwkerk.mp4,00:51,neutral,29.716267,0.0041807555,1.9691932,0.066760294,19.524326,0.029795924,48.689476
MarkRutte_MatthijsNieuwkerk.mp4,00:51,neutral,16.017672,0.00012117157,0.63316643,0.024190178,13.704111,0.0036967932,69.61704
MarkRutte_MatthijsNieuwkerk.mp4,00:51,neutral,21.122473,0.000988226,1.0676914,0.11105628,16.33145,0.05579262,61.310555
MarkRutte_MatthijsNieuwkerk.mp4,00:51,neutral,23.279734,0.004452614,2.427106,0.18280882,14.665772,0.13936716,59.30077
MarkRutte_MatthijsNieuwkerk.mp4,00:51,neutral,21.273272,0.011697296,4.2427816,0.9541031,32.03798,0.41714063,41.063023
MarkRutte_MatthijsNieuwkerk.mp4,00:51,neutral,22.466661,0.00070222776,1.968728,0.017620796,22.684837,0.0074829035,52.85397
MarkRutte_MatthijsNieuwkerk.mp4,00:51,neutral,16.39706,0.0013873802,2.722794,0.015898589,14.025903,0.029234743,66.80773
MarkRutte_MatthijsNieuwkerk.mp4,00:51,angry,33.60355,0.023783296,10.14612,0.11646248,32.948124,0.099889144,23.062073
MarkRutte_MatthijsNieuwkerk.mp4,00:51,neutral,14.160624,0.005313432,3.6948078,0.32730407,13.852453,0.18542337,67.77408
MarkRutte_MatthijsNieuwkerk.mp4,00:51,neutral,20.7741,0.011930447,8.706639,0.15901121,28.071705,0.08471734,42.191902
MarkRutte_MatthijsNieuwkerk.mp4,00:52,angry,43.419117,0.0627739,10.840173,0.14028798,20.49544,0.5714807,24.470732
MarkRutte_MatthijsNieuwkerk.mp4,00:52,angry,64.76621,0.041348133,11.912107,0.04481351,13.613656,0.3446061,9.277265
MarkRutte_MatthijsNieuwkerk.mp4,00:52,angry,58.93676,0.024212057,7.244545,0.017543875,12.667891,0.30344775,20.805603
MarkRutte_MatthijsNieuwkerk.mp4,00:52,angry,43.54545,0.009768551,7.61471,0.017105324,23.804508,0.03564275,24.972815
MarkRutte_MatthijsNieuwkerk.mp4,00:52,angry,38.399986,0.010355623,5.1230197,0.11050082,22.561838,0.5009795,33.293324
MarkRutte_MatthijsNieuwkerk.mp4,00:52,angry,32.909924,0.024732687,11.898163,0.034743827,22.570189,0.06892412,32.49332
MarkRutte_MatthijsNieuwkerk.mp4,00:52,neutral,28.127167,0.012272793,5.2997894,0.07513757,22.810265,0.2632413,43.412125
MarkRutte_MatthijsNieuwkerk.mp4,00:52,neutral,28.293789,0.0035266094,3.3229237,0.099496715,22.365505,0.06821366,45.846542
MarkRutte_MatthijsNieuwkerk.mp4,00:52,angry,56.89988,0.060708135,7.417952,0.30290902,13.94603,1.7000155,19.672506
MarkRutte_MatthijsNieuwkerk.mp4,00:52,angry,50.760586,0.047036678,12.522097,0.3589612,20.905367,0.7933486,14.612606
MarkRutte_MatthijsNieuwkerk.mp4,00:52,neutral,20.363274,0.0027790794,4.4819527,0.03926313,23.457184,0.015391911,51.640152
MarkRutte_MatthijsNieuwkerk.mp4,00:52,neutral,21.209106,0.011747759,6.7067738,0.22994353,26.738512,0.15954469,44.944374
MarkRutte_MatthijsNieuwkerk.mp4,00:52,sad,30.446743,0.018284662,6.9520006,0.14795831,32.088795,0.09207234,30.25414
MarkRutte_MatthijsNieuwkerk.mp4,00:52,sad,28.54432,0.017018313,11.869131,0.5974369,35.39511,0.6762493,22.900736
MarkRutte_MatthijsNieuwkerk.mp4,00:52,angry,54.17347,0.012842569,8.806916,0.35459483,22.735037,0.23029037,13.686846
MarkRutte_MatthijsNieuwkerk.mp4,00:52,neutral,16.959131,0.0075544994,7.327301,1.2292936,14.655283,1.0310736,58.790367
MarkRutte_MatthijsNieuwkerk.mp4,00:52,angry,45.95051,0.025609462,6.5812254,0.7713847,32.233486,0.117993444,14.31979
MarkRutte_MatthijsNieuwkerk.mp4,00:52,neutral,15.179513,0.0015849205,2.6192517,1.2055308,7.937268,0.47807813,72.57878
MarkRutte_MatthijsNieuwkerk.mp4,00:52,neutral,21.767199,0.0031926045,3.2304618,1.4928012,21.047764,0.062473215,52.396107
MarkRutte_MatthijsNieuwkerk.mp4,00:52,angry,56.40564,0.019732546,3.935272,0.44530663,25.525723,0.16145745,13.506871
MarkRutte_MatthijsNieuwkerk.mp4,00:52,neutral,11.211646,0.0028217176,1.741086,6.4312296,11.565782,1.0834914,67.96395
MarkRutte_MatthijsNieuwkerk.mp4,00:52,neutral,19.92598,0.0044129267,4.9694643,4.2731347,12.20064,2.6363888,55.989983
MarkRutte_MatthijsNieuwkerk.mp4,00:52,angry,46.760906,0.022120032,3.2204936,1.160433,31.14827,0.15598996,17.531788
MarkRutte_MatthijsNieuwkerk.mp4,00:52,happy,4.455303,0.0012335898,2.1891577,65.140945,4.0506167,3.050039,21.112707
MarkRutte_MatthijsNieuwkerk.mp4,00:52,happy,7.19662,6.422847e-05,0.38630858,65.02389,4.7023454,0.16425413,22.526518
MarkRutte_MatthijsNieuwkerk.mp4,00:53,neutral,2.3069634e-07,2.0199337e-10,0.040654503,0.0008401708,0.0011951786,0.00010789133,99.95721
MarkRutte_MatthijsNieuwkerk.mp4,00:53,happy,0.00038219336,1.5263144e-05,0.013949029,61.660423,0.013702733,0.00011962991,38.3114
MarkRutte_MatthijsNieuwkerk.mp4,00:53,happy,4.6727085,0.041826013,1.3192928,87.649025,2.3447633,2.1223552,1.8500339
MarkRutte_MatthijsNieuwkerk.mp4,00:53,happy,16.95076,0.02392175,0.3658056,71.71674,0.6726404,2.1106322,8.159502
MarkRutte_MatthijsNieuwkerk.mp4,00:53,happy,1.8311374,0.0013458042,0.028187087,87.648575,0.24448258,0.12497624,10.121294
MarkRutte_MatthijsNieuwkerk.mp4,00:53,angry,64.04461,0.4659251,3.8388596,6.0172434,23.9048,0.111585625,1.6169763
MarkRutte_MatthijsNieuwkerk.mp4,00:53,happy,7.526101,0.02921998,0.115513615,84.45965,1.8442993,0.20302913,5.8221836
MarkRutte_MatthijsNieuwkerk.mp4,00:53,happy,26.409393,0.043197367,0.7318819,65.09654,3.5744448,0.20491788,3.9396281
MarkRutte_MatthijsNieuwkerk.mp4,00:53,happy,4.041994,0.009130734,0.112359166,93.75994,1.2159263,0.2321736,0.6284738
MarkRutte_MatthijsNieuwkerk.mp4,00:53,happy,8.360358,0.095080175,2.8266163,84.687294,2.4841695,1.2219976,0.32448494
MarkRutte_MatthijsNieuwkerk.mp4,00:53,happy,26.144596,0.19681644,30.843332,37.890778,1.0598123,2.9789422,0.885715
MarkRutte_MatthijsNieuwkerk.mp4,00:53,angry,79.16764,0.21129687,11.5941515,0.09460267,8.922639,0.004073723,0.0055913846
MarkRutte_MatthijsNieuwkerk.mp4,00:53,angry,82.00294,2.9293904,5.5584598,0.023910038,9.47583,0.00046040755,0.0090151625
MarkRutte_MatthijsNieuwkerk.mp4,00:53,angry,59.62533,0.05177071,0.18667705,0.011513311,40.10099,1.1085043e-05,0.023702402
MarkRutte_MatthijsNieuwkerk.mp4,00:53,angry,81.34159,0.0012836606,13.771246,0.06561194,4.7844415,0.001957952,0.033875976
MarkRutte_MatthijsNieuwkerk.mp4,00:53,surprise,0.32471567,7.380077e-09,1.6879091,2.052457,0.00011732194,92.784256,3.1505458
MarkRutte_MatthijsNieuwkerk.mp4,00:53,angry,81.640205,2.3259707e-05,2.2187603,0.07168886,13.89259,0.0020259114,2.1747108
MarkRutte_MatthijsNieuwkerk.mp4,00:53,fear,0.24593407,7.187368e-08,92.61039,0.22887075,6.9121804,0.002580303,4.6951274e-05
MarkRutte_MatthijsNieuwkerk.mp4,00:53,sad,0.32451704,5.381723e-06,3.1825142,0.054977052,96.43637,2.8254768e-05,0.0015745716
MarkRutte_MatthijsNieuwkerk.mp4,00:53,sad,28.493586,7.853649e-06,5.427892,0.08051802,65.68504,0.00032063277,0.31263638
MarkRutte_MatthijsNieuwkerk.mp4,00:53,sad,0.7944754,0.00017373619,4.272285,0.0025200348,94.92707,8.5106185e-05,0.0033894444
MarkRutte_MatthijsNieuwkerk.mp4,00:53,sad,19.176413,0.00071720587,11.283841,0.017187597,69.51149,0.0004703317,0.009878923
MarkRutte_MatthijsNieuwkerk.mp4,00:53,sad,0.008124414,1.629338e-06,0.11596509,1.585326e-06,99.87588,1.0250193e-09,3.0032677e-05
MarkRutte_MatthijsNieuwkerk.mp4,00:53,happy,0.7749928,1.5174743e-06,2.729267,92.06038,4.4308453,2.377534e-06,0.004526608
MarkRutte_MatthijsNieuwkerk.mp4,00:54,sad,17.63007,0.002089301,4.0310216,0.03569937,78.19894,6.555291e-05,0.102116145
MarkRutte_MatthijsNieuwkerk.mp4,00:54,angry,98.649826,0.3996234,0.48757973,0.024638206,0.42140448,0.008099621,0.008827156
MarkRutte_MatthijsNieuwkerk.mp4,00:54,angry,85.291534,0.0012459382,12.377741,0.4663717,0.3887489,1.3128588,0.16150326
MarkRutte_MatthijsNieuwkerk.mp4,00:54,fear,21.113256,0.14195547,77.882835,0.11831046,0.07355204,0.66920286,0.0008799207
MarkRutte_MatthijsNieuwkerk.mp4,00:54,fear,15.912363,0.07221031,74.61646,0.6468293,0.13633981,8.610718,0.005077347
MarkRutte_MatthijsNieuwkerk.mp4,00:54,fear,29.902792,0.101296924,50.74158,0.7016386,0.18939336,17.92001,0.44328216
MarkRutte_MatthijsNieuwkerk.mp4,00:54,fear,22.0771,0.004157007,31.702576,17.930925,1.179651,12.235773,14.869822
MarkRutte_MatthijsNieuwkerk.mp4,00:54,neutral,2.830365,1.7308206e-05,0.67009586,0.4409964,3.3784034,0.004713976,92.67541
MarkRutte_MatthijsNieuwkerk.mp4,00:54,fear,25.529175,0.00069036905,56.856846,0.937599,6.6074457,0.9450829,9.123156
MarkRutte_MatthijsNieuwkerk.mp4,00:55,neutral,23.464142,0.058584124,2.8371487,0.44953722,3.6313355,0.3521443,69.207115
MarkRutte_MatthijsNieuwkerk.mp4,00:55,surprise,0.39531922,2.887945e-06,5.3724384,0.38033727,0.006259429,93.78094,0.06470309
MarkRutte_MatthijsNieuwkerk.mp4,00:55,surprise,0.08127838,3.8384192e-07,2.4408164,0.15897606,1.545962e-07,97.318924,4.6782946e-09
MarkRutte_MatthijsNieuwkerk.mp4,00:55,surprise,0.012101701,3.7031514e-10,9.064976,0.42165458,4.5335358e-07,90.501274,3.9058525e-09
MarkRutte_MatthijsNieuwkerk.mp4,00:55,surprise,0.13331619,8.335838e-07,1.8544793,0.07911056,4.42499e-05,97.933044,5.084896e-07
MarkRutte_MatthijsNieuwkerk.mp4,00:55,surprise,0.3038678,2.7366011e-06,3.7108836,0.079882324,0.00015734606,95.905205,8.579772e-06
MarkRutte_MatthijsNieuwkerk.mp4,00:55,happy,1.8274844,0.00046367868,3.5621188,58.81177,0.41727737,7.6696196,27.71126
MarkRutte_MatthijsNieuwkerk.mp4,00:55,happy,1.8638221,0.0005025306,1.8661115,57.140877,2.8875942,4.7723927,31.468708
MarkRutte_MatthijsNieuwkerk.mp4,00:55,sad,19.13038,0.34328955,28.058798,5.2755003,38.036293,0.35077098,8.80497
MarkRutte_MatthijsNieuwkerk.mp4,00:55,fear,22.816164,0.26320788,37.068653,0.592879,28.316223,1.7460966,9.196782
MarkRutte_MatthijsNieuwkerk.mp4,00:55,angry,39.189617,0.49619088,15.15992,0.9230021,12.242671,1.2889092,30.699688
MarkRutte_MatthijsNieuwkerk.mp4,00:55,angry,97.11726,0.004440314,1.5964973,0.63978213,0.078747876,0.16182543,0.40142637
MarkRutte_MatthijsNieuwkerk.mp4,00:55,angry,99.74485,0.0032768056,0.15619734,0.045077857,0.015790395,0.0024199355,0.032381315
MarkRutte_MatthijsNieuwkerk.mp4,00:55,angry,99.01149,0.018837845,0.71641445,0.085656,0.07932503,0.0017347836,0.08654205
MarkRutte_MatthijsNieuwkerk.mp4,00:55,angry,99.300545,0.021176072,0.4896963,0.1642781,0.013362525,0.0040809875,0.006862712
MarkRutte_MatthijsNieuwkerk.mp4,00:55,angry,98.53214,0.022112971,1.2606947,0.14725551,0.027125075,0.004322062,0.0063438644
MarkRutte_MatthijsNieuwkerk.mp4,00:55,angry,96.45902,0.2917119,0.16016313,0.018578976,2.2212954,0.0007561012,0.8484767
MarkRutte_MatthijsNieuwkerk.mp4,00:55,angry,99.644684,0.09322804,0.026897084,0.015311648,0.16696887,0.00016478621,0.052736443
MarkRutte_MatthijsNieuwkerk.mp4,00:55,angry,91.58224,0.00036759852,0.03212396,0.017134763,7.4799795,1.6408721e-05,0.8881412
MarkRutte_MatthijsNieuwkerk.mp4,00:55,angry,97.69502,0.21681666,0.37933198,0.009030058,1.6796594,6.367925e-05,0.02006358
MarkRutte_MatthijsNieuwkerk.mp4,00:55,angry,96.37105,0.00082056347,0.22376314,0.0010568618,3.3332999,4.2623046e-06,0.07000684
MarkRutte_MatthijsNieuwkerk.mp4,00:55,sad,11.451127,6.802873e-07,0.037948955,0.0010826333,88.46462,3.12249e-09,0.04521393
MarkRutte_MatthijsNieuwkerk.mp4,00:55,neutral,3.490292,0.00015853837,6.366899,0.02275038,34.37117,0.015205147,55.73353
MarkRutte_MatthijsNieuwkerk.mp4,00:55,neutral,0.43040997,3.6503816e-06,0.20341195,0.076623395,2.5371761,0.0128521435,96.739525
MarkRutte_MatthijsNieuwkerk.mp4,00:55,sad,34.871105,0.0022008016,19.842854,0.3404557,38.979557,1.0097032,4.954129
MarkRutte_MatthijsNieuwkerk.mp4,00:56,neutral,15.328582,0.00065265375,3.8877816,0.07824357,38.77859,0.036097314,41.890057
MarkRutte_MatthijsNieuwkerk.mp4,00:56,sad,14.667877,0.0018694276,5.3304787,0.11802651,43.13095,0.10754789,36.64324
MarkRutte_MatthijsNieuwkerk.mp4,00:56,sad,26.18174,0.039633635,26.422134,1.2052859,37.871506,4.239731,4.039976
MarkRutte_MatthijsNieuwkerk.mp4,00:56,sad,16.179577,0.013350064,15.897873,0.2350361,66.05076,0.22644313,1.3969594
MarkRutte_MatthijsNieuwkerk.mp4,00:56,sad,19.701797,0.002338913,21.423485,0.7190435,33.71876,20.063833,4.3707414
MarkRutte_MatthijsNieuwkerk.mp4,00:56,sad,9.681992,0.002874934,34.001453,0.46070647,42.37495,13.078044,0.39997754
MarkRutte_MatthijsNieuwkerk.mp4,00:56,surprise,1.8650389,0.0009728308,21.07839,0.18068083,6.141597,70.31972,0.41360265
MarkRutte_MatthijsNieuwkerk.mp4,00:56,fear,3.5773356,0.0005187032,54.69799,0.8112692,18.159126,22.39242,0.3613427
MarkRutte_MatthijsNieuwkerk.mp4,00:56,sad,19.190744,0.01933398,28.375088,3.8581777,48.156708,0.1048322,0.2951204
MarkRutte_MatthijsNieuwkerk.mp4,00:56,neutral,7.9796276,1.4417209e-05,3.1251457,0.0032072575,24.073088,5.839271e-05,64.81886
MarkRutte_MatthijsNieuwkerk.mp4,00:56,sad,25.143845,0.012799029,11.830837,4.5225005,58.187653,0.026712444,0.27565908
MarkRutte_MatthijsNieuwkerk.mp4,00:56,sad,9.811923,0.0045969062,21.843426,5.269347,62.866013,0.014062522,0.19064008
MarkRutte_MatthijsNieuwkerk.mp4,00:56,sad,11.378398,0.011064201,20.14351,2.3010507,66.0804,0.007651145,0.07791622
MarkRutte_MatthijsNieuwkerk.mp4,00:56,fear,3.0307326,0.00038428357,70.53483,2.8852806,23.343058,0.15260701,0.053109363
MarkRutte_MatthijsNieuwkerk.mp4,00:56,fear,4.7877264,0.0006570613,48.423843,2.6276426,44.083443,0.02843913,0.04825164
MarkRutte_MatthijsNieuwkerk.mp4,00:56,sad,4.281243,0.0014047383,39.065502,1.9010823,54.009342,0.5844142,0.1570151
MarkRutte_MatthijsNieuwkerk.mp4,00:56,sad,9.505792,0.017202845,13.080777,2.2935758,74.90302,0.0073780855,0.19225223
MarkRutte_MatthijsNieuwkerk.mp4,00:56,sad,8.845828,0.0020244103,29.274353,3.8543093,57.83047,0.026226366,0.16678852
MarkRutte_MatthijsNieuwkerk.mp4,00:56,sad,12.385779,0.00720016,30.688175,0.7896069,55.28785,0.6194269,0.22196336
MarkRutte_MatthijsNieuwkerk.mp4,00:56,fear,8.017147,0.0040064673,52.789993,1.4912927,34.49186,2.9200175,0.28568646
MarkRutte_MatthijsNieuwkerk.mp4,00:56,sad,1.5413576,2.4774965e-05,20.52858,0.0010124586,56.18067,0.00096170715,21.747402
MarkRutte_MatthijsNieuwkerk.mp4,00:56,sad,29.697807,0.0075572585,26.347364,1.627865,40.076786,1.3749232,0.8677013
MarkRutte_MatthijsNieuwkerk.mp4,00:56,fear,12.644331,0.0066960654,46.511063,1.2947282,28.02292,10.927795,0.5924685
MarkRutte_MatthijsNieuwkerk.mp4,00:56,sad,15.235009,0.003925986,35.456528,2.2841794,46.55746,0.25876704,0.20413326
MarkRutte_MatthijsNieuwkerk.mp4,00:56,sad,18.46521,0.0075973803,34.226093,1.67783,44.710262,0.7006836,0.21232823
MarkRutte_MatthijsNieuwkerk.mp4,00:57,fear,27.217844,0.00549937,35.213226,0.741758,30.193943,6.152597,0.47513148
MarkRutte_MatthijsNieuwkerk.mp4,00:57,sad,25.042015,0.00921735,29.414703,2.6876223,42.661575,0.032997206,0.15186708
MarkRutte_MatthijsNieuwkerk.mp4,00:57,sad,16.334078,0.0033334836,39.644283,1.915981,41.57249,0.29897714,0.23085587
MarkRutte_MatthijsNieuwkerk.mp4,00:57,sad,11.036377,0.0016795464,37.39487,1.931696,49.2227,0.123854645,0.2888277
MarkRutte_MatthijsNieuwkerk.mp4,00:57,sad,26.470716,0.021597337,21.12454,1.5288342,50.590294,0.15958129,0.10443037
MarkRutte_MatthijsNieuwkerk.mp4,00:57,sad,31.972345,0.0053387997,24.538984,1.6716578,40.949936,0.3861736,0.47557512
MarkRutte_MatthijsNieuwkerk.mp4,00:57,sad,14.276695,0.0047127656,36.84756,1.6274763,46.830757,0.24861395,0.16418482
MarkRutte_MatthijsNieuwkerk.mp4,00:57,sad,25.483059,0.004412012,27.249846,1.4929413,45.26788,0.22787999,0.2739885
MarkRutte_MatthijsNieuwkerk.mp4,00:57,sad,20.901468,0.0070540262,31.059736,1.5227879,45.86122,0.28245252,0.3652827
MarkRutte_MatthijsNieuwkerk.mp4,00:57,sad,20.071842,0.006624543,29.284145,1.4553707,48.630146,0.23343569,0.31843317
MarkRutte_MatthijsNieuwkerk.mp4,00:57,sad,22.571186,0.0040212916,28.093733,1.5320957,46.608192,0.12783346,1.0629363
MarkRutte_MatthijsNieuwkerk.mp4,00:57,sad,16.71394,0.019458745,18.409868,3.4304883,60.596233,0.058483914,0.7715206
MarkRutte_MatthijsNieuwkerk.mp4,00:57,sad,0.3402729,1.3890786e-05,42.537613,0.0026206456,49.6108,0.00031027835,7.508368
MarkRutte_MatthijsNieuwkerk.mp4,00:57,sad,17.38192,0.002296832,35.382805,2.1049173,43.38285,1.4362648,0.30894628
MarkRutte_MatthijsNieuwkerk.mp4,00:57,sad,11.779502,0.0033295876,42.650764,1.7904071,43.61594,0.06337908,0.09668385
MarkRutte_MatthijsNieuwkerk.mp4,00:57,sad,14.027296,0.009828821,23.700272,0.9891861,60.3501,0.6944089,0.22891049
MarkRutte_MatthijsNieuwkerk.mp4,00:57,sad,3.733893,0.00018426139,8.021682,0.016690426,47.019,0.0066932696,41.20186
MarkRutte_MatthijsNieuwkerk.mp4,00:57,fear,12.100887,0.0034842552,43.06336,1.8194315,42.85344,0.06466271,0.09473427
MarkRutte_MatthijsNieuwkerk.mp4,00:57,fear,9.8555765,0.001742715,50.58522,2.621985,36.794395,0.02304043,0.11802978
MarkRutte_MatthijsNieuwkerk.mp4,00:57,fear,6.804708,0.001260363,51.7929,3.395969,37.88675,0.022324046,0.096092075
MarkRutte_MatthijsNieuwkerk.mp4,00:57,sad,30.336948,0.0012003971,21.680231,3.6679788,36.584908,2.9252021,4.803527
MarkRutte_MatthijsNieuwkerk.mp4,00:57,fear,21.322052,0.006415515,43.56242,1.485437,33.02699,0.28307486,0.313615
MarkRutte_MatthijsNieuwkerk.mp4,00:57,fear,7.369281,0.0011434538,49.19958,2.0109415,39.7407,1.4478441,0.23051305
MarkRutte_MatthijsNieuwkerk.mp4,00:57,fear,8.361621,0.00080833473,46.12076,1.7031442,36.160645,6.996024,0.657004
MarkRutte_MatthijsNieuwkerk.mp4,00:57,fear,7.793763,0.0022421484,59.141296,3.8866081,29.084414,0.02111814,0.07055654
MarkRutte_MatthijsNieuwkerk.mp4,00:58,fear,8.845839,0.0004512678,55.112427,3.6828334,31.290302,0.5683822,0.49976477
MarkRutte_MatthijsNieuwkerk.mp4,00:58,fear,7.796354,0.0022426068,59.132404,3.8868744,29.090452,0.02112167,0.070553236
MarkRutte_MatthijsNieuwkerk.mp4,00:58,fear,21.104733,0.006462681,46.181816,1.9293563,30.259401,0.24732149,0.27091497
MarkRutte_MatthijsNieuwkerk.mp4,00:58,fear,5.0571775,0.00015972435,59.196125,2.5608284,32.74313,0.17493428,0.26764646
MarkRutte_MatthijsNieuwkerk.mp4,00:58,fear,4.2308326,0.00055510347,65.630974,3.5096972,26.57597,0.012841501,0.03914236
MarkRutte_MatthijsNieuwkerk.mp4,00:58,fear,18.079647,0.006581955,47.621475,2.2149951,31.584517,0.18002339,0.31275675
MarkRutte_MatthijsNieuwkerk.mp4,00:58,fear,4.432337,0.0007918408,63.87715,5.0618505,26.554047,0.01468637,0.05913394
MarkRutte_MatthijsNieuwkerk.mp4,00:58,fear,3.2973356,0.0003974002,76.25218,1.954642,18.163116,0.23299631,0.09932004
MarkRutte_MatthijsNieuwkerk.mp4,00:58,sad,13.714715,6.880798e-05,5.4104595,0.00030010813,65.26425,0.00038619895,15.609826
MarkRutte_MatthijsNieuwkerk.mp4,00:58,fear,5.1145177,0.00040134526,61.23163,2.5640225,30.762352,0.16009599,0.16697702
MarkRutte_MatthijsNieuwkerk.mp4,00:58,fear,3.8923821,0.0010079892,79.0182,1.6299362,15.138317,0.19740765,0.1227332
MarkRutte_MatthijsNieuwkerk.mp4,00:58,fear,22.517672,0.0043774648,39.963085,4.186482,30.58254,1.5121411,1.2337096
MarkRutte_MatthijsNieuwkerk.mp4,00:58,fear,3.2652178,0.00055090734,76.1036,1.5840609,16.237072,2.6193087,0.19019097
MarkRutte_MatthijsNieuwkerk.mp4,00:58,sad,18.99962,6.405689e-06,1.6837149,8.2097904e-05,68.368034,8.845937e-05,10.948458
MarkRutte_MatthijsNieuwkerk.mp4,00:58,fear,7.3682933,0.013628328,78.42252,1.0752372,12.767871,0.2911121,0.061330605
MarkRutte_MatthijsNieuwkerk.mp4,00:58,fear,4.0324974,0.0021471737,63.848,1.943225,29.82975,0.23999156,0.10439098
MarkRutte_MatthijsNieuwkerk.mp4,00:58,fear,19.385628,0.017391708,50.097347,1.8711824,28.290472,0.20523451,0.1327469
MarkRutte_MatthijsNieuwkerk.mp4,00:58,fear,4.3113756,0.0023391845,66.52409,1.6748581,27.30796,0.12525025,0.05412376
MarkRutte_MatthijsNieuwkerk.mp4,00:58,fear,3.6210005,0.0017418724,65.49005,1.4943411,29.221594,0.118700005,0.05257199
MarkRutte_MatthijsNieuwkerk.mp4,00:58,angry,45.897247,0.54141796,15.244148,0.07882253,31.65174,0.40223822,6.184386
MarkRutte_MatthijsNieuwkerk.mp4,00:58,angry,73.577805,7.4165854,12.659637,0.14940035,3.203389,0.45509118,2.5380855
MarkRutte_MatthijsNieuwkerk.mp4,00:58,sad,28.292244,0.93467563,19.742071,0.49707884,35.348724,0.055535555,15.129673
MarkRutte_MatthijsNieuwkerk.mp4,00:58,fear,16.853964,6.469553,48.472,0.19461313,24.31041,0.2670312,3.432426
MarkRutte_MatthijsNieuwkerk.mp4,00:58,sad,21.073734,0.47318244,20.0521,0.19418666,52.94094,0.06421662,5.201638
MarkRutte_MatthijsNieuwkerk.mp4,00:58,sad,19.195915,0.02874523,5.6638975,0.1452108,39.166428,0.003312546,35.79649
MarkRutte_MatthijsNieuwkerk.mp4,00:59,sad,6.225934,0.018903438,14.228122,0.039127763,57.167145,0.018832004,22.301939
MarkRutte_MatthijsNieuwkerk.mp4,00:59,neutral,23.75357,0.06853141,17.89481,0.17065272,27.319986,0.693647,30.098808
MarkRutte_MatthijsNieuwkerk.mp4,00:59,fear,21.071445,0.06905083,48.694767,0.19978373,18.612284,1.9301324,9.422541
MarkRutte_MatthijsNieuwkerk.mp4,00:59,sad,25.443035,0.0377646,15.514941,0.30473286,37.104824,0.27119184,21.323513
MarkRutte_MatthijsNieuwkerk.mp4,00:59,sad,31.625315,0.013469747,2.7251277,0.04550599,36.35634,0.10290077,29.131344
MarkRutte_MatthijsNieuwkerk.mp4,00:59,fear,1.8007663,0.0015549901,86.07926,2.2518754,3.9689496,0.34177032,5.555822
MarkRutte_MatthijsNieuwkerk.mp4,00:59,angry,51.97106,0.040574018,14.031388,0.005489567,26.961628,0.032974146,6.9568925
MarkRutte_MatthijsNieuwkerk.mp4,00:59,angry,40.88214,0.10775269,24.583504,0.24439318,8.654471,0.17355919,25.354189
MarkRutte_MatthijsNieuwkerk.mp4,00:59,fear,0.053850483,1.0860496e-05,96.26948,0.26044258,2.5369818,0.010667934,0.8685687
MarkRutte_MatthijsNieuwkerk.mp4,00:59,fear,1.0967128,0.0005251532,58.47024,0.79182374,8.135363,0.26168978,31.243643
MarkRutte_MatthijsNieuwkerk.mp4,00:59,neutral,11.821163,0.00095571997,4.568125,0.39198384,1.8543724,0.49698773,80.86642
MarkRutte_MatthijsNieuwkerk.mp4,00:59,neutral,8.321938,0.00042982848,10.622799,0.027190425,4.1322303,0.2071475,76.68826
MarkRutte_MatthijsNieuwkerk.mp4,00:59,neutral,11.424083,0.0016260445,4.3124986,0.13465567,5.48194,0.04881387,78.59638
MarkRutte_MatthijsNieuwkerk.mp4,00:59,fear,0.6034319,0.00019706016,83.23406,0.9169561,4.874629,0.06344641,10.307272
MarkRutte_MatthijsNieuwkerk.mp4,00:59,sad,9.866682,0.009731229,23.381182,0.39084888,45.680626,0.04426213,20.626669
MarkRutte_MatthijsNieuwkerk.mp4,00:59,fear,8.096976,0.17992786,55.28394,0.36438745,29.583302,0.07806425,6.413405
MarkRutte_MatthijsNieuwkerk.mp4,00:59,angry,36.04217,0.24501249,25.78657,1.6056598,27.311518,1.5337547,7.4753237
MarkRutte_MatthijsNieuwkerk.mp4,00:59,fear,0.15998395,0.00014922477,87.7121,1.9570831,9.06211,0.04244577,1.0661336
MarkRutte_MatthijsNieuwkerk.mp4,00:59,sad,21.564734,0.07223069,11.383824,2.067636,50.404137,0.53917915,13.968258
MarkRutte_MatthijsNieuwkerk.mp4,00:59,sad,19.026129,0.093266495,20.222355,2.7540538,43.865166,0.41596696,13.623067
MarkRutte_MatthijsNieuwkerk.mp4,00:59,angry,44.058495,0.16164228,14.837229,2.4662244,21.599892,1.6276544,15.248863
MarkRutte_MatthijsNieuwkerk.mp4,00:59,sad,19.168768,0.10412374,6.600634,4.656993,48.807846,0.2810151,20.380623
MarkRutte_MatthijsNieuwkerk.mp4,00:59,neutral,6.167988,0.002859979,5.9266624,0.71135575,26.00133,0.1902463,60.999557
MarkRutte_MatthijsNieuwkerk.mp4,00:59,sad,6.9894867,0.036592558,19.200249,0.13346988,57.133137,0.049272675,16.457792
MarkRutte_MatthijsNieuwkerk.mp4,00:59,sad,19.624226,0.014293184,18.704596,0.07527171,36.186478,0.027947716,25.367186
MarkRutte_MatthijsNieuwkerk.mp4,01:00,neutral,4.3005878e-07,3.0456013e-12,0.030228958,0.0006088687,0.003396359,8.3071745e-06,99.96576
MarkRutte_MatthijsNieuwkerk.mp4,01:00,neutral,2.9545634e-05,6.551044e-10,0.039949708,0.1375314,0.0012257127,0.00025775583,99.82101
MarkRutte_MatthijsNieuwkerk.mp4,01:00,sad,8.928368,0.0733101,16.339432,0.08802064,66.90037,0.019332709,7.6511726
MarkRutte_MatthijsNieuwkerk.mp4,01:00,neutral,2.6720498,0.0010873888,0.82959336,11.126418,27.328693,0.029362507,58.0128
MarkRutte_MatthijsNieuwkerk.mp4,01:00,neutral,3.8564947,0.0048742127,2.4343302,6.5292926,26.08444,0.052228943,61.038338
MarkRutte_MatthijsNieuwkerk.mp4,01:00,neutral,2.8638954,0.0036449758,4.026641,20.311136,18.6205,0.22502758,53.949154
MarkRutte_MatthijsNieuwkerk.mp4,01:00,neutral,7.612732,5.6125198e-05,1.0478991,0.7699433,21.415361,0.0056917835,69.14832
MarkRutte_MatthijsNieuwkerk.mp4,01:00,neutral,0.0052772076,6.261483e-08,0.8762155,0.0009935062,1.489482,0.00031406892,97.627716
MarkRutte_MatthijsNieuwkerk.mp4,01:00,neutral,0.0002314065,2.2572144e-09,0.058694497,0.97316134,0.0017417452,0.09646971,98.869705
MarkRutte_MatthijsNieuwkerk.mp4,01:00,happy,0.00030589983,1.46517225e-08,0.0010635328,52.57336,0.00033770726,0.005895055,47.419037
MarkRutte_MatthijsNieuwkerk.mp4,01:00,angry,69.89127,0.042930648,8.552325,0.042627994,12.342925,0.12532589,9.00259
MarkRutte_MatthijsNieuwkerk.mp4,01:00,neutral,2.3669616e-05,2.0940484e-10,0.0005982824,2.2042918,0.0011857273,2.5872516e-05,97.79388
MarkRutte_MatthijsNieuwkerk.mp4,01:00,neutral,3.9320416e-06,3.467617e-11,0.005411429,0.014658199,0.015024081,7.724188e-05,99.96483
MarkRutte_MatthijsNieuwkerk.mp4,01:00,neutral,6.0605307,6.1720743e-07,0.44989157,0.0102210045,15.022391,5.4501583e-05,78.45691
MarkRutte_MatthijsNieuwkerk.mp4,01:00,sad,14.158973,0.030136649,17.774729,1.0136541,45.931633,0.17435253,20.91652
MarkRutte_MatthijsNieuwkerk.mp4,01:00,neutral,13.045974,0.0055270544,10.894182,0.12783626,32.910316,0.062212676,42.953957
MarkRutte_MatthijsNieuwkerk.mp4,01:00,angry,29.207056,0.0101772295,17.766348,0.24312867,25.055548,0.19796821,27.519775
MarkRutte_MatthijsNieuwkerk.mp4,01:00,sad,36.20692,0.0047332323,7.6927752,0.05343004,42.291157,0.007678078,13.743314
MarkRutte_MatthijsNieuwkerk.mp4,01:00,sad,21.021643,0.003268716,17.711098,0.03647287,44.344746,0.0049619535,16.877815
MarkRutte_MatthijsNieuwkerk.mp4,01:00,angry,36.646267,0.008175199,12.446674,0.042087473,35.477497,0.020589778,15.35871
MarkRutte_MatthijsNieuwkerk.mp4,01:00,sad,20.039808,0.042283766,30.370316,0.10963222,34.096855,0.05004121,15.291067
MarkRutte_MatthijsNieuwkerk.mp4,01:00,sad,12.304974,0.008083806,6.9031606,0.026559819,55.500683,0.0024913833,25.254053
MarkRutte_MatthijsNieuwkerk.mp4,01:00,sad,8.468238,0.009174174,2.44345,0.32500523,49.902718,0.004252551,38.84717
MarkRutte_MatthijsNieuwkerk.mp4,01:00,neutral,12.188445,0.00887111,4.4515247,1.2179044,25.521643,0.13067229,56.480938
MarkRutte_MatthijsNieuwkerk.mp4,01:00,neutral,2.8553388,0.00094774284,0.26215208,0.9223882,22.58086,0.0013574029,73.37695
MarkRutte_MatthijsNieuwkerk.mp4,01:01,happy,1.02929,2.1095508e-05,0.06547531,48.65487,2.7646456,0.01548118,47.470222
MarkRutte_MatthijsNieuwkerk.mp4,01:01,happy,0.24312843,9.353184e-05,0.012632092,56.20591,0.9835328,0.030963346,42.52374
MarkRutte_MatthijsNieuwkerk.mp4,01:01,happy,0.008646024,5.3275244e-07,0.00017733603,95.630325,0.10059641,0.0049466835,4.255312
MarkRutte_MatthijsNieuwkerk.mp4,01:01,neutral,0.6583221,0.00023384948,0.031527575,29.582802,4.748835,0.027849985,64.950424
MarkRutte_MatthijsNieuwkerk.mp4,01:01,sad,2.6934285,0.018412458,0.7013699,1.9975768,52.887684,0.0077023725,41.693832
MarkRutte_MatthijsNieuwkerk.mp4,01:01,sad,3.6890824,0.093913265,2.4580474,1.3457272,66.66809,0.011991905,25.733147
MarkRutte_MatthijsNieuwkerk.mp4,01:01,neutral,8.777065,0.003486878,3.313752,2.2096632,22.373055,0.022550272,63.30043
MarkRutte_MatthijsNieuwkerk.mp4,01:01,neutral,9.034718,0.0011303325,1.0211654,2.7762444,7.4039526,0.65404904,79.10874
MarkRutte_MatthijsNieuwkerk.mp4,01:01,neutral,3.1336567,0.0011747348,1.3033925,6.9574976,8.233117,0.20132123,80.16984
MarkRutte_MatthijsNieuwkerk.mp4,01:01,neutral,12.819563,0.0045757,2.2397778,18.445972,13.652473,0.99963874,51.838005
MarkRutte_MatthijsNieuwkerk.mp4,01:01,neutral,9.754814,7.337122e-05,0.5156328,40.953926,5.812762,0.6340632,42.328728
MarkRutte_MatthijsNieuwkerk.mp4,01:01,happy,0.16137902,1.1890851e-06,0.023774093,86.437454,0.041005585,0.3066979,13.02969
MarkRutte_MatthijsNieuwkerk.mp4,01:01,happy,0.4993495,2.4143665e-05,0.259953,87.2894,0.050941408,1.7403821,10.159947
MarkRutte_MatthijsNieuwkerk.mp4,01:01,neutral,6.25489e-07,6.549707e-11,0.0009555756,0.0022389963,0.0012305457,0.001122202,99.99445
MarkRutte_MatthijsNieuwkerk.mp4,01:01,surprise,1.6925149,0.00024911098,11.923784,3.0145912,0.14661244,77.84928,5.3729663
MarkRutte_MatthijsNieuwkerk.mp4,01:01,surprise,22.30663,2.2256358,2.7732308,0.019440284,0.30628097,72.28225,0.086538106
MarkRutte_MatthijsNieuwkerk.mp4,01:01,neutral,6.6362945e-06,4.8000887e-10,0.09841332,0.00073226483,0.0027122796,0.0027284133,99.89541
MarkRutte_MatthijsNieuwkerk.mp4,01:01,surprise,45.94168,0.26265058,6.4666133,0.028220002,0.8678238,46.00603,0.42698205
MarkRutte_MatthijsNieuwkerk.mp4,01:01,angry,32.606293,0.11381326,25.801592,0.22440062,23.636393,0.20237133,17.415148
MarkRutte_MatthijsNieuwkerk.mp4,01:01,neutral,40.41909,0.0026558076,6.309821,0.0986359,5.023483,1.6270866,46.519226
MarkRutte_MatthijsNieuwkerk.mp4,01:01,fear,28.225847,0.18251047,35.18367,2.1397953,18.906555,0.8408495,14.520773
MarkRutte_MatthijsNieuwkerk.mp4,01:01,angry,73.30568,1.0327652,12.19276,0.24166267,7.4978075,2.5313172,3.1980104
MarkRutte_MatthijsNieuwkerk.mp4,01:01,angry,35.63195,0.084411055,27.318731,0.0597424,26.696291,0.12728605,10.081586
MarkRutte_MatthijsNieuwkerk.mp4,01:01,angry,66.72686,0.4186737,15.7803,0.16300946,9.31105,4.849174,2.7509394
MarkRutte_MatthijsNieuwkerk.mp4,01:01,neutral,0.00020286861,6.299415e-07,0.10509024,0.15677825,0.026801115,0.00046642986,99.71066
MarkRutte_MatthijsNieuwkerk.mp4,01:02,surprise,1.3766143,0.02910533,0.4223407,0.0053969095,0.021476198,98.1416,0.0034721997
MarkRutte_MatthijsNieuwkerk.mp4,01:02,neutral,0.0004634853,5.386407e-08,0.118869066,1.2605734,0.0010537307,0.7945858,97.82446
MarkRutte_MatthijsNieuwkerk.mp4,01:02,happy,3.1039243,0.003869432,5.606894,52.050285,1.6756475,28.496876,9.06251
MarkRutte_MatthijsNieuwkerk.mp4,01:02,neutral,2.0924816e-08,1.2366857e-13,0.04010083,8.664424e-06,0.005774413,6.019053e-05,99.954056
MarkRutte_MatthijsNieuwkerk.mp4,01:02,happy,1.068456,0.0009839607,3.0901508,55.71876,0.6227361,2.4663935,37.032516
MarkRutte_MatthijsNieuwkerk.mp4,01:02,fear,26.86132,0.88756454,32.544476,0.36252597,14.260076,22.419243,2.6647966
MarkRutte_MatthijsNieuwkerk.mp4,01:02,neutral,22.870056,0.036921017,13.507977,0.92021585,29.020096,0.14759721,33.497143
MarkRutte_MatthijsNieuwkerk.mp4,01:02,sad,14.629768,0.06230432,13.081239,0.17271893,40.427666,0.20038697,31.425919
MarkRutte_MatthijsNieuwkerk.mp4,01:02,happy,0.13500996,3.3741765e-06,0.022131156,94.3998,0.15206206,0.26461396,5.0263796
MarkRutte_MatthijsNieuwkerk.mp4,01:02,happy,0.5185705,8.072691e-05,1.7385575,76.56554,0.42647696,12.270887,8.479895
MarkRutte_MatthijsNieuwkerk.mp4,01:02,fear,0.11406216,8.347665,58.893513,2.3181696,29.802326,0.004341872,0.5199331
MarkRutte_MatthijsNieuwkerk.mp4,01:02,happy,2.4826505,0.00083569705,15.525081,64.47248,2.3116815,11.774604,3.4326718
MarkRutte_MatthijsNieuwkerk.mp4,01:02,sad,0.005452943,0.013233861,13.105148,0.007076345,86.86158,1.2389316e-05,0.0074935076
MarkRutte_MatthijsNieuwkerk.mp4,01:02,fear,0.0061684847,0.021234894,75.40191,0.083537586,24.266392,0.00066644535,0.22008856
MarkRutte_MatthijsNieuwkerk.mp4,01:02,sad,0.00031461933,6.49707e-05,16.457891,0.0016842423,83.5187,1.0283211e-05,0.021336887
MarkRutte_MatthijsNieuwkerk.mp4,01:02,angry,38.595272,0.0005353475,16.482683,0.21508029,3.314676,12.0754,29.31636
MarkRutte_MatthijsNieuwkerk.mp4,01:02,angry,79.3821,0.0008455932,12.388578,1.2669549,2.0678158,1.8837029,3.0099988
MarkRutte_MatthijsNieuwkerk.mp4,01:02,neutral,0.00047036837,1.1661646e-06,17.433472,0.0030910487,1.7791849,5.4179272e-05,80.78373
MarkRutte_MatthijsNieuwkerk.mp4,01:02,happy,21.349287,0.0028442636,5.316873,36.14557,31.874355,0.4937173,4.817354
MarkRutte_MatthijsNieuwkerk.mp4,01:02,neutral,4.2183995,0.0041957516,8.135521,22.242321,28.989304,6.8155713,29.594687
MarkRutte_MatthijsNieuwkerk.mp4,01:02,neutral,1.6718313e-06,4.1897956e-09,0.0025152166,0.34757093,0.0017117414,0.00023071496,99.64797
MarkRutte_MatthijsNieuwkerk.mp4,01:02,happy,0.0024967506,7.1106206e-07,0.0077234036,97.355804,0.01816573,0.06258153,2.5532334
MarkRutte_MatthijsNieuwkerk.mp4,01:02,happy,1.802366,0.009204096,0.48026353,91.62856,0.8717522,0.8299985,4.377849
MarkRutte_MatthijsNieuwkerk.mp4,01:02,happy,0.011811703,1.4014662e-05,0.004466778,99.52829,0.09836315,0.032320816,0.324722
MarkRutte_MatthijsNieuwkerk.mp4,01:02,happy,0.0050364677,5.6281556e-06,0.014890404,98.60475,0.04254112,0.1018185,1.2309641
MarkRutte_MatthijsNieuwkerk.mp4,01:03,happy,0.0073655625,4.837938e-06,0.0071692476,96.45733,0.047890685,0.018549262,3.4616947
MarkRutte_MatthijsNieuwkerk.mp4,01:03,happy,0.020119334,3.0620286e-05,0.11183329,97.392494,0.13116741,0.21751375,2.1268454
MarkRutte_MatthijsNieuwkerk.mp4,01:03,happy,0.18625909,0.00020586498,0.064686246,71.62479,0.70124644,0.056698777,27.366121
MarkRutte_MatthijsNieuwkerk.mp4,01:03,sad,24.957088,0.0015534981,7.226597,19.832703,39.10995,1.6462114,7.2259007
MarkRutte_MatthijsNieuwkerk.mp4,01:03,happy,0.054517277,5.5901146e-06,0.071860634,97.436325,0.268673,0.457426,1.7111982
MarkRutte_MatthijsNieuwkerk.mp4,01:03,fear,2.882948,0.0014974613,73.75263,3.986334,7.5063667,6.787727,5.0824986
MarkRutte_MatthijsNieuwkerk.mp4,01:03,happy,0.001514881,3.2234038e-07,0.018524062,98.017944,0.031539567,0.08704192,1.843442
MarkRutte_MatthijsNieuwkerk.mp4,01:03,happy,0.060097463,2.2817101e-05,0.32089853,94.21931,0.23004417,0.4347788,4.7348547
MarkRutte_MatthijsNieuwkerk.mp4,01:03,happy,0.038371317,3.290944e-06,0.09604254,92.73034,0.19539768,0.6551897,6.2846603
MarkRutte_MatthijsNieuwkerk.mp4,01:03,neutral,8.920075,0.009719742,14.0221405,13.309089,1.9524878,12.1119795,49.67452
MarkRutte_MatthijsNieuwkerk.mp4,01:03,neutral,0.00082862563,1.3521277e-06,46.967266,0.00094022544,0.016595762,0.0048591825,53.009518
MarkRutte_MatthijsNieuwkerk.mp4,01:03,angry,44.76703,0.6820173,43.91832,0.16783993,3.803534,4.045822,2.6154447
MarkRutte_MatthijsNieuwkerk.mp4,01:03,neutral,6.2545696e-05,6.3260963e-10,20.06556,1.1991322e-05,0.0060677878,0.0002810253,79.92802
MarkRutte_MatthijsNieuwkerk.mp4,01:03,happy,0.00051028753,3.2114882e-09,0.000115760165,99.97899,2.8787928e-05,1.7048982e-05,0.020332359
MarkRutte_MatthijsNieuwkerk.mp4,01:03,happy,3.0956933e-05,1.4987906e-09,2.1433792e-05,99.99228,7.385592e-05,3.7929713e-06,0.007592066
MarkRutte_MatthijsNieuwkerk.mp4,01:03,happy,6.3296895e-05,2.8675378e-12,7.854073e-07,99.99979,5.80599e-05,1.0408683e-07,8.767494e-05
MarkRutte_MatthijsNieuwkerk.mp4,01:03,happy,0.15260565,3.4907614e-05,0.11147585,91.859505,2.4215467,0.08894345,5.365894
MarkRutte_MatthijsNieuwkerk.mp4,01:03,happy,0.061526045,1.7553324e-06,0.0053767115,90.58128,0.31643644,0.049402636,8.985982
MarkRutte_MatthijsNieuwkerk.mp4,01:03,happy,0.031553444,6.0853395e-06,0.030566404,87.04915,0.42561215,0.1254309,12.337685
MarkRutte_MatthijsNieuwkerk.mp4,01:03,happy,0.002294619,8.956921e-08,0.003550222,95.95973,0.029554406,0.03164798,3.9732234
MarkRutte_MatthijsNieuwkerk.mp4,01:03,happy,0.0051322742,4.0405087e-08,0.0013204726,87.67054,0.03967732,0.04041272,12.242916
MarkRutte_MatthijsNieuwkerk.mp4,01:03,happy,0.1417342,7.3363714e-07,0.027383512,64.666374,0.12670471,0.027669437,35.010136
MarkRutte_MatthijsNieuwkerk.mp4,01:03,happy,0.012202187,4.128163e-08,0.0009639106,90.393524,0.023843946,0.0069191805,9.562549
MarkRutte_MatthijsNieuwkerk.mp4,01:03,happy,0.00013506769,1.844531e-11,6.5582944e-06,91.6764,0.0009288952,0.00045723023,8.322067
MarkRutte_MatthijsNieuwkerk.mp4,01:03,happy,0.009872839,6.182083e-07,0.041085545,92.087494,0.16793296,0.08187802,7.6117344
MarkRutte_MatthijsNieuwkerk.mp4,01:04,happy,0.043530557,5.775637e-07,0.039035745,86.27205,0.46204713,0.33412567,12.849211
MarkRutte_MatthijsNieuwkerk.mp4,01:04,happy,0.2573564,5.135586e-05,0.4910525,60.00909,5.1545463,1.680379,32.407524
MarkRutte_MatthijsNieuwkerk.mp4,01:04,happy,0.0014002823,7.2571377e-10,5.1307947e-05,96.26419,0.02949864,0.0057896185,3.6990705
MarkRutte_MatthijsNieuwkerk.mp4,01:04,happy,0.051331926,1.2338224e-07,0.00131972,89.04098,0.34322312,0.011715103,10.5514345
MarkRutte_MatthijsNieuwkerk.mp4,01:04,happy,0.6092163,3.607607e-07,0.008607926,51.58619,0.9804582,0.05083429,46.764687
MarkRutte_MatthijsNieuwkerk.mp4,01:04,happy,1.3391216,0.00011854374,0.32216048,79.95312,5.6065645,0.05615094,12.722768
MarkRutte_MatthijsNieuwkerk.mp4,01:04,happy,2.614025,0.0001151176,0.79595363,65.75802,11.548414,0.13594908,19.147526
MarkRutte_MatthijsNieuwkerk.mp4,01:04,happy,1.5580697,0.0007542531,1.6793486,60.015347,18.462418,0.24826644,18.035803
MarkRutte_MatthijsNieuwkerk.mp4,01:04,happy,1.1478434,0.00026887612,2.1725152,71.74466,14.533999,0.2511854,10.149521
MarkRutte_MatthijsNieuwkerk.mp4,01:04,happy,0.6055711,0.00026282613,0.6466213,79.57888,4.317069,0.2493689,14.602227
MarkRutte_MatthijsNieuwkerk.mp4,01:04,neutral,1.4334044e-05,1.8870713e-07,0.197305,0.00065088074,0.078582264,1.944997e-05,99.72343
MarkRutte_MatthijsNieuwkerk.mp4,01:04,surprise,10.23747,0.009157416,10.595624,1.2390168,0.53852004,77.36643,0.013776731
MarkRutte_MatthijsNieuwkerk.mp4,01:04,surprise,4.111199,0.0020561726,9.636264,1.321452,0.7720482,83.76414,0.39284006
MarkRutte_MatthijsNieuwkerk.mp4,01:04,fear,0.22822239,1.1693255e-05,96.53684,0.0033483743,2.4628797,0.06926295,0.6994326
MarkRutte_MatthijsNieuwkerk.mp4,01:04,neutral,2.0967114,0.017260926,6.2140284,29.579643,9.968751,1.2588284,50.864773
MarkRutte_MatthijsNieuwkerk.mp4,01:04,happy,2.7647328,0.018090356,1.6845027,69.450775,1.2059686,0.35849756,24.517433
MarkRutte_MatthijsNieuwkerk.mp4,01:04,fear,4.421494,1.9403187,73.7908,4.2760925,7.8149447,1.6972926,6.0590596
MarkRutte_MatthijsNieuwkerk.mp4,01:04,neutral,7.0777774,0.70647645,15.058288,24.544426,6.240348,1.7862061,44.58648
MarkRutte_MatthijsNieuwkerk.mp4,01:04,fear,5.5172715,8.475095,60.110497,3.9865131,9.530092,3.3557992,9.024727
MarkRutte_MatthijsNieuwkerk.mp4,01:04,fear,1.8184521,15.808037,73.53233,0.20969956,5.3238964,1.0759501,2.23164
MarkRutte_MatthijsNieuwkerk.mp4,01:04,fear,4.3572497,32.325665,50.71564,0.41899478,7.581087,2.407254,2.1941035
MarkRutte_MatthijsNieuwkerk.mp4,01:04,fear,10.717612,3.8663137,62.567703,3.886388,12.429758,0.9736831,5.5585337
MarkRutte_MatthijsNieuwkerk.mp4,01:04,fear,8.315991,12.912674,53.5985,3.1559482,13.597749,2.0276704,6.3914633
MarkRutte_MatthijsNieuwkerk.mp4,01:04,fear,6.051392,24.946518,48.320553,0.13257988,10.88646,1.4789466,8.183554
MarkRutte_MatthijsNieuwkerk.mp4,01:04,sad,3.9199307,0.0008176884,1.2706732,0.1555229,90.33676,2.8582706e-05,4.3162737
MarkRutte_MatthijsNieuwkerk.mp4,01:05,sad,6.5722256,0.0007002264,0.8181084,0.1585125,75.00598,7.612141e-05,17.444393
MarkRutte_MatthijsNieuwkerk.mp4,01:05,neutral,6.719469,0.0028729606,1.6890254,2.1161025,17.95889,0.010327787,71.50331
MarkRutte_MatthijsNieuwkerk.mp4,01:05,neutral,5.556857,0.00072114443,0.8414507,1.453454,13.030558,0.002860236,79.1141
MarkRutte_MatthijsNieuwkerk.mp4,01:05,neutral,3.2548964,0.015524697,15.876526,11.291336,6.656867,0.3014282,62.60342
MarkRutte_MatthijsNieuwkerk.mp4,01:05,neutral,4.114409,0.00059924205,0.6420679,1.3214966,7.1304784,0.0035412232,86.78741
MarkRutte_MatthijsNieuwkerk.mp4,01:05,neutral,4.4028215,8.3893516e-05,0.12703748,0.47390413,8.622287,0.0002517592,86.37361
MarkRutte_MatthijsNieuwkerk.mp4,01:05,sad,0.26744503,0.00043583987,0.27297127,1.3168852,62.736206,0.00013843084,35.405914
MarkRutte_MatthijsNieuwkerk.mp4,01:05,sad,0.12411528,1.270278e-05,0.6292347,0.020509796,90.16935,9.7114054e-05,9.056687
MarkRutte_MatthijsNieuwkerk.mp4,01:05,neutral,2.4237366,0.00066239695,0.603615,3.6706715,2.8786774,0.015489635,90.40714
MarkRutte_MatthijsNieuwkerk.mp4,01:05,neutral,1.3510176,0.00039328707,1.0186108,24.69687,3.402986,0.08387862,69.44624
MarkRutte_MatthijsNieuwkerk.mp4,01:05,neutral,0.16244708,6.8260165e-06,0.46361923,26.603354,1.016405,0.05586716,71.6983
MarkRutte_MatthijsNieuwkerk.mp4,01:05,neutral,0.87653995,7.9254416e-05,1.0034002,17.75214,4.076081,1.0076652,75.284096
MarkRutte_MatthijsNieuwkerk.mp4,01:05,sad,0.031055752,6.129854e-06,0.65226454,0.013452463,83.50738,2.2157508e-05,15.795819
MarkRutte_MatthijsNieuwkerk.mp4,01:05,neutral,34.451855,0.0059031374,6.824345,0.66011465,9.430822,6.1675677,42.45939
MarkRutte_MatthijsNieuwkerk.mp4,01:05,sad,0.07542997,7.797614e-06,0.32630217,0.045562144,75.2623,5.8790276e-05,24.290337
MarkRutte_MatthijsNieuwkerk.mp4,01:05,sad,0.05601568,2.6083324e-06,0.4409737,0.013003328,64.947716,1.338538e-05,34.54228
MarkRutte_MatthijsNieuwkerk.mp4,01:05,sad,0.11083478,4.149705e-05,1.1374596,0.25678262,74.2841,0.00019921755,24.210585
MarkRutte_MatthijsNieuwkerk.mp4,01:05,sad,0.016084038,8.141757e-07,1.8307682,0.0042861425,86.012146,1.3839013e-05,12.136703
MarkRutte_MatthijsNieuwkerk.mp4,01:05,sad,0.03513409,2.3777332e-06,1.1101105,0.005673459,90.39296,6.2766485e-05,8.456059
MarkRutte_MatthijsNieuwkerk.mp4,01:05,surprise,5.4857326,3.0182637e-05,1.4820542,0.02367056,2.0886588,90.851395,0.06845131
MarkRutte_MatthijsNieuwkerk.mp4,01:05,surprise,25.023731,0.002806008,0.7661374,0.021482723,0.06922841,74.10834,0.008281918
MarkRutte_MatthijsNieuwkerk.mp4,01:05,surprise,17.97408,0.0003888207,0.8749476,0.060182575,0.910035,79.94287,0.23749916
MarkRutte_MatthijsNieuwkerk.mp4,01:05,angry,67.52819,0.01177918,1.2462469,0.06956818,1.4039193,24.530428,5.2098603
MarkRutte_MatthijsNieuwkerk.mp4,01:05,angry,79.65844,0.0049145925,1.125132,0.004547765,3.6677265,2.45723,13.082005
MarkRutte_MatthijsNieuwkerk.mp4,01:05,angry,96.91353,0.005689108,0.37841758,0.009370633,0.46492344,1.2385042,0.9895654
MarkRutte_MatthijsNieuwkerk.mp4,01:06,angry,88.87247,0.007313441,0.35412893,0.013494893,0.7187389,9.325059,0.7087997
MarkRutte_MatthijsNieuwkerk.mp4,01:06,surprise,19.850811,0.00015207776,1.1839362,0.30517855,4.964715,70.8683,2.8269124
MarkRutte_MatthijsNieuwkerk.mp4,01:06,angry,95.135185,0.005984864,0.47134358,0.13927835,0.5489314,2.4498842,1.2493953
MarkRutte_MatthijsNieuwkerk.mp4,01:06,angry,41.23006,0.008174964,5.83676,0.285892,2.834373,23.169975,26.634773
MarkRutte_MatthijsNieuwkerk.mp4,01:06,angry,69.46965,0.0074541913,2.22,0.094781935,2.2962599,18.472355,7.439493
MarkRutte_MatthijsNieuwkerk.mp4,01:06,neutral,10.023404,0.03599887,24.572979,0.42087153,24.54375,0.14455417,40.258446
MarkRutte_MatthijsNieuwkerk.mp4,01:06,neutral,23.994127,0.08939929,24.902353,0.0728823,21.830399,0.26049376,28.850344
MarkRutte_MatthijsNieuwkerk.mp4,01:06,angry,51.900112,0.112488374,15.820636,0.013037437,21.941273,0.15070026,10.061758
MarkRutte_MatthijsNieuwkerk.mp4,01:06,angry,30.31064,0.1192915,24.374945,0.1149315,25.646284,0.294444,19.139456
MarkRutte_MatthijsNieuwkerk.mp4,01:06,angry,84.778946,0.05387583,3.6766026,0.30887282,2.7225442,7.796082,0.66308093
MarkRutte_MatthijsNieuwkerk.mp4,01:06,angry,78.71303,0.06722473,5.0352345,0.118028834,4.340287,9.117785,2.6084163
MarkRutte_MatthijsNieuwkerk.mp4,01:06,angry,65.652596,0.18915811,14.039393,0.22015287,12.16853,4.8552485,2.874911
MarkRutte_MatthijsNieuwkerk.mp4,01:06,angry,41.43298,0.0017218072,12.878569,0.021482244,40.64268,0.20329593,4.8192716
MarkRutte_MatthijsNieuwkerk.mp4,01:06,angry,84.26268,9.810138,0.55472547,1.1653215,3.5810406,0.26401183,0.36209378
MarkRutte_MatthijsNieuwkerk.mp4,01:06,sad,26.95204,0.0028855633,20.67811,0.008340789,45.473022,0.33795035,6.547651
MarkRutte_MatthijsNieuwkerk.mp4,01:06,fear,42.257774,0.98227614,48.04047,0.00460153,8.352276,0.0061542033,0.35644597
MarkRutte_MatthijsNieuwkerk.mp4,01:06,fear,42.257774,0.98227614,48.04047,0.00460153,8.352276,0.0061542033,0.35644597
MarkRutte_MatthijsNieuwkerk.mp4,01:06,angry,60.39395,10.618028,20.569054,0.3373598,5.958822,0.08745496,2.0353289
MarkRutte_MatthijsNieuwkerk.mp4,01:06,fear,33.305843,24.961536,36.79365,0.16414025,4.1021647,0.09069771,0.5819655
MarkRutte_MatthijsNieuwkerk.mp4,01:06,fear,2.4487095,0.04230761,96.10903,0.09027966,0.8197006,0.4442305,0.04573846
MarkRutte_MatthijsNieuwkerk.mp4,01:06,disgust,31.622707,34.247765,30.72506,0.18742847,2.4568555,0.29154965,0.46863067
MarkRutte_MatthijsNieuwkerk.mp4,01:06,sad,0.66396135,2.6419248e-06,2.8055093,0.012010381,82.0758,2.1930071e-05,14.442691
MarkRutte_MatthijsNieuwkerk.mp4,01:06,fear,14.008329,0.0031287589,46.307056,0.010484794,34.113785,2.211079,3.346145
MarkRutte_MatthijsNieuwkerk.mp4,01:06,fear,14.802481,0.0029369628,43.197624,0.009093373,36.547424,1.840054,3.600379
MarkRutte_MatthijsNieuwkerk.mp4,01:06,fear,4.7026896,0.0007709592,72.64487,0.025658797,18.426374,1.8186407,2.3810015
MarkRutte_MatthijsNieuwkerk.mp4,01:07,surprise,0.04720291,1.8735315e-07,6.454875,4.326175,0.29464453,88.848366,0.028741743
MarkRutte_MatthijsNieuwkerk.mp4,01:07,surprise,0.19703384,2.7638625e-05,13.745635,0.3437838,0.36106464,85.31104,0.041409004
MarkRutte_MatthijsNieuwkerk.mp4,01:07,surprise,0.19677813,2.7620634e-05,13.739836,0.34411678,0.36099827,85.31675,0.04149962
MarkRutte_MatthijsNieuwkerk.mp4,01:07,fear,23.139277,24.569174,49.41244,0.090299316,2.1801596,0.2869512,0.3216994
MarkRutte_MatthijsNieuwkerk.mp4,01:07,surprise,0.1975995,2.6030926e-05,13.7085085,0.32307512,0.34674105,85.38526,0.03878554
MarkRutte_MatthijsNieuwkerk.mp4,01:07,surprise,0.1975995,2.6030926e-05,13.7085085,0.32307512,0.34674105,85.38526,0.03878554
MarkRutte_MatthijsNieuwkerk.mp4,01:07,surprise,0.1975995,2.6030926e-05,13.7085085,0.32307512,0.34674105,85.38526,0.03878554
MarkRutte_MatthijsNieuwkerk.mp4,01:07,angry,63.692738,8.671295,24.549393,0.33137903,1.9469851,0.46832314,0.33988807
MarkRutte_MatthijsNieuwkerk.mp4,01:07,sad,14.481732,0.00085564714,36.24408,0.0049036276,46.239136,0.097971596,2.9313264
MarkRutte_MatthijsNieuwkerk.mp4,01:07,fear,4.609342,0.00649697,50.995213,0.15079735,2.0895398,41.940487,0.2081266
MarkRutte_MatthijsNieuwkerk.mp4,01:07,fear,15.301188,2.1815588,81.24712,0.03315721,1.0869722,0.06177086,0.088230625
MarkRutte_MatthijsNieuwkerk.mp4,01:07,fear,28.163746,0.10398138,39.52849,0.14081109,29.31046,1.2098131,1.5426995
MarkRutte_MatthijsNieuwkerk.mp4,01:07,fear,28.163746,0.10398138,39.52849,0.14081109,29.31046,1.2098131,1.5426995
MarkRutte_MatthijsNieuwkerk.mp4,01:07,fear,28.163746,0.10398138,39.52849,0.14081109,29.31046,1.2098131,1.5426995
MarkRutte_MatthijsNieuwkerk.mp4,01:07,sad,23.070963,0.12372526,30.920212,0.062212043,41.505383,0.0636624,4.253841
MarkRutte_MatthijsNieuwkerk.mp4,01:07,sad,23.070963,0.12372526,30.920212,0.062212043,41.505383,0.0636624,4.253841
MarkRutte_MatthijsNieuwkerk.mp4,01:07,sad,21.604473,0.31367892,33.083492,0.07663785,43.135136,0.05398136,1.7325984
MarkRutte_MatthijsNieuwkerk.mp4,01:07,sad,18.431261,0.20508368,11.113295,0.039073426,61.3051,0.015864993,8.890319
MarkRutte_MatthijsNieuwkerk.mp4,01:07,fear,2.268525,0.00087651005,51.556007,1.2747822,1.961731,42.34232,0.59575874
MarkRutte_MatthijsNieuwkerk.mp4,01:07,sad,27.306404,0.06577998,11.314383,0.036297813,57.994198,0.005444929,3.2774882
MarkRutte_MatthijsNieuwkerk.mp4,01:07,sad,27.63237,0.035881523,6.5490766,0.04929176,59.475906,0.0020729066,6.2554026
MarkRutte_MatthijsNieuwkerk.mp4,01:07,sad,27.63237,0.035881523,6.5490766,0.04929176,59.475906,0.0020729066,6.2554026
MarkRutte_MatthijsNieuwkerk.mp4,01:07,sad,27.63237,0.035881523,6.5490766,0.04929176,59.475906,0.0020729066,6.2554026
MarkRutte_MatthijsNieuwkerk.mp4,01:07,sad,19.83928,0.024092074,21.824352,0.7213943,44.225124,0.0137913525,13.35197
MarkRutte_MatthijsNieuwkerk.mp4,01:07,fear,11.1534195,0.004022153,46.060375,4.109122,19.697107,0.65012676,18.325832
MarkRutte_MatthijsNieuwkerk.mp4,01:08,fear,11.1534195,0.004022153,46.060375,4.109122,19.697107,0.65012676,18.325832
MarkRutte_MatthijsNieuwkerk.mp4,01:08,sad,1.3732524,1.7466193e-05,6.612632,0.23647907,87.681496,0.050133966,4.045992
MarkRutte_MatthijsNieuwkerk.mp4,01:08,fear,11.1534195,0.004022153,46.060375,4.109122,19.697107,0.65012676,18.325832
MarkRutte_MatthijsNieuwkerk.mp4,01:08,fear,2.3916268,8.420973e-05,53.20477,4.9156322,0.50805247,37.245438,1.734403
MarkRutte_MatthijsNieuwkerk.mp4,01:08,sad,13.230054,0.003026816,6.3212566,0.10981372,49.859573,0.0024289486,30.473839
MarkRutte_MatthijsNieuwkerk.mp4,01:08,sad,16.649733,0.08557468,6.2514873,0.12558863,51.891846,0.0088769905,24.9869
MarkRutte_MatthijsNieuwkerk.mp4,01:08,sad,16.679817,0.08596666,6.287311,0.12571147,51.975037,0.008909717,24.837252
MarkRutte_MatthijsNieuwkerk.mp4,01:08,sad,11.673995,0.2210391,3.6663911,0.17069945,61.60111,0.007223084,22.659542
MarkRutte_MatthijsNieuwkerk.mp4,01:08,fear,1.0009981,0.059812848,94.098274,2.662332,1.0983905,0.7136305,0.3665707
MarkRutte_MatthijsNieuwkerk.mp4,01:08,fear,0.3828629,0.008055546,91.71961,3.6021636,3.134864,0.6295361,0.52289754
MarkRutte_MatthijsNieuwkerk.mp4,01:08,sad,11.649273,0.2200502,3.6625054,0.16959408,61.75147,0.0071655083,22.539946
MarkRutte_MatthijsNieuwkerk.mp4,01:08,sad,11.687226,0.2232519,3.6831334,0.17169726,61.67832,0.007260838,22.549109
MarkRutte_MatthijsNieuwkerk.mp4,01:08,sad,11.697092,0.2220059,3.6810017,0.17070837,61.64362,0.007247437,22.578327
MarkRutte_MatthijsNieuwkerk.mp4,01:08,sad,11.697092,0.2220059,3.6810017,0.17070837,61.64362,0.007247437,22.578327
MarkRutte_MatthijsNieuwkerk.mp4,01:08,fear,2.029476,4.536553,90.99177,0.85201645,1.2976302,0.065645784,0.22690979
MarkRutte_MatthijsNieuwkerk.mp4,01:08,sad,13.98092,0.05620441,24.948275,0.92939043,37.745586,0.061294824,22.278322
MarkRutte_MatthijsNieuwkerk.mp4,01:08,fear,1.9766815,0.023008492,42.846333,22.382624,19.251137,1.2517369,12.268475
MarkRutte_MatthijsNieuwkerk.mp4,01:08,fear,2.1488996,0.024088286,48.141582,15.617682,20.23393,0.79726976,13.036548
MarkRutte_MatthijsNieuwkerk.mp4,01:08,angry,63.01077,1.1879432,34.31833,0.025721492,0.95431894,0.29915783,0.20376341
MarkRutte_MatthijsNieuwkerk.mp4,01:08,happy,1.3553892,0.016911777,32.67177,42.70672,12.121634,2.000098,9.12748
MarkRutte_MatthijsNieuwkerk.mp4,01:08,happy,0.74345255,0.006972655,16.888279,64.7293,7.4413967,1.169433,9.021177
MarkRutte_MatthijsNieuwkerk.mp4,01:08,happy,1.642809,0.017381348,30.289963,38.708614,12.912209,1.5601093,14.868903
MarkRutte_MatthijsNieuwkerk.mp4,01:08,fear,1.8066032,0.023580272,40.0105,27.18416,15.417267,1.3766873,14.1811905
MarkRutte_MatthijsNieuwkerk.mp4,01:08,sad,3.831349,0.0005242491,34.22163,0.010505852,61.175697,0.024006361,0.7362822
MarkRutte_MatthijsNieuwkerk.mp4,01:08,sad,0.72933406,4.261009e-05,2.6094794,0.010790355,96.43437,0.00093773054,0.21505086
MarkRutte_MatthijsNieuwkerk.mp4,01:09,angry,73.70032,0.94932574,21.23966,0.028184116,3.3266494,0.13992397,0.61594945
MarkRutte_MatthijsNieuwkerk.mp4,01:09,sad,29.749468,0.037259385,12.136653,0.23883855,49.66857,0.012816099,8.156403
MarkRutte_MatthijsNieuwkerk.mp4,01:09,fear,31.32349,0.54598206,65.429436,0.095915556,1.5929844,0.62501025,0.3871855
MarkRutte_MatthijsNieuwkerk.mp4,01:09,fear,32.093098,0.3588691,55.523167,0.4957388,8.373296,0.09560132,3.0602403
MarkRutte_MatthijsNieuwkerk.mp4,01:09,fear,1.5104947,0.00859289,88.48958,0.009022505,9.697054,0.0005814741,0.2846669
MarkRutte_MatthijsNieuwkerk.mp4,01:09,fear,17.514944,5.194637,72.8886,0.43367368,2.7359617,0.5179305,0.7142545
MarkRutte_MatthijsNieuwkerk.mp4,01:09,fear,9.210405,0.27579004,65.15378,0.0216802,23.811953,0.0028112975,1.5235832
MarkRutte_MatthijsNieuwkerk.mp4,01:09,fear,12.185392,0.14762461,64.34183,0.012483493,19.868086,0.0067525264,3.4378426
MarkRutte_MatthijsNieuwkerk.mp4,01:09,fear,9.485894,0.08947715,62.235325,0.010805602,24.180916,0.0031082437,3.9944754
MarkRutte_MatthijsNieuwkerk.mp4,01:09,fear,30.69502,0.20565851,42.27623,0.04369924,23.868555,0.0029916128,2.907841
MarkRutte_MatthijsNieuwkerk.mp4,01:09,fear,34.580814,0.14909153,35.698856,0.032377962,26.572533,0.0021441558,2.9641883
MarkRutte_MatthijsNieuwkerk.mp4,01:09,angry,80.1887,0.0033862642,7.0222983,0.03386064,6.6404524,0.0052148136,6.1060915
MarkRutte_MatthijsNieuwkerk.mp4,01:09,angry,45.24211,0.030348247,39.20583,0.013964233,13.091737,0.013349909,2.4026597
MarkRutte_MatthijsNieuwkerk.mp4,01:09,fear,5.95368,0.053469945,86.27571,0.010238754,7.145989,0.011876232,0.549027
MarkRutte_MatthijsNieuwkerk.mp4,01:09,fear,21.313568,0.2111345,60.850452,0.012857762,16.722694,0.0022762103,0.8870248
MarkRutte_MatthijsNieuwkerk.mp4,01:09,fear,3.7277627,0.30395836,85.16914,0.014244414,10.505415,0.0026242335,0.27684987
MarkRutte_MatthijsNieuwkerk.mp4,01:09,fear,2.788509,0.08873033,82.36904,0.0040865475,14.521367,0.003891372,0.22437194
MarkRutte_MatthijsNieuwkerk.mp4,01:09,fear,2.6949406,0.07309968,83.201225,0.0037108038,13.802073,0.0035344602,0.22141042
MarkRutte_MatthijsNieuwkerk.mp4,01:09,fear,4.292867,0.26220155,82.42026,0.011822808,12.579256,0.0039498513,0.42964002
MarkRutte_MatthijsNieuwkerk.mp4,01:09,fear,31.51437,0.35327104,61.411263,0.111769386,5.4502707,0.017820489,1.141236
MarkRutte_MatthijsNieuwkerk.mp4,01:09,fear,9.301076,0.1037305,73.403206,0.009018576,15.7713785,0.0028273235,1.4087622
MarkRutte_MatthijsNieuwkerk.mp4,01:09,fear,18.042118,0.4505309,73.09847,0.07309648,7.0693464,0.030841181,1.2355942
MarkRutte_MatthijsNieuwkerk.mp4,01:09,fear,39.209488,0.34770676,52.39195,0.22355387,5.8060412,0.036263406,1.9849972
MarkRutte_MatthijsNieuwkerk.mp4,01:09,sad,7.3170333,0.0037800919,41.608074,0.011650679,49.168957,0.006401572,1.8841108
MarkRutte_MatthijsNieuwkerk.mp4,01:09,sad,32.52883,0.0010519564,4.3207817,0.2458613,62.394016,0.007435025,0.5020246
MarkRutte_MatthijsNieuwkerk.mp4,01:10,fear,3.957295,0.005610562,68.72113,0.013119566,26.500984,0.0053896024,0.79647124
MarkRutte_MatthijsNieuwkerk.mp4,01:10,fear,11.722422,0.08196536,52.54678,0.09389303,29.608131,0.022768512,5.9240384
MarkRutte_MatthijsNieuwkerk.mp4,01:10,angry,33.702774,0.043567322,26.537844,0.40401733,23.22663,0.015343909,16.069828
MarkRutte_MatthijsNieuwkerk.mp4,01:10,angry,33.472286,0.04464255,26.321724,0.4395378,23.228615,0.015466479,16.477726
MarkRutte_MatthijsNieuwkerk.mp4,01:10,angry,72.1874,0.0014714667,1.8478138,0.052736305,11.252175,0.0010399799,14.657366
MarkRutte_MatthijsNieuwkerk.mp4,01:10,sad,4.4271846,0.002006931,16.81059,0.03923754,75.77794,0.0125758285,2.9304664
MarkRutte_MatthijsNieuwkerk.mp4,01:10,sad,1.1524072,4.8568312e-05,18.045897,0.0052593444,78.63172,0.0002047253,2.1644676
MarkRutte_MatthijsNieuwkerk.mp4,01:10,sad,1.9732263,0.0001922352,35.55661,0.0035194792,60.06526,0.037551783,2.3636396
MarkRutte_MatthijsNieuwkerk.mp4,01:10,angry,67.29424,0.11540397,19.671848,0.043723453,8.958707,0.17908911,3.736993
MarkRutte_MatthijsNieuwkerk.mp4,01:10,angry,36.949768,0.059380446,30.292273,0.0044162176,31.56881,0.5687898,0.5565561
MarkRutte_MatthijsNieuwkerk.mp4,01:10,sad,18.089577,0.019262228,1.9090616,0.41864032,66.80596,0.0022734911,12.755219
MarkRutte_MatthijsNieuwkerk.mp4,01:10,sad,17.596445,0.01897877,2.546051,0.2720961,66.97251,0.0025221931,12.591392
MarkRutte_MatthijsNieuwkerk.mp4,01:10,sad,28.347715,0.003947921,2.4323752,0.0027280133,56.24469,0.030743966,12.937798
MarkRutte_MatthijsNieuwkerk.mp4,01:10,sad,18.564548,0.019507196,2.5018985,0.3489647,65.66771,0.0032504147,12.894125
MarkRutte_MatthijsNieuwkerk.mp4,01:10,angry,42.72606,0.003894944,31.94861,0.018579787,24.446466,0.100662895,0.7557324
MarkRutte_MatthijsNieuwkerk.mp4,01:10,fear,2.586357,0.0014501024,64.70892,0.0033418303,27.369377,4.8824663,0.44808728
MarkRutte_MatthijsNieuwkerk.mp4,01:10,fear,2.9214003,0.00557079,66.9462,0.0006733373,28.503218,1.4009359,0.22200587
MarkRutte_MatthijsNieuwkerk.mp4,01:10,fear,7.3523974,0.002957337,73.36721,0.004404285,16.03481,2.9324377,0.30579072
MarkRutte_MatthijsNieuwkerk.mp4,01:10,happy,0.001591369,1.4653305e-07,0.009511716,99.97707,0.00082656124,5.9253343e-06,0.010991206
MarkRutte_MatthijsNieuwkerk.mp4,01:10,angry,36.718197,2.9375005,22.924467,0.14755374,36.328686,0.8117151,0.13189185
MarkRutte_MatthijsNieuwkerk.mp4,01:10,fear,6.238645,0.220615,48.43515,0.035134338,39.518444,2.809939,2.7420676
MarkRutte_MatthijsNieuwkerk.mp4,01:10,fear,19.342772,0.012153438,51.174698,0.014123035,24.444963,3.236325,1.7749735
MarkRutte_MatthijsNieuwkerk.mp4,01:10,fear,19.342772,0.012153438,51.174698,0.014123035,24.444963,3.236325,1.7749735
MarkRutte_MatthijsNieuwkerk.mp4,01:10,fear,9.498964,0.044258635,55.73278,0.006836713,29.89773,3.853773,0.96565485
MarkRutte_MatthijsNieuwkerk.mp4,01:10,sad,18.118515,0.2123865,9.135899,0.6785456,67.08437,0.33850166,4.4317813
MarkRutte_MatthijsNieuwkerk.mp4,01:11,sad,7.4054003,0.13040306,10.060682,0.25418937,72.195854,0.06317517,9.8903
MarkRutte_MatthijsNieuwkerk.mp4,01:11,fear,26.538544,0.16824192,50.958584,0.2236503,7.8200984,13.38451,0.9063735
MarkRutte_MatthijsNieuwkerk.mp4,01:11,fear,11.221802,0.0617038,64.63171,0.042926982,22.390535,0.99543494,0.65589184
MarkRutte_MatthijsNieuwkerk.mp4,01:11,fear,23.39123,0.006353682,60.302734,0.06478593,15.262182,0.2423218,0.7303924
MarkRutte_MatthijsNieuwkerk.mp4,01:11,fear,22.537254,3.455391,45.921787,0.07770625,22.696613,4.738606,0.57265157
MarkRutte_MatthijsNieuwkerk.mp4,01:11,sad,2.0969303,0.010867936,33.74267,0.01783459,64.097046,0.004949041,0.029709881
MarkRutte_MatthijsNieuwkerk.mp4,01:11,fear,2.9993694,0.14761652,74.37105,0.09891582,14.302409,7.0829954,0.99765134
MarkRutte_MatthijsNieuwkerk.mp4,01:11,fear,6.1795125,0.5804353,69.982155,0.011098057,8.4313135,14.493127,0.32236192
MarkRutte_MatthijsNieuwkerk.mp4,01:11,fear,1.0577915,0.037193425,84.214584,0.03135578,8.989516,5.1518283,0.5177384
MarkRutte_MatthijsNieuwkerk.mp4,01:11,fear,2.7271926,0.025812676,74.45957,0.037231307,19.84915,2.6901667,0.21087925
MarkRutte_MatthijsNieuwkerk.mp4,01:11,fear,1.3935688,0.0111904545,81.91126,0.010445223,14.039937,2.4266605,0.2069379
MarkRutte_MatthijsNieuwkerk.mp4,01:11,fear,5.611061,0.022898037,68.199265,0.022708884,24.606527,0.4588014,1.0787439
MarkRutte_MatthijsNieuwkerk.mp4,01:11,sad,11.366809,0.007792791,16.832191,0.00777407,69.39862,0.043114897,2.3436992
MarkRutte_MatthijsNieuwkerk.mp4,01:11,sad,12.237224,0.07980857,39.321472,0.011057654,45.96036,2.1844177,0.20565821
MarkRutte_MatthijsNieuwkerk.mp4,01:11,fear,6.240903,0.0011784234,78.76978,0.11396354,5.343178,8.920501,0.6104992
MarkRutte_MatthijsNieuwkerk.mp4,01:11,fear,28.58829,0.00062233355,58.248497,0.054215565,10.787424,2.1643434,0.15660842
MarkRutte_MatthijsNieuwkerk.mp4,01:11,sad,0.46537998,0.00043557349,33.627506,0.0022301753,65.40832,0.17412353,0.32200426
MarkRutte_MatthijsNieuwkerk.mp4,01:11,sad,3.6015851,0.0012950856,22.142925,0.0044416063,73.35091,0.017093642,0.8817542
MarkRutte_MatthijsNieuwkerk.mp4,01:11,sad,6.0394287,0.005768813,7.428482,0.026753627,84.036354,0.027791183,2.4354208
MarkRutte_MatthijsNieuwkerk.mp4,01:11,sad,2.3577976,0.005518092,1.734505,0.019338142,93.240486,0.0012912711,2.641062
MarkRutte_MatthijsNieuwkerk.mp4,01:11,sad,10.114345,0.14187646,15.852245,0.15373205,70.240875,0.07531769,3.4216058
MarkRutte_MatthijsNieuwkerk.mp4,01:11,sad,0.6248167,0.00098718,20.239958,0.00964928,78.40719,0.13152407,0.5858859
MarkRutte_MatthijsNieuwkerk.mp4,01:11,sad,0.9573664,0.0039049296,28.572931,0.01317435,69.94097,0.06398807,0.44766143
MarkRutte_MatthijsNieuwkerk.mp4,01:11,sad,0.8026673,0.002941274,45.909782,0.015547131,52.830517,0.15032212,0.28822237
MarkRutte_MatthijsNieuwkerk.mp4,01:11,sad,0.826201,0.0008155571,36.60798,0.0045536165,62.259216,0.004045948,0.29718146
MarkRutte_MatthijsNieuwkerk.mp4,01:12,sad,3.6205287,0.0048792697,7.4990883,0.0063666813,88.43428,0.01517415,0.41968638
MarkRutte_MatthijsNieuwkerk.mp4,01:12,sad,0.59303886,0.001962796,23.27819,0.011630443,75.67453,0.028696949,0.41194335
MarkRutte_MatthijsNieuwkerk.mp4,01:12,sad,0.99291337,0.0019513259,21.981379,0.011029056,76.258484,0.23744433,0.51680666
MarkRutte_MatthijsNieuwkerk.mp4,01:12,sad,0.797787,0.0012111074,21.618004,0.008426955,76.8361,0.1929771,0.545502
MarkRutte_MatthijsNieuwkerk.mp4,01:12,sad,0.48358116,0.0007060898,21.25299,0.004740153,77.5677,0.0011757098,0.68910897
MarkRutte_MatthijsNieuwkerk.mp4,01:12,sad,0.3669823,0.00026487478,9.683631,0.005683984,89.32004,0.05105529,0.57233715
MarkRutte_MatthijsNieuwkerk.mp4,01:12,sad,0.6891761,0.0010093668,11.051157,0.007454129,87.67094,0.07545568,0.504812
MarkRutte_MatthijsNieuwkerk.mp4,01:12,sad,1.0422745,0.002760736,20.031433,0.01682602,77.91572,0.035606373,0.9553792
MarkRutte_MatthijsNieuwkerk.mp4,01:12,sad,1.2585021,0.0029313376,20.787157,0.020911328,76.29177,0.04406571,1.59466
MarkRutte_MatthijsNieuwkerk.mp4,01:12,sad,1.1384203,0.027228668,30.305195,0.041872066,67.00514,0.13534221,1.3467995
MarkRutte_MatthijsNieuwkerk.mp4,01:12,fear,1.1711293,0.116955966,86.63066,0.17800826,2.2745628,8.654777,0.9739032
MarkRutte_MatthijsNieuwkerk.mp4,01:12,sad,1.2376075,0.018873842,42.626785,0.06820615,49.99955,3.469857,2.5791316
MarkRutte_MatthijsNieuwkerk.mp4,01:12,fear,2.5652936,0.034481507,68.95589,0.055346765,25.468037,2.3896956,0.5312558
MarkRutte_MatthijsNieuwkerk.mp4,01:12,fear,5.79589,0.47038516,67.38294,0.10174361,20.779356,4.4578924,1.0117935
MarkRutte_MatthijsNieuwkerk.mp4,01:12,sad,2.4957213,0.06103717,47.224358,0.033454392,48.382904,1.1971091,0.6054193
MarkRutte_MatthijsNieuwkerk.mp4,01:12,sad,2.524115,0.06086339,47.267246,0.034387372,48.339863,1.1739694,0.5995657
MarkRutte_MatthijsNieuwkerk.mp4,01:12,fear,2.6933846,0.05436265,49.200634,0.032097995,46.092293,1.3295323,0.59770334
MarkRutte_MatthijsNieuwkerk.mp4,01:12,fear,38.295563,0.16847827,50.583874,0.048150342,9.80639,0.68515074,0.41239387
MarkRutte_MatthijsNieuwkerk.mp4,01:12,sad,1.7852951,0.043240022,38.12398,0.102175295,58.057636,0.4784443,1.4092286
MarkRutte_MatthijsNieuwkerk.mp4,01:12,sad,4.976224,0.22088669,38.406216,0.11823556,54.163124,0.6477827,1.4675357
MarkRutte_MatthijsNieuwkerk.mp4,01:12,sad,1.177184,0.026515555,16.78656,0.01885089,81.483635,0.026556905,0.4807021
MarkRutte_MatthijsNieuwkerk.mp4,01:12,sad,1.1637044,0.023125175,18.056166,0.020475231,80.16947,0.027190309,0.5398676
MarkRutte_MatthijsNieuwkerk.mp4,01:12,sad,19.031052,0.5909024,7.9241033,0.12421273,60.343594,0.03929176,11.946848
MarkRutte_MatthijsNieuwkerk.mp4,01:12,sad,12.917059,0.14425276,28.887888,0.17436223,55.557827,0.090116136,2.2284958
MarkRutte_MatthijsNieuwkerk.mp4,01:12,sad,0.8097638,0.017750254,37.01606,0.5488969,56.533276,0.045440033,5.028816
MarkRutte_MatthijsNieuwkerk.mp4,01:13,sad,12.917059,0.14425276,28.887888,0.17436223,55.557827,0.090116136,2.2284958
MarkRutte_MatthijsNieuwkerk.mp4,01:13,fear,2.816441,0.16502397,83.89737,0.30269718,7.088223,3.2053196,2.5249293
MarkRutte_MatthijsNieuwkerk.mp4,01:13,sad,15.060943,0.21249674,27.43526,0.25460127,51.845417,0.18377228,5.007513
MarkRutte_MatthijsNieuwkerk.mp4,01:13,fear,46.60852,0.23744911,49.743977,0.5388611,0.6392798,2.1793122,0.0526037
MarkRutte_MatthijsNieuwkerk.mp4,01:13,fear,0.54661036,0.00012836959,51.433437,0.24063894,42.61136,1.8354317,3.3323874
MarkRutte_MatthijsNieuwkerk.mp4,01:13,sad,24.879433,0.049631998,10.320573,0.20275612,56.65726,0.00815824,7.882183
MarkRutte_MatthijsNieuwkerk.mp4,01:13,fear,0.7100649,0.0039702617,66.166275,0.26745254,31.503546,0.11678782,1.2319142
MarkRutte_MatthijsNieuwkerk.mp4,01:13,angry,57.67297,4.7492414,32.50035,0.0517672,2.8268802,1.9769807,0.22180904
MarkRutte_MatthijsNieuwkerk.mp4,01:13,angry,57.67297,4.7492414,32.50035,0.0517672,2.8268802,1.9769807,0.22180904
MarkRutte_MatthijsNieuwkerk.mp4,01:13,angry,57.67297,4.7492414,32.50035,0.0517672,2.8268802,1.9769807,0.22180904
MarkRutte_MatthijsNieuwkerk.mp4,01:13,fear,3.6643527,0.024478478,85.825424,1.5949842,3.6139336,4.671484,0.60534364
MarkRutte_MatthijsNieuwkerk.mp4,01:13,angry,57.67297,4.7492414,32.50035,0.0517672,2.8268802,1.9769807,0.22180904
MarkRutte_MatthijsNieuwkerk.mp4,01:13,fear,43.99696,2.1955163,48.587547,0.27807352,4.516341,0.24642846,0.17913702
MarkRutte_MatthijsNieuwkerk.mp4,01:13,angry,53.326492,4.2186036,36.81327,0.3153029,5.0396547,0.14572702,0.1409445
MarkRutte_MatthijsNieuwkerk.mp4,01:13,sad,27.324112,0.042356562,6.154423,0.21227416,56.611572,0.006520881,9.648742
MarkRutte_MatthijsNieuwkerk.mp4,01:13,sad,27.324112,0.042356562,6.154423,0.21227416,56.611572,0.006520881,9.648742
MarkRutte_MatthijsNieuwkerk.mp4,01:13,fear,0.39224273,1.0130747e-05,68.35859,1.4437467,21.530233,0.19818327,8.076986
MarkRutte_MatthijsNieuwkerk.mp4,01:13,angry,46.30459,1.7961186,36.658585,0.60515356,14.000524,0.043052707,0.59197754
MarkRutte_MatthijsNieuwkerk.mp4,01:13,sad,15.369751,0.397242,14.917752,0.276679,61.679237,0.28680632,7.0725307
MarkRutte_MatthijsNieuwkerk.mp4,01:13,angry,49.264904,0.85868216,41.900223,1.1223505,4.5576334,0.2537745,2.0424445
MarkRutte_MatthijsNieuwkerk.mp4,01:13,angry,63.662,9.471431,20.517836,0.5009995,5.378725,0.056576885,0.41243666
MarkRutte_MatthijsNieuwkerk.mp4,01:13,angry,63.661892,9.471691,20.517868,0.50096256,5.3785744,0.056583755,0.4124279
MarkRutte_MatthijsNieuwkerk.mp4,01:13,sad,15.369751,0.397242,14.917752,0.276679,61.679237,0.28680632,7.0725307
MarkRutte_MatthijsNieuwkerk.mp4,01:13,sad,30.441338,1.4261112,20.453865,0.3865383,40.488148,3.8324573,2.971539
MarkRutte_MatthijsNieuwkerk.mp4,01:13,fear,0.32397497,3.741737e-05,82.17747,0.4738106,13.90968,0.68576735,2.4292598
MarkRutte_MatthijsNieuwkerk.mp4,01:14,fear,0.70104635,1.0635663e-05,76.0295,1.415898,13.737476,0.5677769,7.548295
MarkRutte_MatthijsNieuwkerk.mp4,01:14,fear,0.66909844,9.806483e-06,76.47286,1.2689849,13.715634,0.5260776,7.3473344
MarkRutte_MatthijsNieuwkerk.mp4,01:14,fear,0.6143188,1.1356493e-05,78.54822,1.1615821,12.823975,0.6308974,6.221001
MarkRutte_MatthijsNieuwkerk.mp4,01:14,fear,0.5208272,1.5664404e-05,81.65543,1.100648,10.511603,0.58332825,5.628153
MarkRutte_MatthijsNieuwkerk.mp4,01:14,fear,2.1782124,2.3957391e-05,47.102734,4.9113035,16.99776,1.6908125,27.119156
MarkRutte_MatthijsNieuwkerk.mp4,01:14,surprise,17.304916,18.074324,20.90783,1.3016044,9.906627,25.109716,7.3949876
MarkRutte_MatthijsNieuwkerk.mp4,01:14,disgust,25.021778,36.911007,23.368565,0.39415,5.3360066,7.4068117,1.5616921
MarkRutte_MatthijsNieuwkerk.mp4,01:14,fear,1.5716823,0.6581546,82.78943,0.41643474,0.26746652,13.91522,0.38161442
MarkRutte_MatthijsNieuwkerk.mp4,01:14,fear,1.6733321,5.941546e-05,79.14538,1.894589,10.101314,1.5309494,5.654377
MarkRutte_MatthijsNieuwkerk.mp4,01:14,fear,5.6779613,0.0011807336,59.074474,1.7490039,9.050663,7.6440506,16.802673
MarkRutte_MatthijsNieuwkerk.mp4,01:14,fear,5.6779613,0.0011807336,59.074474,1.7490039,9.050663,7.6440506,16.802673
MarkRutte_MatthijsNieuwkerk.mp4,01:14,sad,27.541428,0.07731995,12.815087,0.20485167,52.23491,0.012314172,7.114093
MarkRutte_MatthijsNieuwkerk.mp4,01:14,sad,27.541428,0.07731995,12.815087,0.20485167,52.23491,0.012314172,7.114093
MarkRutte_MatthijsNieuwkerk.mp4,01:14,sad,27.550041,0.07739572,12.815368,0.2049656,52.226093,0.01233193,7.1138053
MarkRutte_MatthijsNieuwkerk.mp4,01:14,sad,27.4682,0.0763473,13.102345,0.20111743,52.121193,0.012317903,7.0184817
MarkRutte_MatthijsNieuwkerk.mp4,01:14,sad,27.4682,0.0763473,13.102345,0.20111743,52.121193,0.012317903,7.0184817
MarkRutte_MatthijsNieuwkerk.mp4,01:14,sad,27.4682,0.0763473,13.102345,0.20111743,52.121193,0.012317903,7.0184817
MarkRutte_MatthijsNieuwkerk.mp4,01:14,sad,27.4682,0.0763473,13.102345,0.20111743,52.121193,0.012317903,7.0184817
MarkRutte_MatthijsNieuwkerk.mp4,01:14,sad,27.478546,0.07640299,13.101506,0.20119075,52.112823,0.012330134,7.017203
MarkRutte_MatthijsNieuwkerk.mp4,01:14,sad,27.478546,0.07640299,13.101506,0.20119075,52.112823,0.012330134,7.017203
MarkRutte_MatthijsNieuwkerk.mp4,01:14,fear,42.350594,1.2711544,51.038223,0.06330133,3.9356508,1.1930754,0.14799827
MarkRutte_MatthijsNieuwkerk.mp4,01:14,fear,10.794983,2.2426088,85.04098,0.06230064,1.5828393,0.21184196,0.06445469
MarkRutte_MatthijsNieuwkerk.mp4,01:14,fear,10.794983,2.2426088,85.04098,0.06230064,1.5828393,0.21184196,0.06445469
MarkRutte_MatthijsNieuwkerk.mp4,01:14,fear,3.7938712,0.0022569546,68.93397,0.5558699,20.476593,4.458788,1.7786571
MarkRutte_MatthijsNieuwkerk.mp4,01:14,sad,15.805094,0.26756224,14.70757,1.1926134,54.09792,0.15212044,13.777119
MarkRutte_MatthijsNieuwkerk.mp4,01:15,sad,16.541458,0.2401294,22.449781,0.49083313,54.313446,0.16929117,5.7950606
MarkRutte_MatthijsNieuwkerk.mp4,01:15,angry,52.904858,0.12797035,16.088371,0.28970426,30.155087,0.09928813,0.33472037
MarkRutte_MatthijsNieuwkerk.mp4,01:15,sad,15.8363285,6.3538464e-05,19.015587,0.54638433,61.64489,0.23294961,2.7237997
MarkRutte_MatthijsNieuwkerk.mp4,01:15,sad,4.589405,0.038667627,32.46173,0.16454306,59.457283,0.036577698,3.2517881
MarkRutte_MatthijsNieuwkerk.mp4,01:15,sad,13.528461,0.14091422,22.582348,0.26727664,60.540836,0.05134908,2.888812
MarkRutte_MatthijsNieuwkerk.mp4,01:15,sad,32.241333,0.012203706,5.306907,0.05590361,38.989883,0.1166575,23.27711
MarkRutte_MatthijsNieuwkerk.mp4,01:15,sad,33.926075,0.016184295,7.696214,0.032505643,37.84081,0.257652,20.230562
MarkRutte_MatthijsNieuwkerk.mp4,01:15,surprise,25.16355,0.0022932596,5.785865,0.023052176,3.9383016,53.313076,11.773864
MarkRutte_MatthijsNieuwkerk.mp4,01:15,surprise,0.557132,1.1008549e-05,0.22348489,0.029112613,0.04119609,99.0849,0.064169064
MarkRutte_MatthijsNieuwkerk.mp4,01:15,surprise,0.16256769,2.8130933e-06,0.097108416,0.0092287185,0.013092158,99.70425,0.013746133
MarkRutte_MatthijsNieuwkerk.mp4,01:15,surprise,7.201343,0.0005263976,2.629857,0.26357412,0.4255905,89.39211,0.086991735
MarkRutte_MatthijsNieuwkerk.mp4,01:15,sad,6.795724,4.0299296,27.699263,5.6894164,32.016335,1.983967,21.785372
MarkRutte_MatthijsNieuwkerk.mp4,01:15,neutral,7.561041,0.2580517,24.195131,0.73167795,12.64757,0.09535374,54.511177
MarkRutte_MatthijsNieuwkerk.mp4,01:15,angry,40.909176,0.4009711,19.671053,0.051514346,21.932953,0.80800635,16.226326
MarkRutte_MatthijsNieuwkerk.mp4,01:15,angry,39.654736,2.5252838,15.245586,0.03999223,10.227061,1.9012634,30.406078
MarkRutte_MatthijsNieuwkerk.mp4,01:15,neutral,21.215925,0.012180543,4.0186663,0.04184303,2.3260894,25.792027,46.593266
MarkRutte_MatthijsNieuwkerk.mp4,01:15,angry,31.973454,0.14217824,11.459507,0.054950256,4.932433,20.823523,30.613956
MarkRutte_MatthijsNieuwkerk.mp4,01:15,neutral,1.5061287,0.0028215896,3.6357274,0.7904494,14.5288,0.14084417,79.39523
MarkRutte_MatthijsNieuwkerk.mp4,01:15,neutral,3.0451622,0.05029195,8.53391,1.682183,6.8784075,0.2953404,79.5147
MarkRutte_MatthijsNieuwkerk.mp4,01:15,neutral,19.033901,0.24812566,25.785442,0.28415862,11.939813,6.9068136,35.801743
MarkRutte_MatthijsNieuwkerk.mp4,01:15,neutral,1.1087543,0.002343428,2.436149,1.0199571,23.668472,0.020259231,71.744064
MarkRutte_MatthijsNieuwkerk.mp4,01:15,neutral,0.7738852,0.007337741,6.533827,3.0255291,19.331448,0.027183937,70.3008
MarkRutte_MatthijsNieuwkerk.mp4,01:15,fear,11.120906,0.0019374352,47.27059,0.89271635,20.352081,5.985487,14.376286
MarkRutte_MatthijsNieuwkerk.mp4,01:15,fear,7.178828,0.010464872,35.11711,2.2728965,11.011912,10.182494,34.226288
MarkRutte_MatthijsNieuwkerk.mp4,01:15,fear,23.173601,0.16154402,46.469276,2.0766933,17.737495,3.0418732,7.339516
MarkRutte_MatthijsNieuwkerk.mp4,01:16,angry,36.01886,0.055986613,28.279093,0.272765,18.611788,3.8439453,12.917566
MarkRutte_MatthijsNieuwkerk.mp4,01:16,angry,76.356766,0.49526575,9.256146,0.03344447,7.565995,2.9015274,3.3908532
MarkRutte_MatthijsNieuwkerk.mp4,01:16,angry,73.44127,0.38937283,5.040449,0.003446202,0.70064104,20.309065,0.11575736
MarkRutte_MatthijsNieuwkerk.mp4,01:16,angry,78.237,0.8288304,12.631953,0.0016763369,5.2151194,2.907184,0.17823975
MarkRutte_MatthijsNieuwkerk.mp4,01:16,angry,71.60867,0.023849692,7.2598467,0.0003285374,1.0264925,20.010012,0.070797056
MarkRutte_MatthijsNieuwkerk.mp4,01:16,surprise,0.27000344,0.014149121,0.8172913,5.0555725e-05,0.05773725,98.840126,0.0006407597
MarkRutte_MatthijsNieuwkerk.mp4,01:16,fear,33.218773,0.11418867,34.201355,0.009219406,28.290543,1.6899273,2.4759917
MarkRutte_MatthijsNieuwkerk.mp4,01:16,sad,22.38224,0.029353544,16.232525,0.004856105,52.95372,0.012638144,8.384664
MarkRutte_MatthijsNieuwkerk.mp4,01:16,angry,40.24332,0.013749687,13.815681,0.01594777,34.59564,0.019649243,11.296015
MarkRutte_MatthijsNieuwkerk.mp4,01:16,angry,86.95617,0.04233641,4.7079477,0.008326609,4.418738,2.9889076,0.8775718
MarkRutte_MatthijsNieuwkerk.mp4,01:16,angry,73.23927,0.07644877,4.046446,0.00046388726,0.5179353,22.09941,0.020022815
MarkRutte_MatthijsNieuwkerk.mp4,01:16,surprise,32.648666,0.69779044,22.1739,0.004628965,1.8921756,42.43968,0.14316173
MarkRutte_MatthijsNieuwkerk.mp4,01:16,surprise,37.90177,1.9110755,17.336954,0.0034448449,2.874334,39.735626,0.23679993
MarkRutte_MatthijsNieuwkerk.mp4,01:16,surprise,23.19023,2.0575037,10.229018,0.002492586,1.3240286,63.04881,0.14791848
MarkRutte_MatthijsNieuwkerk.mp4,01:16,surprise,0.6884839,0.00012015803,0.042435117,5.473901e-05,0.0005271507,99.26837,8.013634e-06
MarkRutte_MatthijsNieuwkerk.mp4,01:16,surprise,0.62695163,0.03923593,0.5881945,0.00019998733,0.02219918,98.7227,0.00051777286
MarkRutte_MatthijsNieuwkerk.mp4,01:16,surprise,0.50817674,0.056207392,0.4018778,8.890596e-05,0.011437033,99.02158,0.0006229523
MarkRutte_MatthijsNieuwkerk.mp4,01:16,surprise,0.27236784,0.11911591,0.929527,0.0012581393,0.022959493,98.6524,0.002370409
MarkRutte_MatthijsNieuwkerk.mp4,01:16,surprise,5.2796855,0.106914036,14.586288,0.0311253,2.3064833,77.58279,0.10671025
MarkRutte_MatthijsNieuwkerk.mp4,01:16,angry,82.231636,0.0012117303,4.889272,0.04933455,0.32978383,12.482264,0.016496174
MarkRutte_MatthijsNieuwkerk.mp4,01:16,angry,98.02847,5.815099e-05,1.237991,0.029817648,0.5943479,0.03552102,0.07379615
MarkRutte_MatthijsNieuwkerk.mp4,01:16,angry,96.13314,0.0002646432,2.5710518,0.047704812,1.0745541,0.016836848,0.1564508
MarkRutte_MatthijsNieuwkerk.mp4,01:16,angry,93.602036,0.0001692005,3.1196766,0.048924856,0.40088543,2.8044245,0.02389186
MarkRutte_MatthijsNieuwkerk.mp4,01:16,surprise,36.479427,0.00018606792,2.3010523,0.014432562,0.04256323,61.16222,0.00012013345
MarkRutte_MatthijsNieuwkerk.mp4,01:16,angry,55.56503,2.5789199e-05,1.0241388,0.010664237,0.0072073857,43.39289,5.5714914e-05
MarkRutte_MatthijsNieuwkerk.mp4,01:17,surprise,4.4334607,7.049804e-05,0.054703202,0.0021791218,0.0032271643,95.50629,7.873156e-05
MarkRutte_MatthijsNieuwkerk.mp4,01:17,sad,0.05848314,0.00014697347,35.53498,0.00638161,52.94715,1.43477855e-05,11.4528475
MarkRutte_MatthijsNieuwkerk.mp4,01:17,angry,97.348236,0.00043183618,2.0978007,0.007905274,0.4719549,0.014577814,0.059089273
MarkRutte_MatthijsNieuwkerk.mp4,01:17,angry,92.042046,0.00022491119,2.5233538,0.014046262,4.5929193,0.0800082,0.7474045
MarkRutte_MatthijsNieuwkerk.mp4,01:17,angry,88.51611,0.0018505476,6.541711,0.0011695389,4.708067,0.004098507,0.22699112
MarkRutte_MatthijsNieuwkerk.mp4,01:17,angry,93.0869,0.0021909997,5.190528,0.0029916896,1.6200174,0.021857165,0.07551044
MarkRutte_MatthijsNieuwkerk.mp4,01:17,angry,70.83835,2.1495285e-05,9.022669,0.07521866,18.984844,0.0009311261,1.0779649
MarkRutte_MatthijsNieuwkerk.mp4,01:17,angry,88.64554,0.00046534147,8.686881,0.012528606,2.570013,0.014825726,0.069744594
MarkRutte_MatthijsNieuwkerk.mp4,01:17,angry,82.24625,0.00021149342,9.301041,0.027748313,7.980254,0.0011659848,0.44334182
MarkRutte_MatthijsNieuwkerk.mp4,01:17,angry,86.96154,0.01730022,4.267702,0.6089269,7.0291543,0.09097157,1.0244088
MarkRutte_MatthijsNieuwkerk.mp4,01:17,angry,44.56716,0.039233107,17.773218,0.2556179,32.45608,0.06719276,4.8414946
MarkRutte_MatthijsNieuwkerk.mp4,01:17,angry,36.23005,0.045992758,29.57564,0.18174785,23.795774,0.23090003,9.939893
MarkRutte_MatthijsNieuwkerk.mp4,01:17,angry,47.39671,0.16590653,24.200464,0.19365047,18.369482,1.3207048,8.353093
MarkRutte_MatthijsNieuwkerk.mp4,01:17,angry,39.956238,1.644038,30.080421,0.07103953,18.069674,6.913367,3.2652326
MarkRutte_MatthijsNieuwkerk.mp4,01:17,angry,80.399284,0.021063695,8.514113,0.1639328,8.033637,0.32401434,2.5439634
MarkRutte_MatthijsNieuwkerk.mp4,01:17,angry,45.94859,0.5302453,16.999464,0.21595576,30.487062,0.5084534,5.3102403
MarkRutte_MatthijsNieuwkerk.mp4,01:17,sad,18.990381,0.0024667722,8.327215,0.082966216,56.161015,0.033200458,16.40276
MarkRutte_MatthijsNieuwkerk.mp4,01:17,sad,19.764608,0.21522568,8.746173,0.53571355,61.686993,0.3083582,8.742925
MarkRutte_MatthijsNieuwkerk.mp4,01:17,sad,13.366606,0.054847147,7.4592323,0.24888945,74.948326,0.05104341,3.8710654
MarkRutte_MatthijsNieuwkerk.mp4,01:17,sad,32.25346,0.24562937,15.741055,0.1708893,45.685947,0.39865226,5.504364
MarkRutte_MatthijsNieuwkerk.mp4,01:17,sad,14.768256,0.090627894,7.732815,2.619774,66.99443,0.09939166,7.6947136
MarkRutte_MatthijsNieuwkerk.mp4,01:17,sad,8.998684,0.03313412,5.9530215,0.78719026,78.11682,0.03588993,6.07526
MarkRutte_MatthijsNieuwkerk.mp4,01:17,sad,7.827269,0.010970895,2.0214267,4.264453,72.342316,0.041493353,13.492077
MarkRutte_MatthijsNieuwkerk.mp4,01:17,sad,13.264336,0.0048443656,2.278691,2.3362207,73.11908,0.07886861,8.917957
MarkRutte_MatthijsNieuwkerk.mp4,01:17,sad,18.472618,0.005636646,2.9638028,8.58444,50.64863,0.23874412,19.086134
MarkRutte_MatthijsNieuwkerk.mp4,01:18,sad,27.449755,0.016181095,3.2589219,8.185035,51.169247,0.15768355,9.76318
MarkRutte_MatthijsNieuwkerk.mp4,01:18,happy,8.581608,0.015015219,0.64499706,61.187298,19.279808,0.2524195,10.038857
MarkRutte_MatthijsNieuwkerk.mp4,01:18,sad,20.777243,0.020215683,12.505974,13.650719,34.575592,0.5075528,17.962702
MarkRutte_MatthijsNieuwkerk.mp4,01:18,happy,10.081222,0.004995941,2.8190916,59.47216,18.957434,0.17997253,8.485125
MarkRutte_MatthijsNieuwkerk.mp4,01:18,sad,15.038581,0.019900756,16.963043,20.891645,32.29947,0.39505148,14.392313
MarkRutte_MatthijsNieuwkerk.mp4,01:18,happy,19.484898,0.0013367803,5.1329336,37.412647,15.28311,0.07870715,22.606373
MarkRutte_MatthijsNieuwkerk.mp4,01:18,sad,22.212692,0.039309744,11.59769,15.586573,38.624943,0.41655883,11.52224
MarkRutte_MatthijsNieuwkerk.mp4,01:18,sad,23.033432,0.026468825,4.798623,23.564941,40.96457,0.18017611,7.4317875
MarkRutte_MatthijsNieuwkerk.mp4,01:18,sad,19.963642,0.032217547,10.746938,8.096439,36.418198,0.45043775,24.29213
MarkRutte_MatthijsNieuwkerk.mp4,01:18,sad,21.200373,0.0076037897,7.170974,11.285479,30.368917,0.109427355,29.857224
MarkRutte_MatthijsNieuwkerk.mp4,01:18,sad,10.86767,0.025703713,8.965262,4.2880077,41.11751,0.14991663,34.585934
MarkRutte_MatthijsNieuwkerk.mp4,01:18,sad,16.4,0.016545756,12.249779,4.7767687,39.189606,0.14707479,27.220232
MarkRutte_MatthijsNieuwkerk.mp4,01:18,sad,22.325092,0.02290197,6.4987354,1.8271376,47.491432,0.12231935,21.712381
MarkRutte_MatthijsNieuwkerk.mp4,01:18,sad,7.8198414,0.030060818,17.190731,1.5628296,47.3929,0.090482116,25.913157
MarkRutte_MatthijsNieuwkerk.mp4,01:18,sad,6.753942,0.009176188,39.974636,1.105276,45.65235,0.042101115,6.4625187
MarkRutte_MatthijsNieuwkerk.mp4,01:18,sad,18.562649,0.021487484,10.141691,1.5757024,54.013763,0.121153824,15.563557
MarkRutte_MatthijsNieuwkerk.mp4,01:18,sad,24.791916,0.044969816,16.966608,0.5773524,50.727947,0.15698403,6.734228
MarkRutte_MatthijsNieuwkerk.mp4,01:18,angry,93.85086,0.19549046,2.592036,0.027044784,3.1946352,0.007733129,0.13220069
MarkRutte_MatthijsNieuwkerk.mp4,01:18,angry,93.885414,1.6420553,1.3500843,0.0007464742,3.0570347,0.005486083,0.05917528
MarkRutte_MatthijsNieuwkerk.mp4,01:18,angry,71.67253,0.029671248,12.362028,0.00712186,15.1511755,0.0034643796,0.77400833
MarkRutte_MatthijsNieuwkerk.mp4,01:18,angry,89.351265,0.08420606,1.8369473,0.0045250366,8.138296,0.0035096798,0.5812498
MarkRutte_MatthijsNieuwkerk.mp4,01:18,angry,89.08274,0.40055376,1.2925658,0.0024617496,7.012864,0.017523512,2.191296
MarkRutte_MatthijsNieuwkerk.mp4,01:18,angry,77.63291,6.317187,3.0526214,0.0005534726,11.056087,0.058426373,1.8822086
MarkRutte_MatthijsNieuwkerk.mp4,01:18,angry,69.7449,0.21938567,0.70650125,0.0023274506,21.946627,0.010204827,7.3700523
MarkRutte_MatthijsNieuwkerk.mp4,01:18,angry,62.185604,0.007422193,0.29746568,0.006953599,25.06559,0.0183646,12.418603
MarkRutte_MatthijsNieuwkerk.mp4,01:19,angry,84.47148,5.4460144,1.6926358,0.008153905,7.6676526,0.042312253,0.67174596
MarkRutte_MatthijsNieuwkerk.mp4,01:19,angry,67.1986,23.703371,1.9243088,0.0031075615,6.3816648,0.1343212,0.65463954
MarkRutte_MatthijsNieuwkerk.mp4,01:19,angry,75.09173,9.669324,1.8561056,0.0010324909,12.155389,0.03531245,1.1911182
MarkRutte_MatthijsNieuwkerk.mp4,01:19,disgust,28.667513,63.26344,3.1864214,0.0013546417,4.532244,0.097107045,0.25192574
MarkRutte_MatthijsNieuwkerk.mp4,01:19,angry,60.20273,27.531525,4.2677016,0.0011308272,6.418156,0.16395657,1.4148061
MarkRutte_MatthijsNieuwkerk.mp4,01:19,disgust,44.460567,52.01085,0.7873682,0.0008994971,1.1176059,1.3372798,0.2854382
MarkRutte_MatthijsNieuwkerk.mp4,01:19,disgust,19.80831,79.13158,0.57298535,8.517986e-05,0.38410974,0.08325863,0.019685397
MarkRutte_MatthijsNieuwkerk.mp4,01:19,disgust,12.695294,85.40942,0.77756435,0.00015222678,0.26556456,0.8053945,0.046613965
MarkRutte_MatthijsNieuwkerk.mp4,01:19,disgust,43.189335,52.963936,2.0232408,0.0025357513,1.2955111,0.35932088,0.16611779
MarkRutte_MatthijsNieuwkerk.mp4,01:19,disgust,28.509949,70.41516,0.5940149,0.00013059916,0.35209978,0.10452241,0.024124863
MarkRutte_MatthijsNieuwkerk.mp4,01:19,disgust,36.60979,61.04389,1.4948888,1.9635734e-05,0.5831424,0.19152832,0.0767405
MarkRutte_MatthijsNieuwkerk.mp4,01:19,angry,78.72975,14.502734,2.0786793,0.00020508905,3.2700622,0.34897584,1.0696028
MarkRutte_MatthijsNieuwkerk.mp4,01:19,disgust,16.764874,82.20579,0.54512465,0.00027754242,0.29909936,0.16428678,0.020533822
MarkRutte_MatthijsNieuwkerk.mp4,01:19,angry,72.49711,22.135983,2.7251298,0.00019565369,2.105169,0.29925853,0.23715894
MarkRutte_MatthijsNieuwkerk.mp4,01:19,angry,72.588165,24.165215,1.086198,0.00029775815,1.6372633,0.30871624,0.2141448
MarkRutte_MatthijsNieuwkerk.mp4,01:19,angry,81.37635,16.184607,0.9155901,0.00045831528,1.009042,0.44032413,0.073620394
MarkRutte_MatthijsNieuwkerk.mp4,01:19,angry,84.20009,2.8402708,2.3226461,0.00024925164,9.08641,0.07834248,1.4719969
MarkRutte_MatthijsNieuwkerk.mp4,01:19,angry,64.261696,27.540398,2.769389,0.00016683435,4.346406,0.33011678,0.75182754
MarkRutte_MatthijsNieuwkerk.mp4,01:19,angry,65.289505,30.401756,1.4548495,2.6680591e-05,2.40768,0.11266707,0.333525
MarkRutte_MatthijsNieuwkerk.mp4,01:19,disgust,46.033226,47.862255,2.7208567,0.00020601881,2.5302255,0.4850844,0.3681441
MarkRutte_MatthijsNieuwkerk.mp4,01:19,disgust,25.437801,73.179535,0.7003758,3.034565e-05,0.5968714,0.05050514,0.034877542
MarkRutte_MatthijsNieuwkerk.mp4,01:19,angry,64.62141,0.58949715,7.2850246,0.00017536324,25.588902,0.15046613,1.7645351
MarkRutte_MatthijsNieuwkerk.mp4,01:19,angry,68.962555,13.420403,5.7722564,0.0037126087,1.6746031,7.883238,2.283231
MarkRutte_MatthijsNieuwkerk.mp4,01:19,angry,58.27725,12.989392,3.9107378,0.008332129,15.136055,0.28987208,9.388369
MarkRutte_MatthijsNieuwkerk.mp4,01:19,angry,71.06225,4.6639214,3.1716533,0.0031298965,13.160555,0.39910138,7.5393963
MarkRutte_MatthijsNieuwkerk.mp4,01:20,angry,67.90693,11.733082,5.409018,0.001115907,6.217588,1.9602352,6.7720346
MarkRutte_MatthijsNieuwkerk.mp4,01:20,angry,67.390945,11.225086,5.0843306,0.016012684,5.305725,3.9400525,7.037857
MarkRutte_MatthijsNieuwkerk.mp4,01:20,angry,58.76416,26.725842,2.9974668,0.0013186985,9.988049,0.20077434,1.3223993
MarkRutte_MatthijsNieuwkerk.mp4,01:20,angry,50.54722,37.07089,6.2470903,0.0017925575,4.968884,0.38700438,0.77712077
MarkRutte_MatthijsNieuwkerk.mp4,01:20,angry,62.983948,26.752232,3.3573475,0.0046520745,5.427476,0.42399392,1.0503619
MarkRutte_MatthijsNieuwkerk.mp4,01:20,angry,47.73172,10.009812,5.755274,0.09920345,25.844973,1.4002239,9.158791
MarkRutte_MatthijsNieuwkerk.mp4,01:20,angry,52.211094,0.0036454631,7.5808024,0.44733855,25.502121,0.8883654,13.366625
MarkRutte_MatthijsNieuwkerk.mp4,01:20,fear,13.7522545,0.026685301,38.827114,0.380419,34.289574,0.33705312,12.386899
MarkRutte_MatthijsNieuwkerk.mp4,01:20,angry,33.341946,0.029576136,26.086935,0.9171692,13.467885,3.3319566,22.824545
MarkRutte_MatthijsNieuwkerk.mp4,01:20,fear,19.654303,0.5884306,40.82709,0.35478747,15.434447,20.505198,2.6357493
MarkRutte_MatthijsNieuwkerk.mp4,01:20,angry,53.408817,0.16091794,6.7416115,0.053866114,1.2428616,38.33497,0.056947593
MarkRutte_MatthijsNieuwkerk.mp4,01:20,neutral,1.1717218e-09,2.1339287e-14,0.009345493,0.00013105747,0.029410029,5.511938e-07,99.961105
MarkRutte_MatthijsNieuwkerk.mp4,01:20,surprise,29.19319,0.00073814276,17.944365,0.65207696,7.351388,44.797604,0.06064275
MarkRutte_MatthijsNieuwkerk.mp4,01:20,sad,20.367765,0.00025138422,26.970173,2.8531442,33.47171,16.053942,0.28301853
MarkRutte_MatthijsNieuwkerk.mp4,01:20,angry,66.8151,2.7713144e-05,5.96054,2.204195,8.6021805,16.381926,0.03602766
MarkRutte_MatthijsNieuwkerk.mp4,01:20,angry,73.94101,0.0040676068,12.935409,0.20270552,7.24263,5.6014123,0.07277116
MarkRutte_MatthijsNieuwkerk.mp4,01:20,angry,91.04111,0.002697388,3.7361352,0.068309486,2.9535122,2.1427991,0.055444453
MarkRutte_MatthijsNieuwkerk.mp4,01:20,angry,85.248985,0.020303642,5.9032316,0.048471224,2.8013506,5.911329,0.06633147
MarkRutte_MatthijsNieuwkerk.mp4,01:20,angry,60.46184,0.0001172157,20.31003,0.26817933,16.612322,2.1360598,0.21144591
MarkRutte_MatthijsNieuwkerk.mp4,01:20,angry,70.71492,3.1413863e-05,2.0027103,0.053780675,0.8767925,26.3489,0.002876344
MarkRutte_MatthijsNieuwkerk.mp4,01:20,angry,66.58587,1.5536185e-05,5.650834,0.1315531,10.385626,17.234232,0.011862202
MarkRutte_MatthijsNieuwkerk.mp4,01:20,angry,74.39387,9.135027e-05,2.0089056,0.0503539,3.0020611,20.53858,0.0061479015
MarkRutte_MatthijsNieuwkerk.mp4,01:20,angry,38.365086,0.19043311,20.537006,0.18559343,24.257097,13.160566,3.3042235
MarkRutte_MatthijsNieuwkerk.mp4,01:20,angry,70.93765,0.0029428995,3.8799393,0.14387742,2.9458272,22.061815,0.02793999
MarkRutte_MatthijsNieuwkerk.mp4,01:20,angry,79.34363,0.00019800647,5.754365,0.12665026,5.3815227,9.371897,0.021743251
MarkRutte_MatthijsNieuwkerk.mp4,01:21,angry,72.495415,0.00028553867,10.0185375,0.11220024,8.867053,8.468482,0.038025975
MarkRutte_MatthijsNieuwkerk.mp4,01:21,angry,72.252785,0.010860783,12.053043,0.20936239,3.7596161,11.659573,0.05475651
MarkRutte_MatthijsNieuwkerk.mp4,01:21,sad,20.068071,0.00027443524,23.210077,0.6687507,53.126614,1.1643323,1.7618798
MarkRutte_MatthijsNieuwkerk.mp4,01:21,angry,70.34722,0.00808652,13.951097,0.101741664,13.578848,1.7549659,0.2580461
MarkRutte_MatthijsNieuwkerk.mp4,01:21,angry,43.08249,0.0028490857,28.470562,0.33327237,27.359444,0.10235115,0.64903086
MarkRutte_MatthijsNieuwkerk.mp4,01:21,angry,49.23872,0.0013957568,18.799114,0.34854794,24.889446,5.2989674,1.4238142
MarkRutte_MatthijsNieuwkerk.mp4,01:21,fear,30.790468,0.54815835,34.077385,0.13778996,26.236355,4.0167966,4.193057
MarkRutte_MatthijsNieuwkerk.mp4,01:21,sad,29.424314,0.00014761335,20.002615,0.57385486,39.919956,9.229722,0.84938115
MarkRutte_MatthijsNieuwkerk.mp4,01:21,angry,51.471172,0.0062973644,18.408157,0.67182714,25.374802,0.9717603,3.0959742
MarkRutte_MatthijsNieuwkerk.mp4,01:21,fear,4.409756,0.018319838,66.18027,0.84749544,20.993366,0.4514171,7.0993824
MarkRutte_MatthijsNieuwkerk.mp4,01:21,fear,26.773632,0.0005978404,30.038996,0.18505155,21.380024,21.338257,0.28345248
MarkRutte_MatthijsNieuwkerk.mp4,01:21,sad,9.061589,0.0038228682,40.118313,0.03468208,46.8645,2.1857114,1.7313855
MarkRutte_MatthijsNieuwkerk.mp4,01:21,sad,26.493229,0.00029041464,27.199541,0.019802138,28.310354,17.65993,0.31686112
MarkRutte_MatthijsNieuwkerk.mp4,01:21,fear,7.366771,0.008580402,50.768253,1.7277747,36.430214,1.1315771,2.56684
MarkRutte_MatthijsNieuwkerk.mp4,01:21,angry,44.78784,0.009976296,9.88479,0.07912345,29.856575,0.040500272,15.341191
MarkRutte_MatthijsNieuwkerk.mp4,01:21,neutral,3.0744034e-06,8.3739277e-10,0.0071796537,6.8617916,0.0014884528,0.01033458,93.1192
MarkRutte_MatthijsNieuwkerk.mp4,01:21,surprise,14.267771,0.024201203,27.497211,0.04037762,0.4593894,56.67554,1.0355121
MarkRutte_MatthijsNieuwkerk.mp4,01:21,surprise,7.051224,0.0032318968,5.483735,0.033016033,0.18205273,87.2411,0.0056431764
MarkRutte_MatthijsNieuwkerk.mp4,01:21,neutral,2.0703603e-05,2.3054152e-09,0.06972068,0.12799104,0.0057278103,0.04759182,99.74894
MarkRutte_MatthijsNieuwkerk.mp4,01:21,neutral,6.9218885e-08,6.825353e-13,0.038574517,0.0021550856,0.009477893,1.14409795e-05,99.949776
MarkRutte_MatthijsNieuwkerk.mp4,01:21,fear,25.015121,0.0046155495,42.556465,0.27474773,29.442736,2.037845,0.6684678
MarkRutte_MatthijsNieuwkerk.mp4,01:21,fear,23.791653,0.0019403298,61.31886,3.9285164,5.8160315,4.8367825,0.3062093
MarkRutte_MatthijsNieuwkerk.mp4,01:21,neutral,1.8483695e-08,6.2747496e-14,5.8886635e-05,0.12650405,6.015362e-06,0.0044293404,99.869
MarkRutte_MatthijsNieuwkerk.mp4,01:21,happy,6.078684e-07,3.1725941e-12,8.54258e-07,88.12794,1.536463e-05,9.184803e-06,11.872042
MarkRutte_MatthijsNieuwkerk.mp4,01:21,neutral,1.1249082e-05,1.2928467e-08,0.0014323216,0.05031491,0.004248182,9.213687e-06,99.943985
MarkRutte_MatthijsNieuwkerk.mp4,01:22,neutral,9.862872e-05,1.6886695e-07,0.0035310416,0.15118384,0.072932415,4.29297e-05,99.77221
MarkRutte_MatthijsNieuwkerk.mp4,01:22,angry,33.202118,0.0010359258,27.324795,0.29322273,8.441888,30.643114,0.093818344
MarkRutte_MatthijsNieuwkerk.mp4,01:22,surprise,7.0291495,0.0031412342,7.63603,0.1260639,0.18551001,83.51643,1.5036713
MarkRutte_MatthijsNieuwkerk.mp4,01:22,neutral,9.50807e-05,1.0051109e-06,0.01782677,0.11189134,0.01783636,0.00010029057,99.85226
MarkRutte_MatthijsNieuwkerk.mp4,01:22,neutral,7.812545e-05,3.6751666e-07,0.02720555,0.13195586,0.029584229,3.407942e-05,99.811134
MarkRutte_MatthijsNieuwkerk.mp4,01:22,neutral,5.493388e-06,9.422799e-10,0.0003050276,0.8106442,0.00058647204,8.505157e-05,99.18838
MarkRutte_MatthijsNieuwkerk.mp4,01:22,neutral,1.2121362e-05,4.4461186e-09,0.00069417135,4.559946,0.00195444,0.0001495378,95.43725
MarkRutte_MatthijsNieuwkerk.mp4,01:22,neutral,7.2463968e-06,1.3404696e-09,0.001093042,0.8264711,0.0011166377,0.00025815738,99.17105
MarkRutte_MatthijsNieuwkerk.mp4,01:22,angry,69.635254,0.016160969,16.377375,0.018686041,11.505476,0.2929301,2.1541116
MarkRutte_MatthijsNieuwkerk.mp4,01:22,fear,29.686428,0.09363245,37.727783,0.25711834,9.699666,21.821262,0.7141144
MarkRutte_MatthijsNieuwkerk.mp4,01:22,surprise,25.581945,0.04474389,15.207985,0.68732154,4.6030116,53.764973,0.110009566
MarkRutte_MatthijsNieuwkerk.mp4,01:22,fear,17.681255,0.0057487725,42.291927,0.43665725,36.663956,1.9955028,0.924952
MarkRutte_MatthijsNieuwkerk.mp4,01:22,fear,16.64763,0.006731883,38.22507,0.2789825,32.892834,9.25222,2.696537
MarkRutte_MatthijsNieuwkerk.mp4,01:22,sad,4.215871,0.00093602575,40.50096,5.2853003,43.18768,5.82975,0.97950333
MarkRutte_MatthijsNieuwkerk.mp4,01:22,sad,4.263137,0.006145936,25.290823,0.075479195,68.99868,0.17037384,1.1953586
MarkRutte_MatthijsNieuwkerk.mp4,01:22,sad,35.87852,0.08773529,23.19664,0.030417608,36.089035,0.57429224,4.1433616
MarkRutte_MatthijsNieuwkerk.mp4,01:22,angry,83.49439,0.017480828,10.968725,0.012154223,4.0838256,0.51361483,0.909809
MarkRutte_MatthijsNieuwkerk.mp4,01:22,angry,65.85864,0.026164407,11.945373,0.10915475,19.187523,2.3251224,0.5480259
MarkRutte_MatthijsNieuwkerk.mp4,01:22,angry,44.62521,0.004267582,7.203996,0.56113166,4.464594,42.841846,0.29895353
MarkRutte_MatthijsNieuwkerk.mp4,01:22,surprise,41.252995,0.010537499,4.5202074,0.060227904,8.9347315,45.117847,0.10345088
MarkRutte_MatthijsNieuwkerk.mp4,01:22,neutral,7.922405e-05,7.797976e-08,0.6202498,2.3539174,0.01262657,0.02803307,96.9851
MarkRutte_MatthijsNieuwkerk.mp4,01:22,sad,0.12884973,5.579421e-06,4.182239,0.0036505605,49.2849,0.00022674617,46.400135
MarkRutte_MatthijsNieuwkerk.mp4,01:23,neutral,18.152773,2.7985494e-10,0.5724714,7.3120574e-08,11.585819,2.9337555e-06,69.688934
MarkRutte_MatthijsNieuwkerk.mp4,01:23,fear,0.00072563224,1.0687704e-06,79.40097,0.12622598,0.08074673,0.3567,20.034637
MarkRutte_MatthijsNieuwkerk.mp4,01:23,angry,58.610737,0.07098713,27.02204,0.02236362,12.511911,1.2955412,0.46640664
MarkRutte_MatthijsNieuwkerk.mp4,01:23,surprise,8.127996,0.12966508,34.683617,0.036280103,3.187144,53.75381,0.08148894
MarkRutte_MatthijsNieuwkerk.mp4,01:23,fear,0.34387252,0.004506204,96.198296,0.0056728683,2.8589828,0.5397033,0.04897384
MarkRutte_MatthijsNieuwkerk.mp4,01:23,surprise,0.9568071,0.03394876,34.103172,0.00082787836,0.0041084094,64.90113,2.6141288e-06
MarkRutte_MatthijsNieuwkerk.mp4,01:23,fear,12.1803255,0.114135005,77.79468,0.0009531179,0.39458653,9.5038395,0.011483751
MarkRutte_MatthijsNieuwkerk.mp4,01:23,surprise,13.120253,16.452068,6.5149446,0.0041068294,0.08716113,63.81326,0.008215395
MarkRutte_MatthijsNieuwkerk.mp4,01:23,surprise,12.845393,1.1681432,10.235952,0.043662515,2.6093569,72.83804,0.2594541
MarkRutte_MatthijsNieuwkerk.mp4,01:23,surprise,29.049025,7.8911858,20.78067,0.012730602,1.9363437,40.22047,0.109575234
MarkRutte_MatthijsNieuwkerk.mp4,01:23,fear,33.435986,5.378248,40.40215,0.029796915,8.481498,12.205032,0.06729052
MarkRutte_MatthijsNieuwkerk.mp4,01:23,angry,85.62721,3.6636386,5.2378273,0.0060017104,4.188874,0.66851586,0.60793036
MarkRutte_MatthijsNieuwkerk.mp4,01:23,fear,34.072094,4.494011,38.06136,0.026758885,14.777588,8.09742,0.47077695
MarkRutte_MatthijsNieuwkerk.mp4,01:24,angry,34.377613,0.54019266,19.295984,0.03354846,12.096268,33.163967,0.4924313
MarkRutte_MatthijsNieuwkerk.mp4,01:24,angry,40.414017,11.596548,20.735825,0.011757733,2.4398458,24.720293,0.0817166
MarkRutte_MatthijsNieuwkerk.mp4,01:24,happy,0.03098113,3.1868225e-05,0.0075230533,99.02448,0.26697117,0.023827227,0.6461857
MarkRutte_MatthijsNieuwkerk.mp4,01:24,fear,3.8558352,0.010044685,78.03169,0.24212126,17.425978,0.15167992,0.28265408
MarkRutte_MatthijsNieuwkerk.mp4,01:24,angry,49.699833,0.00056108995,4.7294836,0.4695296,44.568085,0.06229649,0.47020245
MarkRutte_MatthijsNieuwkerk.mp4,01:24,sad,28.612053,0.00031418246,2.230982,2.6368241,65.87815,0.010283355,0.6314003
MarkRutte_MatthijsNieuwkerk.mp4,01:24,angry,96.94488,0.0009377057,1.3326437,0.0014606562,1.6312569,0.0034407042,0.085389175
MarkRutte_MatthijsNieuwkerk.mp4,01:24,happy,0.00051098247,6.647491e-09,0.0010736777,87.64345,0.00039441366,0.011072904,12.343502
MarkRutte_MatthijsNieuwkerk.mp4,01:24,neutral,1.6208851e-06,9.5637956e-11,0.26989508,0.008535032,0.017425703,0.0011120252,99.70303
MarkRutte_MatthijsNieuwkerk.mp4,01:24,happy,0.0016882333,3.3172725e-08,0.00034065335,90.61736,0.008605266,0.00013139671,9.371875
MarkRutte_MatthijsNieuwkerk.mp4,01:24,neutral,5.0015988e-06,7.129875e-10,0.06995301,0.62560827,0.00053790543,0.022134982,99.28176
MarkRutte_MatthijsNieuwkerk.mp4,01:24,neutral,5.8209025e-05,1.0308598e-09,0.009014103,6.5960946,0.0006403728,0.002127571,93.39207
MarkRutte_MatthijsNieuwkerk.mp4,01:24,neutral,5.262836e-05,3.5377583e-09,0.49574906,0.90928364,0.0019224357,0.17446521,98.418526
MarkRutte_MatthijsNieuwkerk.mp4,01:24,fear,0.34048116,0.0007892001,53.775497,2.5066025,42.698685,0.0001722482,0.6777727
MarkRutte_MatthijsNieuwkerk.mp4,01:24,fear,1.3677461,0.0023845474,83.06523,0.021676596,15.462224,8.105261e-05,0.08065367
MarkRutte_MatthijsNieuwkerk.mp4,01:24,sad,1.0780172,0.00137648,34.050552,9.65053,42.6553,0.04329053,12.520933
MarkRutte_MatthijsNieuwkerk.mp4,01:24,neutral,0.036422033,7.1736295e-06,7.824439,0.009971664,21.076828,0.00045676794,71.05188
MarkRutte_MatthijsNieuwkerk.mp4,01:24,sad,23.489891,0.39296252,8.117817,1.9402544,55.58142,0.23451485,10.243137
MarkRutte_MatthijsNieuwkerk.mp4,01:24,fear,5.2755747,0.08872977,67.0046,0.41641352,21.878002,0.5342485,4.8024306
MarkRutte_MatthijsNieuwkerk.mp4,01:24,fear,5.2301702,0.46792907,43.935947,0.5780828,43.012108,0.28496948,6.4907947
MarkRutte_MatthijsNieuwkerk.mp4,01:24,sad,17.032576,0.5927728,30.669561,0.16589943,43.04325,0.14657448,8.349362
MarkRutte_MatthijsNieuwkerk.mp4,01:24,fear,17.606554,0.75532997,36.98431,0.3799636,36.255054,0.66779864,7.3509946
MarkRutte_MatthijsNieuwkerk.mp4,01:24,sad,32.5973,0.0071816714,9.066723,7.610889,37.665836,0.19565834,12.856409
MarkRutte_MatthijsNieuwkerk.mp4,01:24,fear,5.297584,0.10928073,45.002922,2.1450906,43.183628,0.030924609,4.23057
MarkRutte_MatthijsNieuwkerk.mp4,01:25,fear,8.9282465,0.010976217,40.723167,8.054147,38.327667,0.11745818,3.8383417
MarkRutte_MatthijsNieuwkerk.mp4,01:25,sad,19.18517,0.12083696,22.830175,0.6823706,54.21837,0.03604649,2.9270241
MarkRutte_MatthijsNieuwkerk.mp4,01:25,sad,4.0870395,0.04092444,43.08411,2.5835147,46.387474,0.02122211,3.7957168
MarkRutte_MatthijsNieuwkerk.mp4,01:25,fear,8.851562,0.036871657,56.344704,5.3760815,28.00106,0.05385483,1.3358717
MarkRutte_MatthijsNieuwkerk.mp4,01:25,sad,10.043299,0.14831533,43.26941,1.4220805,43.55356,0.040867146,1.5224683
MarkRutte_MatthijsNieuwkerk.mp4,01:25,sad,18.615805,0.13385904,19.41236,5.133925,53.592632,0.11859914,2.992823
MarkRutte_MatthijsNieuwkerk.mp4,01:25,sad,28.20182,0.34524986,17.79352,2.1038916,50.00068,0.13980387,1.4150326
MarkRutte_MatthijsNieuwkerk.mp4,01:25,happy,5.0165807e-05,3.8087028e-10,0.00067456596,99.853935,0.032668516,6.121789e-06,0.112665676
MarkRutte_MatthijsNieuwkerk.mp4,01:25,fear,5.2023044,0.06954831,64.9132,2.3287864,24.092278,0.09790815,3.29597
MarkRutte_MatthijsNieuwkerk.mp4,01:25,happy,2.6073632e-05,3.1440746e-11,0.0151526965,79.74591,0.04849371,0.000106459,20.190304
MarkRutte_MatthijsNieuwkerk.mp4,01:25,sad,11.668061,0.10965324,41.722095,0.9036049,45.06003,0.02006523,0.5164912
MarkRutte_MatthijsNieuwkerk.mp4,01:25,sad,7.2964153,0.08914869,39.085785,0.47663575,52.431416,0.019667968,0.6009377
MarkRutte_MatthijsNieuwkerk.mp4,01:25,fear,5.303866,0.10802934,57.13515,1.5630571,30.875023,0.15906164,4.8558154
MarkRutte_MatthijsNieuwkerk.mp4,01:25,sad,10.780638,0.08068625,14.377138,3.7402945,69.85852,0.12466317,1.0380616
MarkRutte_MatthijsNieuwkerk.mp4,01:25,sad,1.8830796,0.009888249,27.870934,20.278057,41.733704,0.05524972,8.16908
MarkRutte_MatthijsNieuwkerk.mp4,01:25,sad,26.148388,0.010956891,9.4719925,0.5726821,59.538696,0.009416289,4.247867
MarkRutte_MatthijsNieuwkerk.mp4,01:25,angry,51.37904,0.019757962,7.960617,0.13904706,37.39732,0.0038701058,3.1003468
MarkRutte_MatthijsNieuwkerk.mp4,01:25,angry,44.591175,0.0019543783,8.064797,0.8723285,32.725258,0.028416587,13.71607
MarkRutte_MatthijsNieuwkerk.mp4,01:25,sad,25.330318,0.028369432,7.721322,5.963467,41.357094,0.1497174,19.449717
MarkRutte_MatthijsNieuwkerk.mp4,01:25,neutral,2.979916e-08,1.4814699e-12,0.0008471311,0.5616792,0.0002965277,0.00032427482,99.436844
MarkRutte_MatthijsNieuwkerk.mp4,01:25,neutral,4.0373717e-08,6.199959e-13,0.056398064,0.05404534,0.0011615979,0.002426215,99.88597
MarkRutte_MatthijsNieuwkerk.mp4,01:25,sad,13.409453,0.062459353,7.343214,0.9101788,46.674973,0.24519645,31.354528
MarkRutte_MatthijsNieuwkerk.mp4,01:25,fear,25.20386,0.013302489,40.429592,2.7475626,27.057915,0.12937935,4.418379
MarkRutte_MatthijsNieuwkerk.mp4,01:25,angry,47.607502,0.0026607714,10.436165,0.75004464,38.175682,0.10983379,2.918108
MarkRutte_MatthijsNieuwkerk.mp4,01:25,angry,67.76566,0.0012614825,7.4364147,0.12397601,23.258825,0.027147733,1.3867083
MarkRutte_MatthijsNieuwkerk.mp4,01:26,sad,29.642305,0.0006734367,4.4283333,0.2960495,56.4698,0.002716379,9.160129
MarkRutte_MatthijsNieuwkerk.mp4,01:26,neutral,7.3176075e-08,2.2527384e-12,0.0144536095,0.2995639,0.0008881469,6.41231e-06,99.68509
MarkRutte_MatthijsNieuwkerk.mp4,01:26,angry,62.3164,0.0045688273,15.764285,0.21779792,20.844215,0.22729364,0.62543625
MarkRutte_MatthijsNieuwkerk.mp4,01:26,neutral,3.3360844,0.0056459657,13.853466,8.958014,15.787777,0.22626233,57.83275
MarkRutte_MatthijsNieuwkerk.mp4,01:26,angry,38.17387,0.027190855,2.7072706,2.8713903,35.25226,0.06389546,20.904125
MarkRutte_MatthijsNieuwkerk.mp4,01:26,neutral,11.650399,0.0068263416,0.71389854,15.297547,23.681322,0.4187783,48.231236
MarkRutte_MatthijsNieuwkerk.mp4,01:26,fear,0.031614326,1.3852147e-05,64.14785,0.8124931,27.969727,0.053738657,6.9845686
MarkRutte_MatthijsNieuwkerk.mp4,01:26,happy,5.5181713,0.0077609206,0.56127,49.22821,15.047143,0.57044166,29.067001
MarkRutte_MatthijsNieuwkerk.mp4,01:26,neutral,4.3610047e-08,2.0821082e-13,0.0021724491,0.58491737,0.0018971888,9.516965e-06,99.411
MarkRutte_MatthijsNieuwkerk.mp4,01:26,sad,9.946654,0.0030989163,1.022095,6.1795316,70.4417,0.011246326,12.395674
MarkRutte_MatthijsNieuwkerk.mp4,01:26,happy,20.944633,0.0021970544,0.2275503,40.627655,30.201439,0.31971517,7.676808
MarkRutte_MatthijsNieuwkerk.mp4,01:26,happy,1.2802886,0.0003274004,0.23551278,69.53919,12.371276,0.1148632,16.45855
MarkRutte_MatthijsNieuwkerk.mp4,01:26,happy,3.512087,0.00017188123,0.063135915,75.277145,10.07166,0.027836042,11.04797
MarkRutte_MatthijsNieuwkerk.mp4,01:26,happy,2.0593326,0.00075871614,1.2902832,86.45427,6.0302343,0.25915286,3.9059732
MarkRutte_MatthijsNieuwkerk.mp4,01:26,sad,10.143859,0.010787101,3.9612591,23.385986,60.52712,0.06971313,1.90127
MarkRutte_MatthijsNieuwkerk.mp4,01:26,sad,3.5452712,0.0008680466,1.7335081,27.933363,61.572426,0.0046773036,5.209881
MarkRutte_MatthijsNieuwkerk.mp4,01:26,sad,8.776676,0.027273456,12.524456,19.572699,36.311863,0.41931117,22.36772
MarkRutte_MatthijsNieuwkerk.mp4,01:26,sad,15.354655,0.017115392,13.501217,1.7599083,55.246193,0.039445546,14.081468
MarkRutte_MatthijsNieuwkerk.mp4,01:26,sad,0.0001838869,1.8595189e-07,2.7338388,1.4629982,81.27641,3.1357084e-07,14.526571
MarkRutte_MatthijsNieuwkerk.mp4,01:26,sad,5.393053,0.06611916,16.664665,3.075658,71.40863,0.023712678,3.3681626
MarkRutte_MatthijsNieuwkerk.mp4,01:26,sad,15.293805,0.11414295,11.749975,3.3179648,67.35461,0.008822855,2.1606948
MarkRutte_MatthijsNieuwkerk.mp4,01:26,fear,4.3266335,0.21050529,43.175983,5.8821173,39.51186,0.15244229,6.740459
MarkRutte_MatthijsNieuwkerk.mp4,01:26,sad,14.301467,0.07042741,11.364651,0.72987956,70.171715,0.06573236,3.2961254
MarkRutte_MatthijsNieuwkerk.mp4,01:26,sad,3.5816863,0.018618457,18.518648,0.31161344,74.38032,0.10769466,3.0814278
MarkRutte_MatthijsNieuwkerk.mp4,01:26,sad,15.0992365,0.0986824,24.950394,0.346663,56.555973,0.18191297,2.767136
MarkRutte_MatthijsNieuwkerk.mp4,01:27,sad,41.0416,0.12964472,12.186149,1.2096788,44.896206,0.03983336,0.4968969
MarkRutte_MatthijsNieuwkerk.mp4,01:27,fear,14.864869,0.16550215,42.375984,2.264447,38.521217,0.07171196,1.7362734
MarkRutte_MatthijsNieuwkerk.mp4,01:27,sad,5.8106437,0.008178261,4.33078,36.000416,39.847633,1.0172362,12.98511
MarkRutte_MatthijsNieuwkerk.mp4,01:27,sad,9.260237,0.085366905,28.273758,2.6602945,58.49195,0.47265273,0.7557403
MarkRutte_MatthijsNieuwkerk.mp4,01:27,sad,5.7533,0.035173155,18.319115,3.0750816,71.95927,0.39489672,0.46317664
MarkRutte_MatthijsNieuwkerk.mp4,01:27,sad,6.094079,0.025461055,11.911274,19.55459,51.746075,0.021999367,10.6465225
MarkRutte_MatthijsNieuwkerk.mp4,01:27,sad,1.3811721,0.004564038,8.757765,11.648737,77.44715,0.0066408697,0.7539667
MarkRutte_MatthijsNieuwkerk.mp4,01:27,fear,0.42616817,0.00253561,35.053616,24.633121,5.8969884,0.025199834,33.962376
MarkRutte_MatthijsNieuwkerk.mp4,01:27,happy,3.2957063,0.033287145,8.023843,35.077923,28.995197,0.06955866,24.504488
MarkRutte_MatthijsNieuwkerk.mp4,01:27,sad,1.217894,0.0019334859,16.217936,5.0707083,77.21026,0.012798584,0.26847517
MarkRutte_MatthijsNieuwkerk.mp4,01:27,happy,6.243624,0.019441456,7.618829,52.04255,32.896244,0.05414901,1.1251632
MarkRutte_MatthijsNieuwkerk.mp4,01:27,fear,7.756802,0.029981894,40.53812,35.38771,13.49614,0.6575761,2.1336749
MarkRutte_MatthijsNieuwkerk.mp4,01:27,happy,6.8568015,0.04039168,3.18241,49.819363,32.58394,0.10397524,7.413125
MarkRutte_MatthijsNieuwkerk.mp4,01:27,happy,7.0815425,0.009647639,26.580967,48.362915,15.0697,0.38118163,2.514049
MarkRutte_MatthijsNieuwkerk.mp4,01:27,happy,1.8578745,0.0020091173,4.655907,84.135025,3.0134,0.42207822,5.9137087
MarkRutte_MatthijsNieuwkerk.mp4,01:27,happy,0.27489263,3.569064e-06,0.23830971,96.72894,0.67425555,1.798935,0.2846592
MarkRutte_MatthijsNieuwkerk.mp4,01:27,happy,3.6124442,0.0013657017,13.831029,74.87288,5.36479,0.75235915,1.5651379
MarkRutte_MatthijsNieuwkerk.mp4,01:27,happy,1.0424417,0.00077667285,1.6662575,79.21201,1.5431445,0.15776862,16.377588
MarkRutte_MatthijsNieuwkerk.mp4,01:27,happy,2.9837768,0.00027239366,0.21424964,88.4937,5.085684,0.37902442,2.843296
MarkRutte_MatthijsNieuwkerk.mp4,01:27,happy,1.3946282,0.0003149125,0.3659006,91.79182,5.277327,0.03353888,1.1364644
MarkRutte_MatthijsNieuwkerk.mp4,01:27,sad,6.9935465,0.00069340883,2.6777577,27.56373,62.38966,0.0006702231,0.37394848
MarkRutte_MatthijsNieuwkerk.mp4,01:27,angry,43.99927,0.10334574,39.47233,0.0034267385,12.413347,0.029231772,3.9790483
MarkRutte_MatthijsNieuwkerk.mp4,01:28,angry,44.03303,0.10120729,38.38085,0.030256946,7.6049414,0.05486844,9.794851
MarkRutte_MatthijsNieuwkerk.mp4,01:28,fear,39.399014,0.07125048,43.51395,0.0040677334,12.106458,0.03663263,4.8686275
MarkRutte_MatthijsNieuwkerk.mp4,01:28,angry,36.0634,0.056740932,28.063742,0.023575954,12.514785,0.018463207,23.259296
MarkRutte_MatthijsNieuwkerk.mp4,01:28,happy,1.2865484,0.00026077774,0.09920573,93.7087,1.662263,0.016058438,3.226954
MarkRutte_MatthijsNieuwkerk.mp4,01:28,happy,1.0836933,4.2740518e-05,0.5388603,48.802975,4.254974,0.09886164,45.2206
MarkRutte_MatthijsNieuwkerk.mp4,01:28,angry,47.287193,0.0014730743,22.45022,0.20240282,28.468859,0.06392098,1.525926
MarkRutte_MatthijsNieuwkerk.mp4,01:28,happy,0.20385121,5.6399676e-05,0.09868793,94.44963,1.037347,0.02277757,4.1876526
MarkRutte_MatthijsNieuwkerk.mp4,01:28,happy,1.0358826,0.000112365626,0.19758213,87.32353,8.366279,0.0044277385,3.0721774
MarkRutte_MatthijsNieuwkerk.mp4,01:28,happy,0.25227833,5.367082e-05,0.09521856,95.48181,3.5290465,0.0043733898,0.63721645
MarkRutte_MatthijsNieuwkerk.mp4,01:28,happy,0.50475395,6.540445e-06,0.023341242,95.414444,0.53862166,0.021195726,3.4976375
MarkRutte_MatthijsNieuwkerk.mp4,01:28,fear,34.66944,0.0030868961,54.161118,0.29043964,9.853619,0.51396364,0.5083302
MarkRutte_MatthijsNieuwkerk.mp4,01:28,fear,34.687847,0.0031200731,53.953552,0.29272974,10.058312,0.4912657,0.51317096
MarkRutte_MatthijsNieuwkerk.mp4,01:28,disgust,6.3831716,46.456547,46.008083,0.121267825,0.98350245,0.02662078,0.02081211
MarkRutte_MatthijsNieuwkerk.mp4,01:28,fear,6.370337,45.108505,47.318554,0.13068266,1.0237828,0.026865084,0.021274664
MarkRutte_MatthijsNieuwkerk.mp4,01:28,happy,0.3504211,7.378264e-06,0.036900386,98.82418,0.3675451,0.086992815,0.333953
MarkRutte_MatthijsNieuwkerk.mp4,01:28,angry,50.786484,0.0069389017,33.004684,0.14945167,8.995334,0.762343,6.2947655
MarkRutte_MatthijsNieuwkerk.mp4,01:28,angry,50.786484,0.0069389017,33.004684,0.14945167,8.995334,0.762343,6.2947655
MarkRutte_MatthijsNieuwkerk.mp4,01:28,angry,50.786484,0.0069389017,33.004684,0.14945167,8.995334,0.762343,6.2947655
MarkRutte_MatthijsNieuwkerk.mp4,01:28,angry,50.786484,0.0069389017,33.004684,0.14945167,8.995334,0.762343,6.2947655
MarkRutte_MatthijsNieuwkerk.mp4,01:28,fear,7.524302,24.301308,67.35996,0.08982082,0.64686525,0.05644058,0.021313427
MarkRutte_MatthijsNieuwkerk.mp4,01:28,fear,7.524302,24.301308,67.35996,0.08982082,0.64686525,0.05644058,0.021313427
MarkRutte_MatthijsNieuwkerk.mp4,01:28,fear,7.524302,24.301308,67.35996,0.08982082,0.64686525,0.05644058,0.021313427
MarkRutte_MatthijsNieuwkerk.mp4,01:28,happy,0.0023347808,4.6864955e-08,0.0005757028,99.92917,0.05708855,0.0002978671,0.010539755
MarkRutte_MatthijsNieuwkerk.mp4,01:28,happy,0.0010911985,2.5381e-07,0.009919328,99.89599,0.07872244,0.0012647576,0.013024469
MarkRutte_MatthijsNieuwkerk.mp4,01:28,happy,0.05086848,2.564327e-06,0.019297281,98.19049,1.4294174,0.0040581063,0.3058712
MarkRutte_MatthijsNieuwkerk.mp4,01:29,happy,0.24362983,2.064674e-05,0.059959568,95.76785,0.8976407,0.16003802,2.8708653
MarkRutte_MatthijsNieuwkerk.mp4,01:29,happy,0.010214026,4.2841432e-07,0.0015069325,99.57515,0.1072695,0.0015887186,0.30426395
MarkRutte_MatthijsNieuwkerk.mp4,01:29,happy,0.0077860737,7.190224e-08,0.00021477338,99.84073,0.035890516,0.0008566195,0.1145268
MarkRutte_MatthijsNieuwkerk.mp4,01:29,happy,0.06589933,2.745386e-06,0.00045659812,99.53017,0.33033338,0.00068221794,0.07246069
MarkRutte_MatthijsNieuwkerk.mp4,01:29,happy,0.24416293,0.0012080949,0.1657318,72.643906,2.4498467,0.3690075,24.126139
MarkRutte_MatthijsNieuwkerk.mp4,01:29,fear,35.877316,0.0016993801,54.09578,0.42573512,8.75126,0.6988773,0.14934413
MarkRutte_MatthijsNieuwkerk.mp4,01:29,happy,0.8352942,0.0007688782,4.34458,91.1062,1.3629694,0.6666794,1.6835073
MarkRutte_MatthijsNieuwkerk.mp4,01:29,fear,40.461456,0.0029335818,43.701332,0.167931,15.55428,0.05827377,0.053790472
MarkRutte_MatthijsNieuwkerk.mp4,01:29,fear,34.618847,0.0012575081,51.223637,0.42981905,12.398077,1.133834,0.19452778
MarkRutte_MatthijsNieuwkerk.mp4,01:29,angry,55.88711,0.0061033773,20.275326,0.30113795,22.65337,0.35015377,0.52679455
MarkRutte_MatthijsNieuwkerk.mp4,01:29,angry,82.48111,9.6306e-05,2.198192,0.045548562,14.857448,0.0029588714,0.41465226
MarkRutte_MatthijsNieuwkerk.mp4,01:29,sad,22.340076,0.0108417105,36.330875,0.046637338,41.17119,0.026784407,0.07359887
MarkRutte_MatthijsNieuwkerk.mp4,01:29,sad,31.415234,0.00049658946,12.32249,0.14027652,54.814888,0.022875894,1.2837449
MarkRutte_MatthijsNieuwkerk.mp4,01:29,angry,41.748177,0.00036369893,20.218807,0.100045994,37.592445,0.05564921,0.2845245
MarkRutte_MatthijsNieuwkerk.mp4,01:29,angry,41.748177,0.00036369893,20.218807,0.100045994,37.592445,0.05564921,0.2845245
MarkRutte_MatthijsNieuwkerk.mp4,01:29,fear,8.495815,0.009965819,65.82817,0.023909017,25.131773,0.20938727,0.3009928
MarkRutte_MatthijsNieuwkerk.mp4,01:29,angry,46.31678,0.007906192,44.883827,0.037634823,8.511725,0.16471861,0.07741265
MarkRutte_MatthijsNieuwkerk.mp4,01:29,angry,67.35612,0.0012807023,21.625475,0.13044453,10.228005,0.45310542,0.20557348
MarkRutte_MatthijsNieuwkerk.mp4,01:29,angry,65.09716,18.65348,15.481014,0.03565982,0.4356729,0.24145494,0.055547133
MarkRutte_MatthijsNieuwkerk.mp4,01:29,angry,74.55869,0.0005881073,16.038023,0.017363146,9.185517,0.040092867,0.15972544
MarkRutte_MatthijsNieuwkerk.mp4,01:29,angry,58.545345,0.0069872476,25.707245,0.06156356,15.575901,0.062769026,0.040189587
MarkRutte_MatthijsNieuwkerk.mp4,01:29,angry,58.545345,0.0069872476,25.707245,0.06156356,15.575901,0.062769026,0.040189587
MarkRutte_MatthijsNieuwkerk.mp4,01:29,angry,58.545345,0.0069872476,25.707245,0.06156356,15.575901,0.062769026,0.040189587
MarkRutte_MatthijsNieuwkerk.mp4,01:29,angry,59.08422,0.006650827,24.930712,0.061533645,15.819119,0.057241302,0.04052187
MarkRutte_MatthijsNieuwkerk.mp4,01:29,angry,59.08422,0.006650827,24.930712,0.061533645,15.819119,0.057241302,0.04052187
MarkRutte_MatthijsNieuwkerk.mp4,01:30,sad,0.14544234,2.5524676e-09,6.411099,6.0359933e-05,93.44335,6.61918e-06,4.304672e-05
MarkRutte_MatthijsNieuwkerk.mp4,01:30,angry,68.991585,0.0042701527,23.503527,0.04186976,7.4065347,0.023738448,0.02846755
MarkRutte_MatthijsNieuwkerk.mp4,01:30,sad,0.74151623,7.861057e-11,3.430595,0.00014023304,95.82336,6.780697e-05,0.0043323473
MarkRutte_MatthijsNieuwkerk.mp4,01:30,angry,69.020676,0.0042814445,23.478436,0.0416562,7.40284,0.023658603,0.028447073
MarkRutte_MatthijsNieuwkerk.mp4,01:30,angry,76.87737,0.0034902042,18.100542,0.055679485,4.9242015,0.019238038,0.019474482
MarkRutte_MatthijsNieuwkerk.mp4,01:30,angry,76.98172,0.0034868384,17.99509,0.055033326,4.92624,0.019082634,0.019350268
MarkRutte_MatthijsNieuwkerk.mp4,01:30,angry,76.98172,0.0034868384,17.99509,0.055033326,4.92624,0.019082634,0.019350268
MarkRutte_MatthijsNieuwkerk.mp4,01:30,angry,58.442562,0.02564949,31.305332,0.10303114,9.873905,0.18640293,0.063123345
MarkRutte_MatthijsNieuwkerk.mp4,01:30,angry,58.46992,0.025542015,31.27414,0.10295426,9.8778925,0.18651412,0.06303193
MarkRutte_MatthijsNieuwkerk.mp4,01:30,angry,58.086365,0.024988135,31.637552,0.10481567,9.894357,0.18853347,0.06339676
MarkRutte_MatthijsNieuwkerk.mp4,01:30,fear,22.461864,0.036294654,63.32965,0.18917824,5.7446923,6.845445,1.3928756
MarkRutte_MatthijsNieuwkerk.mp4,01:30,fear,44.543907,0.020347934,45.13005,0.20545419,8.461922,1.4187937,0.21953273
MarkRutte_MatthijsNieuwkerk.mp4,01:30,fear,41.74992,0.021167375,48.372623,0.20145927,7.805561,1.6161408,0.233137
MarkRutte_MatthijsNieuwkerk.mp4,01:30,fear,31.139856,0.017321333,58.754704,0.1653832,8.288935,1.406026,0.22776815
MarkRutte_MatthijsNieuwkerk.mp4,01:30,fear,29.688015,0.019265655,60.31759,0.24607165,8.459053,1.0900286,0.17998673
MarkRutte_MatthijsNieuwkerk.mp4,01:30,fear,29.688015,0.019265655,60.31759,0.24607165,8.459053,1.0900286,0.17998673
MarkRutte_MatthijsNieuwkerk.mp4,01:30,angry,74.86396,0.00079137157,12.281361,0.05346216,9.288804,1.1710347,2.34058
MarkRutte_MatthijsNieuwkerk.mp4,01:30,angry,49.571514,0.053257383,42.970825,0.09651947,3.3218143,3.375818,0.6102549
MarkRutte_MatthijsNieuwkerk.mp4,01:30,angry,51.541393,0.06116149,41.212093,0.098926015,3.3194058,3.1776135,0.58940935
MarkRutte_MatthijsNieuwkerk.mp4,01:30,angry,86.28442,0.094683126,9.96949,0.01613654,2.5303142,0.7521881,0.35277873
MarkRutte_MatthijsNieuwkerk.mp4,01:30,angry,85.89517,0.10508285,10.257218,0.017184708,2.5187948,0.84875685,0.35778803
MarkRutte_MatthijsNieuwkerk.mp4,01:30,angry,54.80639,0.031529736,37.546005,0.11909165,3.8394418,2.8440864,0.81345934
MarkRutte_MatthijsNieuwkerk.mp4,01:30,angry,57.14679,0.029589737,35.59001,0.10985993,3.8556554,2.4835443,0.7845523
MarkRutte_MatthijsNieuwkerk.mp4,01:30,angry,57.14679,0.029589737,35.59001,0.10985993,3.8556554,2.4835443,0.7845523
MarkRutte_MatthijsNieuwkerk.mp4,01:30,angry,47.505928,0.31523865,44.177086,0.046168298,6.0908046,0.7890864,1.075687
MarkRutte_MatthijsNieuwkerk.mp4,01:31,angry,47.816048,0.33486006,44.117146,0.04516345,5.7963567,0.86931914,1.0211121
MarkRutte_MatthijsNieuwkerk.mp4,01:31,angry,44.085217,0.0042731785,38.760094,0.44697472,10.470118,2.698448,3.5348792
MarkRutte_MatthijsNieuwkerk.mp4,01:31,angry,48.439392,0.0062996014,38.94365,0.20116062,8.709874,2.1688495,1.5307775
MarkRutte_MatthijsNieuwkerk.mp4,01:31,angry,83.80988,0.0030592778,7.8886085,0.2938697,6.042681,0.48221025,1.4796885
MarkRutte_MatthijsNieuwkerk.mp4,01:31,angry,83.98853,0.0030673812,7.832115,0.29080462,5.952118,0.48467302,1.4486879
MarkRutte_MatthijsNieuwkerk.mp4,01:31,angry,48.579563,0.006217379,38.808987,0.20086011,8.709006,2.165833,1.529541
MarkRutte_MatthijsNieuwkerk.mp4,01:31,fear,43.631847,0.026538111,46.17647,0.147858,4.512875,4.449507,1.054914
MarkRutte_MatthijsNieuwkerk.mp4,01:31,neutral,26.75777,0.0027177816,1.9617635,0.14879365,6.2523355,0.044995923,64.83162
MarkRutte_MatthijsNieuwkerk.mp4,01:31,angry,39.0503,0.006895867,9.624737,0.44231662,24.403158,0.0743252,26.398266
MarkRutte_MatthijsNieuwkerk.mp4,01:31,fear,15.376356,0.027269386,66.383125,0.6191663,7.088263,2.353846,8.151972
MarkRutte_MatthijsNieuwkerk.mp4,01:31,happy,1.748053,0.021132138,25.02842,61.71607,2.978254,5.549145,2.958935
MarkRutte_MatthijsNieuwkerk.mp4,01:31,happy,1.6989719,0.019326264,24.411161,62.747444,2.8723547,5.5974073,2.6533365
MarkRutte_MatthijsNieuwkerk.mp4,01:31,fear,1.617389,0.31268036,52.094097,30.773521,10.427019,2.6545997,2.1207001
MarkRutte_MatthijsNieuwkerk.mp4,01:31,angry,51.933434,0.031873774,27.817524,0.617484,11.104649,2.4438148,6.0512247
MarkRutte_MatthijsNieuwkerk.mp4,01:31,happy,1.4837648,0.13658671,33.578087,39.63832,20.692268,0.92028797,3.5506806
MarkRutte_MatthijsNieuwkerk.mp4,01:31,fear,30.326717,0.04280615,42.93426,0.09455539,20.488375,0.1911358,5.922151
MarkRutte_MatthijsNieuwkerk.mp4,01:31,fear,2.3117404,0.46712384,50.51543,24.415436,18.118357,0.68288404,3.4890213
MarkRutte_MatthijsNieuwkerk.mp4,01:31,fear,2.7594485,0.7369886,51.220634,5.7268767,36.976513,0.20304447,2.3764982
MarkRutte_MatthijsNieuwkerk.mp4,01:31,fear,2.755262,0.7369801,51.18499,5.7306657,37.009518,0.20232251,2.3802633
MarkRutte_MatthijsNieuwkerk.mp4,01:31,fear,1.5830542,0.0068132128,64.53859,31.231018,0.99816793,1.5303907,0.111976005
MarkRutte_MatthijsNieuwkerk.mp4,01:31,fear,1.5471736,0.006410262,65.35834,30.404768,0.9751212,1.6001277,0.10805637
MarkRutte_MatthijsNieuwkerk.mp4,01:31,fear,10.80982,0.011354143,65.415245,0.40942228,16.186829,0.5776324,6.589687
MarkRutte_MatthijsNieuwkerk.mp4,01:31,fear,1.7549505,0.0079173185,52.803932,42.860905,0.99850714,1.4354393,0.1383508
MarkRutte_MatthijsNieuwkerk.mp4,01:31,sad,3.249444,0.76101846,21.244621,15.716835,53.8063,0.1098062,5.1119742
MarkRutte_MatthijsNieuwkerk.mp4,01:31,sad,3.2518198,0.7622402,21.216581,15.714597,53.81351,0.10963955,5.131617
MarkRutte_MatthijsNieuwkerk.mp4,01:32,sad,3.2518198,0.7622402,21.216581,15.714597,53.81351,0.10963955,5.131617
MarkRutte_MatthijsNieuwkerk.mp4,01:32,fear,8.206374,0.007077504,64.38969,0.118663594,25.606678,0.16380246,1.5077252
MarkRutte_MatthijsNieuwkerk.mp4,01:32,fear,14.92363,0.01405489,54.279636,0.051297963,28.246876,0.06595636,2.418557
MarkRutte_MatthijsNieuwkerk.mp4,01:32,fear,14.920776,0.014083773,54.303226,0.051354896,28.228401,0.06610747,2.416041
MarkRutte_MatthijsNieuwkerk.mp4,01:32,fear,14.203892,0.014988911,55.94473,0.051295873,27.115982,0.07071412,2.5983899
MarkRutte_MatthijsNieuwkerk.mp4,01:32,fear,14.24686,0.016519517,57.672783,0.05898594,25.553892,0.080471784,2.3704884
MarkRutte_MatthijsNieuwkerk.mp4,01:32,fear,0.99207747,0.09068621,87.58849,0.30988866,2.1510549,8.653614,0.21418737
MarkRutte_MatthijsNieuwkerk.mp4,01:32,fear,4.4636097,1.0422868,59.497066,0.42106047,0.7790384,33.627506,0.16943441
MarkRutte_MatthijsNieuwkerk.mp4,01:32,neutral,12.32662,4.5213593e-08,0.20959279,3.185514,9.774809,0.00016618594,74.503296
MarkRutte_MatthijsNieuwkerk.mp4,01:32,neutral,1.0407825,1.9963304e-08,0.10492386,3.5540872,19.765537,0.0006469888,75.53402
MarkRutte_MatthijsNieuwkerk.mp4,01:32,neutral,0.50629264,1.0872307e-08,0.28969872,0.1268938,1.1317129,0.008773108,97.93663
MarkRutte_MatthijsNieuwkerk.mp4,01:32,sad,13.769371,6.4034364e-05,0.5040656,4.287543,57.697456,0.0006727088,23.740831
MarkRutte_MatthijsNieuwkerk.mp4,01:32,sad,8.277286,3.1417685e-06,0.3215297,0.51079935,87.16394,0.00017120953,3.7262712
MarkRutte_MatthijsNieuwkerk.mp4,01:32,fear,15.769113,1.6166456,60.69664,0.40568653,4.8541594,15.878678,0.779076
MarkRutte_MatthijsNieuwkerk.mp4,01:32,angry,77.83152,5.686601e-07,0.15769827,0.8927267,1.4847614,0.000209979,19.633083
MarkRutte_MatthijsNieuwkerk.mp4,01:32,angry,45.07906,0.0036090564,37.279182,0.052483942,16.700922,0.1644417,0.72030944
MarkRutte_MatthijsNieuwkerk.mp4,01:32,angry,97.87856,2.0952946e-06,0.015808908,1.810445,0.14700285,1.5122162e-05,0.14817247
MarkRutte_MatthijsNieuwkerk.mp4,01:32,fear,16.615986,0.0017638293,52.00336,0.043958414,30.93524,0.026881302,0.3728099
MarkRutte_MatthijsNieuwkerk.mp4,01:32,fear,16.609732,0.0018134443,51.851543,0.044294477,31.096628,0.026427543,0.36955974
MarkRutte_MatthijsNieuwkerk.mp4,01:32,neutral,13.801941,0.022085216,4.272144,30.30911,15.227342,0.035810106,36.331566
MarkRutte_MatthijsNieuwkerk.mp4,01:32,neutral,3.584046,0.00088105636,0.1204267,27.912764,4.494046,0.00025112642,63.887585
MarkRutte_MatthijsNieuwkerk.mp4,01:32,happy,8.757739,0.04859807,1.6739961,66.66792,10.782931,0.0009572519,12.06786
MarkRutte_MatthijsNieuwkerk.mp4,01:32,neutral,15.007771,0.0014524097,1.0575277,35.492023,7.8142695,0.0022389952,40.624714
MarkRutte_MatthijsNieuwkerk.mp4,01:32,fear,22.526485,0.0015630987,42.615643,0.05548235,34.504818,0.020916723,0.27509975
MarkRutte_MatthijsNieuwkerk.mp4,01:32,angry,62.347458,0.14602974,10.367109,22.842962,3.6950145,0.17463246,0.4267818
MarkRutte_MatthijsNieuwkerk.mp4,01:33,angry,42.29176,9.083869,20.247078,21.680958,4.368187,0.83364344,1.4945073
MarkRutte_MatthijsNieuwkerk.mp4,01:33,angry,48.156628,0.74365234,15.3265085,31.481207,3.3742957,0.31841514,0.59929746
MarkRutte_MatthijsNieuwkerk.mp4,01:33,fear,26.72763,0.0012886542,40.59289,0.32475412,30.452005,0.07933677,1.822086
MarkRutte_MatthijsNieuwkerk.mp4,01:33,fear,21.196018,0.0012840928,42.142067,0.05747497,36.28012,0.017934911,0.30510542
MarkRutte_MatthijsNieuwkerk.mp4,01:33,sad,22.434546,0.012109776,36.61724,0.059011165,40.394096,0.040979974,0.4420227
MarkRutte_MatthijsNieuwkerk.mp4,01:33,sad,6.34575,0.61126703,22.399351,28.738829,38.671326,1.1509452,2.0825372
MarkRutte_MatthijsNieuwkerk.mp4,01:33,fear,0.021053517,1.0346837e-05,99.971756,0.00094840233,0.0056062806,0.0006245249,1.0218197e-06
MarkRutte_MatthijsNieuwkerk.mp4,01:33,happy,0.4386996,0.00013005159,0.032269992,99.10094,0.10200281,0.06235901,0.2636055
MarkRutte_MatthijsNieuwkerk.mp4,01:33,happy,0.4387249,0.00013008752,0.032274965,99.1009,0.102017745,0.06235801,0.26358882
MarkRutte_MatthijsNieuwkerk.mp4,01:33,happy,1.9196863,0.0008140966,0.21968329,97.39436,0.23925902,0.013108467,0.21309216
MarkRutte_MatthijsNieuwkerk.mp4,01:33,sad,3.9217176,0.7257433,10.593183,35.158962,46.00286,0.36953232,3.2280076
MarkRutte_MatthijsNieuwkerk.mp4,01:33,angry,43.185265,0.14835493,31.458553,0.049674626,23.486883,0.25328264,1.4179875
MarkRutte_MatthijsNieuwkerk.mp4,01:33,angry,50.289513,0.01554611,32.74842,0.116970494,14.714427,0.39404514,1.7210873
MarkRutte_MatthijsNieuwkerk.mp4,01:33,happy,0.48876968,0.0003960607,0.08165894,98.20427,0.17998357,0.35425538,0.69067264
MarkRutte_MatthijsNieuwkerk.mp4,01:33,happy,1.2057551,0.002522644,0.13287878,96.147224,0.47247824,0.6594038,1.3797306
MarkRutte_MatthijsNieuwkerk.mp4,01:33,angry,48.547066,0.0074866093,29.671478,0.10567029,21.179796,0.04592304,0.4425695
MarkRutte_MatthijsNieuwkerk.mp4,01:33,angry,47.424324,0.00688812,30.201084,0.10360242,21.760984,0.047461424,0.4556496
MarkRutte_MatthijsNieuwkerk.mp4,01:33,sad,25.45764,0.011808083,31.23504,0.095582195,32.949593,0.12560101,10.124745
MarkRutte_MatthijsNieuwkerk.mp4,01:33,angry,34.72979,0.0018405841,31.573212,0.10091863,32.78204,0.03687236,0.7753252
MarkRutte_MatthijsNieuwkerk.mp4,01:33,sad,3.6073728,5.7045418e-05,34.58499,0.05299896,61.376976,0.007068031,0.37052757
MarkRutte_MatthijsNieuwkerk.mp4,01:33,fear,36.125492,0.0010697728,39.523193,0.023635454,23.90939,0.026751196,0.3904772
MarkRutte_MatthijsNieuwkerk.mp4,01:33,angry,49.53886,0.00023098565,21.16841,0.03275209,28.716858,0.018179283,0.5247035
MarkRutte_MatthijsNieuwkerk.mp4,01:33,angry,72.1451,0.002788421,13.083543,0.059231818,14.386691,0.03376003,0.28889468
MarkRutte_MatthijsNieuwkerk.mp4,01:33,angry,60.874035,0.001160135,7.6653156,0.017681114,31.34585,0.00081554014,0.09514303
MarkRutte_MatthijsNieuwkerk.mp4,01:33,angry,54.343815,0.000316827,19.606384,0.02964736,25.564405,0.0107953185,0.44463798
MarkRutte_MatthijsNieuwkerk.mp4,01:34,angry,54.343815,0.000316827,19.606384,0.02964736,25.564405,0.0107953185,0.44463798
MarkRutte_MatthijsNieuwkerk.mp4,01:34,angry,57.920128,0.00090066716,18.270666,0.0073319427,23.636368,0.0023509196,0.16225429
MarkRutte_MatthijsNieuwkerk.mp4,01:34,sad,19.503838,0.00029997787,34.8513,0.02710542,44.790222,0.011147014,0.81608844
MarkRutte_MatthijsNieuwkerk.mp4,01:34,angry,49.335133,0.002652592,20.819775,0.09886411,29.147884,0.055192027,0.5404929
MarkRutte_MatthijsNieuwkerk.mp4,01:34,sad,34.649055,0.0003760551,27.112774,0.054737303,37.264626,0.026220238,0.89221615
MarkRutte_MatthijsNieuwkerk.mp4,01:34,angry,65.56983,0.0010885604,22.180134,0.39807057,9.524175,0.6994745,1.6272329
MarkRutte_MatthijsNieuwkerk.mp4,01:34,angry,47.62985,0.0009956877,18.855017,0.04149878,32.50321,0.017763518,0.95166934
MarkRutte_MatthijsNieuwkerk.mp4,01:34,angry,48.736057,0.037295062,4.3220296,27.543344,15.321642,0.095883004,3.943748
MarkRutte_MatthijsNieuwkerk.mp4,01:34,fear,23.229572,0.0021171481,40.848083,0.008955055,35.20181,0.010612184,0.6988542
MarkRutte_MatthijsNieuwkerk.mp4,01:34,fear,4.9626546,0.013379751,35.79846,23.610056,26.61961,0.13320968,8.862635
MarkRutte_MatthijsNieuwkerk.mp4,01:34,fear,4.9626546,0.013379751,35.79846,23.610056,26.61961,0.13320968,8.862635
MarkRutte_MatthijsNieuwkerk.mp4,01:34,fear,3.4773932,0.0070487657,44.539356,30.430916,18.789907,0.09259973,2.6627793
MarkRutte_MatthijsNieuwkerk.mp4,01:34,angry,42.02639,0.0017996117,26.562065,0.06955684,30.179565,0.021977577,1.1386428
MarkRutte_MatthijsNieuwkerk.mp4,01:34,angry,47.089397,0.0014147095,22.534481,0.07031629,29.035776,0.020752545,1.2478601
MarkRutte_MatthijsNieuwkerk.mp4,01:34,fear,3.486207,0.007198038,44.59954,30.214157,18.912971,0.09326957,2.6866543
MarkRutte_MatthijsNieuwkerk.mp4,01:34,sad,2.270301,0.0388083,2.6915429,14.703458,75.05636,0.006546562,5.2329926
MarkRutte_MatthijsNieuwkerk.mp4,01:34,sad,2.343784,0.042447586,3.0520732,14.512679,75.11189,0.0070777023,4.930049
MarkRutte_MatthijsNieuwkerk.mp4,01:34,angry,48.683235,0.0010530846,21.527252,0.06780719,28.657183,0.018169852,1.0453007
MarkRutte_MatthijsNieuwkerk.mp4,01:34,happy,0.5946457,0.0008904272,0.17140879,91.45373,5.6674623,0.012305455,2.0995553
MarkRutte_MatthijsNieuwkerk.mp4,01:34,happy,0.48442563,0.0012530847,0.15900238,92.36308,2.632583,0.010634625,4.349017
MarkRutte_MatthijsNieuwkerk.mp4,01:34,happy,4.1666994,0.0024972353,0.28088367,78.195694,16.132206,0.11234812,1.1096632
MarkRutte_MatthijsNieuwkerk.mp4,01:34,happy,0.12014459,0.00013534338,0.37531915,91.97906,6.5249114,0.006984582,0.993451
MarkRutte_MatthijsNieuwkerk.mp4,01:34,happy,0.0020059927,1.11001164e-07,0.0048087765,99.577,0.19894168,0.0039212625,0.21332183
MarkRutte_MatthijsNieuwkerk.mp4,01:35,neutral,2.56757,1.4751433e-08,0.018710103,0.0033960212,0.29708526,0.0037167366,97.10952
MarkRutte_MatthijsNieuwkerk.mp4,01:36,neutral,11.565585,4.9977744e-10,0.07411565,1.3767805e-05,11.879006,7.288653e-08,76.481285
MarkRutte_MatthijsNieuwkerk.mp4,01:36,neutral,0.15208519,3.0788996e-08,0.0054975986,0.0003472757,1.3668171,4.7200947e-06,98.47525
MarkRutte_MatthijsNieuwkerk.mp4,01:36,fear,0.0012488855,1.2400455e-06,96.56695,4.164457e-05,0.034936845,0.017556915,3.3792663
MarkRutte_MatthijsNieuwkerk.mp4,01:36,neutral,1.7655084e-05,1.358368e-11,38.018986,9.037876e-06,0.019266954,0.0032341783,61.95849
MarkRutte_MatthijsNieuwkerk.mp4,01:36,surprise,0.08150174,0.001819043,0.04328054,0.0012144117,1.2640931e-05,99.87218,1.7788249e-06
MarkRutte_MatthijsNieuwkerk.mp4,01:36,surprise,1.4004105e-07,3.6079193e-17,0.010794058,0.00038745176,2.356904e-08,99.98882,3.4376493e-09
MarkRutte_MatthijsNieuwkerk.mp4,01:36,fear,5.4075686e-09,1.1600541e-16,99.59645,2.6542993e-10,0.0029339693,2.4006413e-06,0.40061325
MarkRutte_MatthijsNieuwkerk.mp4,01:36,fear,3.7537575,0.031725083,87.494064,6.4468985,0.2921057,1.7873065,0.1941393
MarkRutte_MatthijsNieuwkerk.mp4,01:36,surprise,0.00010794459,3.2956463e-12,0.45973748,0.0033053623,0.000121529956,99.5366,0.00013100806
MarkRutte_MatthijsNieuwkerk.mp4,01:36,surprise,23.494684,4.229726,17.321508,0.1735924,7.566054,42.20257,5.0118694
MarkRutte_MatthijsNieuwkerk.mp4,01:36,fear,0.0005489866,2.643323e-07,89.37645,0.0033561678,0.20320944,0.094031535,10.322407
MarkRutte_MatthijsNieuwkerk.mp4,01:36,fear,0.002880099,1.507151e-06,91.993706,0.00042241975,0.58377075,0.004822945,7.4144063
MarkRutte_MatthijsNieuwkerk.mp4,01:36,fear,5.388328e-05,3.8764373e-08,96.754715,6.5206696e-06,0.23098138,0.00070818275,3.013541
MarkRutte_MatthijsNieuwkerk.mp4,01:36,fear,2.2820376e-07,3.6165956e-11,99.4008,3.3839802e-07,0.0016262953,0.0002467402,0.59731954
MarkRutte_MatthijsNieuwkerk.mp4,01:36,happy,35.53115,0.000276358,13.219095,50.40169,0.010085466,0.8240422,0.01366001
MarkRutte_MatthijsNieuwkerk.mp4,01:36,happy,0.46292418,2.9856647e-06,2.1555345,78.89812,0.0046654195,18.449314,0.029440673
MarkRutte_MatthijsNieuwkerk.mp4,01:36,sad,0.0012725851,0.000118491065,0.26025495,0.055007387,75.69015,3.3889244e-06,23.993198
MarkRutte_MatthijsNieuwkerk.mp4,01:36,angry,75.11155,0.00022631894,3.8006723,18.976871,0.04398262,1.9910941,0.07560076
MarkRutte_MatthijsNieuwkerk.mp4,01:36,happy,3.938854,3.7185222e-05,1.2298217,94.236984,0.23057653,0.08001583,0.28371894
MarkRutte_MatthijsNieuwkerk.mp4,01:36,happy,0.0031640385,1.361231e-08,24.438955,75.00412,0.18759078,0.0040915916,0.36207965
MarkRutte_MatthijsNieuwkerk.mp4,01:36,happy,0.0037889488,3.668036e-08,2.0349061,83.80528,7.8351684,0.0007326609,6.3201227
MarkRutte_MatthijsNieuwkerk.mp4,01:37,sad,0.23380134,1.072219e-06,36.193665,1.7482262,61.755974,0.00086612575,0.06746555
MarkRutte_MatthijsNieuwkerk.mp4,01:37,happy,0.05547719,1.2451887e-06,0.2205078,97.770325,0.015234711,1.2992886,0.63916886
MarkRutte_MatthijsNieuwkerk.mp4,01:37,happy,0.6936284,0.0002512159,5.3137746,87.6877,0.03178151,5.8391933,0.43368027
MarkRutte_MatthijsNieuwkerk.mp4,01:37,happy,0.00010586496,5.7996266e-09,0.006088591,99.949455,0.00095948763,0.025533378,0.017860074
MarkRutte_MatthijsNieuwkerk.mp4,01:37,neutral,3.6833028e-10,1.1365285e-19,1.2834904,2.4248144e-05,1.1198884e-07,0.12308144,98.59341
MarkRutte_MatthijsNieuwkerk.mp4,01:37,fear,5.405322e-05,2.342066e-13,55.464928,1.32374325e-05,0.0009650969,0.4827899,44.051247
MarkRutte_MatthijsNieuwkerk.mp4,01:37,neutral,12.813856,0.001029526,6.1148067,10.0446825,31.42817,0.259291,39.33816
MarkRutte_MatthijsNieuwkerk.mp4,01:37,neutral,0.00030591895,9.009426e-09,0.0055798916,41.225845,0.0033622102,0.15626654,58.60864
MarkRutte_MatthijsNieuwkerk.mp4,01:37,neutral,0.00020105287,4.286361e-09,0.017757429,13.528709,0.2790708,0.008876517,86.16539
MarkRutte_MatthijsNieuwkerk.mp4,01:37,happy,0.0014451671,5.3355014e-09,0.000530046,97.92223,0.029696614,0.030857662,2.0152438
MarkRutte_MatthijsNieuwkerk.mp4,01:37,surprise,9.621815,0.9499346,24.797768,0.06813591,0.6565331,63.89321,0.012597724
MarkRutte_MatthijsNieuwkerk.mp4,01:37,fear,12.726509,0.11189688,52.409946,0.105753586,2.3700871,32.20051,0.07529624
MarkRutte_MatthijsNieuwkerk.mp4,01:37,surprise,29.143124,1.2699277,33.110363,0.017944427,2.4535563,33.92566,0.07941678
MarkRutte_MatthijsNieuwkerk.mp4,01:38,fear,37.050606,0.54062194,39.861786,0.022877904,3.944253,18.286318,0.29354295
MarkRutte_MatthijsNieuwkerk.mp4,01:38,fear,5.3955216,0.067014866,50.560753,0.12145231,0.98529327,42.83685,0.03311259
MarkRutte_MatthijsNieuwkerk.mp4,01:38,surprise,13.359162,0.07022136,39.117825,0.25048304,2.8992562,44.192963,0.11009502
MarkRutte_MatthijsNieuwkerk.mp4,01:38,surprise,24.638779,0.55145925,25.201147,0.16613944,2.1097815,47.180687,0.15200558
MarkRutte_MatthijsNieuwkerk.mp4,01:38,angry,54.08189,0.5902599,29.747093,0.02464938,6.7240396,7.216318,1.615759
MarkRutte_MatthijsNieuwkerk.mp4,01:38,neutral,8.9451345e-07,1.746471e-15,1.6788598,5.8622805e-05,0.0017238968,0.0018264118,98.31753
MarkRutte_MatthijsNieuwkerk.mp4,01:38,neutral,0.0003157151,3.4271181e-09,0.1437633,5.64037,0.0063344166,0.0065282225,94.20269
MarkRutte_MatthijsNieuwkerk.mp4,01:38,neutral,0.78358245,1.590806e-07,8.088261,2.4538693,0.27316168,1.2703247,87.130806
MarkRutte_MatthijsNieuwkerk.mp4,01:38,neutral,0.017107472,9.072803e-08,1.2253615,0.08689258,14.843481,0.00024530437,83.82691
MarkRutte_MatthijsNieuwkerk.mp4,01:38,neutral,5.888242e-05,4.9650136e-12,0.0033135077,0.1714217,0.002118866,8.001344e-05,99.823
MarkRutte_MatthijsNieuwkerk.mp4,01:38,neutral,5.737474e-06,7.367152e-12,0.00045392822,29.143509,3.2553988e-05,0.06548791,70.79051
MarkRutte_MatthijsNieuwkerk.mp4,01:38,sad,10.462842,0.08462602,28.089445,0.67266434,50.006794,0.011767775,10.67186
MarkRutte_MatthijsNieuwkerk.mp4,01:38,sad,8.748001,0.08602786,14.718864,4.64259,54.17047,0.5166264,17.117413
MarkRutte_MatthijsNieuwkerk.mp4,01:38,neutral,7.1561904,0.027209312,15.008791,17.507334,23.993034,0.09168957,36.21575
MarkRutte_MatthijsNieuwkerk.mp4,01:38,sad,8.641082,0.15127906,31.784996,1.684469,46.580265,0.09797009,11.059935
MarkRutte_MatthijsNieuwkerk.mp4,01:38,sad,2.2855937,0.023230603,32.45594,2.45194,58.391018,0.037592348,4.354687
MarkRutte_MatthijsNieuwkerk.mp4,01:38,fear,25.488577,0.80654395,38.04171,11.799141,17.833982,1.7651654,4.264883
MarkRutte_MatthijsNieuwkerk.mp4,01:38,fear,9.071512,2.9467452,57.730484,1.451562,22.214989,0.27129665,6.3134136
MarkRutte_MatthijsNieuwkerk.mp4,01:38,fear,8.290053,0.48395315,31.234224,4.1814995,26.189827,0.16265996,29.457779
MarkRutte_MatthijsNieuwkerk.mp4,01:38,neutral,14.888827,0.59764856,27.14119,2.103284,23.515738,0.05468107,31.698631
MarkRutte_MatthijsNieuwkerk.mp4,01:38,fear,11.889242,1.5523659,35.200283,1.0800195,29.911245,0.22064859,20.146193
MarkRutte_MatthijsNieuwkerk.mp4,01:38,sad,15.995273,0.31301174,25.648573,2.6530747,31.233025,0.10509942,24.051947
MarkRutte_MatthijsNieuwkerk.mp4,01:38,neutral,8.926747,0.024421083,28.966967,3.0764725,10.2545395,0.03070493,48.72015
MarkRutte_MatthijsNieuwkerk.mp4,01:38,fear,17.45911,0.060784757,37.523125,1.2677158,33.026318,0.036292657,10.626661
MarkRutte_MatthijsNieuwkerk.mp4,01:38,fear,15.850978,0.8372974,40.014957,1.8978486,26.030752,0.13585116,15.232319
MarkRutte_MatthijsNieuwkerk.mp4,01:39,angry,43.172646,0.6795995,37.66785,1.3430718,12.137961,0.04519044,4.953685
MarkRutte_MatthijsNieuwkerk.mp4,01:39,sad,26.633423,0.16634917,23.039074,0.28903568,42.774574,0.103052944,6.994493
MarkRutte_MatthijsNieuwkerk.mp4,01:39,angry,49.24553,0.14541133,28.939693,0.97349554,16.177359,0.4111703,4.1073475
MarkRutte_MatthijsNieuwkerk.mp4,01:39,angry,35.756035,0.6425289,26.532106,0.21863686,30.968817,0.37335545,5.5085196
MarkRutte_MatthijsNieuwkerk.mp4,01:39,fear,18.999477,0.21205749,41.97031,0.27510297,32.77962,0.5106651,5.2527742
MarkRutte_MatthijsNieuwkerk.mp4,01:39,fear,11.845407,0.22126375,75.01921,0.20179866,11.665724,0.14738344,0.89921975
MarkRutte_MatthijsNieuwkerk.mp4,01:39,angry,59.027653,0.0007444574,7.868928,2.1459577,22.252161,0.17098032,8.533576
MarkRutte_MatthijsNieuwkerk.mp4,01:39,sad,17.822813,0.0005177944,4.101846,3.8821301,44.044518,0.04423763,30.10394
MarkRutte_MatthijsNieuwkerk.mp4,01:39,neutral,22.9806,0.0029878234,3.841635,2.7028003,29.295542,0.071204714,41.105232
MarkRutte_MatthijsNieuwkerk.mp4,01:39,sad,24.109848,0.00024247971,2.4693866,0.03323688,38.966366,0.001401147,34.419525
MarkRutte_MatthijsNieuwkerk.mp4,01:39,neutral,15.692374,0.0009512234,2.6205244,2.092563,24.469318,0.017072285,55.1072
MarkRutte_MatthijsNieuwkerk.mp4,01:39,sad,21.221472,0.0063238787,7.3624997,1.2400663,63.840996,0.002212115,6.32644
MarkRutte_MatthijsNieuwkerk.mp4,01:39,angry,38.754845,0.00031425492,1.6627196,2.6236846,30.828222,0.025889803,26.104326
MarkRutte_MatthijsNieuwkerk.mp4,01:39,sad,39.308422,0.0004390661,1.9726887,0.24694933,47.999027,0.0020986847,10.470379
MarkRutte_MatthijsNieuwkerk.mp4,01:39,happy,21.693806,0.0008482451,0.641826,37.808537,8.937231,0.09707818,30.82068
MarkRutte_MatthijsNieuwkerk.mp4,01:39,angry,34.40436,0.011570091,9.296302,14.127488,24.462301,0.7724672,16.9255
MarkRutte_MatthijsNieuwkerk.mp4,01:39,happy,12.692042,0.015067048,10.605074,45.64042,16.240152,1.0017586,13.805493
MarkRutte_MatthijsNieuwkerk.mp4,01:39,neutral,6.228951e-11,3.4444856e-17,5.8439786e-05,0.00043999078,2.2025002e-05,3.4198827e-05,99.99945
MarkRutte_MatthijsNieuwkerk.mp4,01:39,fear,6.8416624,0.0043465826,38.696823,10.872238,25.609955,1.9672953,16.007683
MarkRutte_MatthijsNieuwkerk.mp4,01:39,happy,0.023039754,1.23439095e-05,0.022412738,98.483025,0.025905354,0.00083410594,1.4447676
MarkRutte_MatthijsNieuwkerk.mp4,01:39,fear,14.916996,0.0025485768,42.55184,0.009835929,41.284615,0.6334983,0.6006602
MarkRutte_MatthijsNieuwkerk.mp4,01:39,neutral,0.00031442515,1.6773836e-06,0.061610162,1.7340925,0.0033155757,0.08987894,98.11079
MarkRutte_MatthijsNieuwkerk.mp4,01:39,angry,75.50635,0.0020779357,7.8677664,0.054961514,5.848267,10.684536,0.036047816
MarkRutte_MatthijsNieuwkerk.mp4,01:39,angry,68.793106,0.0042910627,2.9340878,0.60555017,8.67402,16.887917,2.1010356
MarkRutte_MatthijsNieuwkerk.mp4,01:39,neutral,0.1275274,0.016336061,2.2819152,0.6769195,4.742958,0.0015903193,92.152756
MarkRutte_MatthijsNieuwkerk.mp4,01:40,fear,14.672842,0.010602061,38.58681,0.08290289,37.664715,0.508765,8.473358
MarkRutte_MatthijsNieuwkerk.mp4,01:40,neutral,0.00042979512,3.2834386e-08,14.054264,0.0007200349,0.54921144,0.19771141,85.19766
MarkRutte_MatthijsNieuwkerk.mp4,01:40,sad,2.7973187,0.025829175,6.417869,4.812424,44.296024,0.1471392,41.503395
MarkRutte_MatthijsNieuwkerk.mp4,01:40,neutral,0.00014851661,3.9959723e-08,43.740776,0.0003702196,0.12817152,0.0028797516,56.127655
MarkRutte_MatthijsNieuwkerk.mp4,01:40,sad,6.1242666,0.82841325,20.161863,0.15564899,51.78707,0.39742076,20.54531
MarkRutte_MatthijsNieuwkerk.mp4,01:40,sad,19.033646,0.20318396,15.048977,0.024756342,62.005005,0.06403838,3.6203916
MarkRutte_MatthijsNieuwkerk.mp4,01:40,sad,4.843065,0.15625587,14.655858,3.21518,49.44645,0.15445958,27.528732
MarkRutte_MatthijsNieuwkerk.mp4,01:40,sad,2.7906013,0.039729346,0.95180804,0.11620619,78.86448,0.009960033,17.227217
MarkRutte_MatthijsNieuwkerk.mp4,01:40,neutral,3.1571915e-06,4.1954926e-11,0.0208197,0.009102952,0.0035096742,0.0014486052,99.96512
MarkRutte_MatthijsNieuwkerk.mp4,01:40,neutral,6.6430177e-09,8.9156405e-17,0.002705259,5.7985715e-05,0.00028317058,1.1167013e-08,99.996956
MarkRutte_MatthijsNieuwkerk.mp4,01:40,angry,93.407745,0.0002608016,2.2738519,0.018127136,3.7778804,0.021891333,0.50024456
MarkRutte_MatthijsNieuwkerk.mp4,01:40,sad,2.5697362,0.0063302396,5.241619,5.650612,56.151325,0.057678204,30.3227
MarkRutte_MatthijsNieuwkerk.mp4,01:40,sad,7.5169196,0.0636095,19.888704,0.2450032,67.53816,0.02066102,4.72694
MarkRutte_MatthijsNieuwkerk.mp4,01:40,angry,32.73219,0.018591093,22.909103,0.037517577,32.143513,0.048357833,12.110729
MarkRutte_MatthijsNieuwkerk.mp4,01:40,angry,49.08732,1.4242123,26.310413,0.006968867,17.94509,0.21016148,5.015843
MarkRutte_MatthijsNieuwkerk.mp4,01:40,sad,5.5403166,0.00014945868,10.17698,0.01584062,80.82239,9.252942e-05,3.444237
MarkRutte_MatthijsNieuwkerk.mp4,01:40,angry,99.4683,0.0010117773,0.21915133,0.0010633998,0.14573915,0.16244543,0.0022964554
MarkRutte_MatthijsNieuwkerk.mp4,01:40,sad,25.788136,2.7363987,15.566729,0.0028058668,52.667645,0.030981792,3.2073057
MarkRutte_MatthijsNieuwkerk.mp4,01:40,angry,58.08861,0.12746824,16.775417,0.0020347715,22.875961,0.7048847,1.4256227
MarkRutte_MatthijsNieuwkerk.mp4,01:40,neutral,2.4670902e-08,1.0814365e-12,0.35072786,0.0028958486,0.015271341,1.570721e-06,99.6311
MarkRutte_MatthijsNieuwkerk.mp4,01:40,neutral,2.3599483e-07,1.9199859e-11,0.80902934,0.004059874,0.042123042,1.3914059e-05,99.144775
MarkRutte_MatthijsNieuwkerk.mp4,01:40,neutral,1.8499402e-05,8.462986e-07,0.10008765,1.5108317,0.012637165,0.0010434018,98.37538
MarkRutte_MatthijsNieuwkerk.mp4,01:40,fear,29.266455,0.0026391728,41.610203,0.027107444,24.93623,2.927944,1.2294127
MarkRutte_MatthijsNieuwkerk.mp4,01:40,fear,13.260182,0.050038803,62.081593,0.0060103857,19.828941,4.5891914,0.18404347
MarkRutte_MatthijsNieuwkerk.mp4,01:40,surprise,3.5448108,0.002099446,25.76324,0.0050393404,1.2453861,69.406944,0.03248104
MarkRutte_MatthijsNieuwkerk.mp4,01:41,surprise,1.8701267,0.0014027035,4.764085,0.00053188356,1.4168582,91.90155,0.045448314
MarkRutte_MatthijsNieuwkerk.mp4,01:41,sad,7.2743587,0.14456788,39.64847,0.037186675,48.742847,1.2958112,2.8567538
MarkRutte_MatthijsNieuwkerk.mp4,01:41,sad,24.891731,1.2195181,16.599318,0.14340135,48.371586,0.43278784,8.341658
MarkRutte_MatthijsNieuwkerk.mp4,01:41,sad,15.512788,0.1287137,29.334913,0.05577626,46.61733,3.282747,5.067735
MarkRutte_MatthijsNieuwkerk.mp4,01:41,sad,8.146188,0.047319416,25.825237,0.015082314,50.329243,14.956294,0.68063056
MarkRutte_MatthijsNieuwkerk.mp4,01:41,sad,19.99164,0.58949,21.019716,0.024440737,50.237938,6.453006,1.6837704
MarkRutte_MatthijsNieuwkerk.mp4,01:41,fear,6.610685,2.8569105,68.06005,0.017053343,12.741425,9.166823,0.5470568
MarkRutte_MatthijsNieuwkerk.mp4,01:41,angry,34.362972,4.691125,22.082352,0.0077481354,34.277473,1.4960005,3.0823317
MarkRutte_MatthijsNieuwkerk.mp4,01:41,angry,32.45534,8.936663,22.472017,0.010738118,29.848408,2.6359236,3.6409025
MarkRutte_MatthijsNieuwkerk.mp4,01:41,angry,50.80751,0.012608434,12.811434,0.00038290286,33.68392,0.39705518,2.2870893
MarkRutte_MatthijsNieuwkerk.mp4,01:41,angry,53.583466,0.014490744,4.169042,0.0047243517,38.19407,0.20287468,3.8313272
MarkRutte_MatthijsNieuwkerk.mp4,01:41,sad,38.106533,0.012356659,1.5476643,0.008473969,58.095787,0.17797334,2.0512092
MarkRutte_MatthijsNieuwkerk.mp4,01:41,angry,58.486225,0.079226136,1.7155894,0.009322411,36.87531,0.370103,2.4642253
MarkRutte_MatthijsNieuwkerk.mp4,01:41,sad,48.43366,0.016304484,1.7342665,0.004345916,48.469574,0.067054346,1.274797
MarkRutte_MatthijsNieuwkerk.mp4,01:41,angry,47.717556,0.019980164,3.8876653,0.013417222,42.435547,0.043755047,5.8820806
MarkRutte_MatthijsNieuwkerk.mp4,01:41,sad,42.313206,0.06263911,4.891654,0.008516017,48.218357,0.07614088,4.429498
MarkRutte_MatthijsNieuwkerk.mp4,01:41,angry,54.78593,0.51394784,9.980818,0.00059712253,32.4254,0.31375235,1.979566
MarkRutte_MatthijsNieuwkerk.mp4,01:41,sad,42.214275,0.017303573,3.6748583,0.00040158746,53.267628,0.12804447,0.6974965
MarkRutte_MatthijsNieuwkerk.mp4,01:41,angry,57.709373,0.035020716,2.3207924,0.00016076033,39.446198,0.08805508,0.40040115
MarkRutte_MatthijsNieuwkerk.mp4,01:41,angry,51.545654,0.04125483,5.411488,0.00047692462,42.04418,0.3634915,0.59344673
MarkRutte_MatthijsNieuwkerk.mp4,01:41,angry,63.753677,0.026076345,2.7812104,0.008430449,30.95826,0.7670345,1.705312
MarkRutte_MatthijsNieuwkerk.mp4,01:41,sad,45.590458,0.029756142,3.2970111,0.003132084,49.780464,0.44176498,0.857415
MarkRutte_MatthijsNieuwkerk.mp4,01:41,angry,75.36016,0.063396215,2.4871297,0.002159504,21.300941,0.5772735,0.20893769
MarkRutte_MatthijsNieuwkerk.mp4,01:41,angry,62.37347,0.33994243,6.9438643,0.012383264,28.906336,0.9960747,0.42792004
MarkRutte_MatthijsNieuwkerk.mp4,01:41,fear,33.63079,5.8775554,40.6824,0.109654814,8.404492,7.0941744,4.2009377
MarkRutte_MatthijsNieuwkerk.mp4,01:42,fear,28.28394,1.1307819,36.247498,0.7363547,21.371086,4.192754,8.037593
MarkRutte_MatthijsNieuwkerk.mp4,01:42,neutral,11.8834095,0.008079635,3.8111846,0.123085044,21.271685,0.04342374,62.85913
MarkRutte_MatthijsNieuwkerk.mp4,01:42,angry,67.002144,0.018271973,8.393226,0.015537795,15.137013,0.016288921,9.417514
MarkRutte_MatthijsNieuwkerk.mp4,01:42,sad,27.135035,0.0065739965,9.913628,0.02999298,48.628082,0.0013548522,14.285334
MarkRutte_MatthijsNieuwkerk.mp4,01:42,sad,31.151772,0.09896507,23.262068,0.06516122,40.826817,0.10928813,4.4859304
MarkRutte_MatthijsNieuwkerk.mp4,01:42,neutral,2.9653043e-08,1.5589642e-12,0.00045753754,0.0065369844,0.00081407133,1.1440769e-05,99.99218
MarkRutte_MatthijsNieuwkerk.mp4,01:42,neutral,2.291923e-08,9.323601e-13,0.00042856386,0.0058775856,0.0031266124,2.6715354e-06,99.990555
MarkRutte_MatthijsNieuwkerk.mp4,01:42,neutral,2.916298e-06,1.8942199e-11,0.002227882,0.013333284,0.00432224,0.000254269,99.97986
MarkRutte_MatthijsNieuwkerk.mp4,01:42,angry,58.04665,0.13184263,19.405546,0.036297776,20.079718,0.30723432,1.992712
MarkRutte_MatthijsNieuwkerk.mp4,01:42,neutral,2.8813674e-06,2.501949e-09,0.006864831,0.017376598,0.048815764,1.50153555e-05,99.92693
MarkRutte_MatthijsNieuwkerk.mp4,01:42,angry,88.044205,0.824978,6.0621705,0.015535664,2.7484267,1.9563814,0.3483021
MarkRutte_MatthijsNieuwkerk.mp4,01:42,angry,42.994072,0.26743057,26.66097,0.081117235,26.049536,1.4434218,2.5034602
MarkRutte_MatthijsNieuwkerk.mp4,01:42,sad,1.1230203,0.010620097,1.2548343,1.1650488,93.343475,2.822497e-06,3.103008
MarkRutte_MatthijsNieuwkerk.mp4,01:42,angry,87.6451,0.07836232,4.859161,0.011142604,6.758289,0.023805713,0.6241441
MarkRutte_MatthijsNieuwkerk.mp4,01:42,angry,55.200947,0.05509699,7.7487874,0.0488295,28.976042,0.786789,7.1835103
MarkRutte_MatthijsNieuwkerk.mp4,01:42,angry,47.708866,0.017301563,8.307139,0.018776977,39.4722,0.039399847,4.4363194
MarkRutte_MatthijsNieuwkerk.mp4,01:42,angry,39.67472,0.1527448,27.730217,0.096815705,28.656166,0.22631127,3.4630208
MarkRutte_MatthijsNieuwkerk.mp4,01:42,angry,42.515118,0.2526793,16.343203,0.064730726,37.47845,0.28141123,3.064406
MarkRutte_MatthijsNieuwkerk.mp4,01:42,angry,81.84851,0.00029799898,2.0907931,0.0029653257,14.322083,0.0019761112,1.733369
MarkRutte_MatthijsNieuwkerk.mp4,01:42,angry,48.36354,0.07983527,15.097494,0.035569437,33.809673,0.28561732,2.3282673
MarkRutte_MatthijsNieuwkerk.mp4,01:42,angry,72.275536,0.003365246,5.9312673,0.013124718,20.202864,0.009622443,1.5642202
MarkRutte_MatthijsNieuwkerk.mp4,01:42,angry,66.421425,0.104012944,14.69076,0.029033653,16.682974,0.48749375,1.5843158
MarkRutte_MatthijsNieuwkerk.mp4,01:42,angry,67.73361,0.05836174,9.293943,0.015546485,20.536373,0.099796295,2.2623725
MarkRutte_MatthijsNieuwkerk.mp4,01:42,angry,43.928936,0.058725756,20.487457,0.15898137,29.334328,0.26060948,5.770965
MarkRutte_MatthijsNieuwkerk.mp4,01:42,angry,56.247868,0.053621743,14.132944,0.027553108,25.317743,0.08968645,4.1305842
MarkRutte_MatthijsNieuwkerk.mp4,01:43,angry,35.908573,0.2701311,32.610664,0.03291594,28.072762,1.7977506,1.3072
MarkRutte_MatthijsNieuwkerk.mp4,01:43,angry,56.047863,0.007200037,12.333525,0.06239444,28.168482,0.13245231,3.2480884
MarkRutte_MatthijsNieuwkerk.mp4,01:43,sad,0.80392885,1.4766988e-05,1.4985937,3.0593746,87.77471,7.147372e-05,6.8633137
MarkRutte_MatthijsNieuwkerk.mp4,01:43,sad,29.445652,0.09256523,29.06938,0.11387801,36.48478,2.909544,1.8842039
MarkRutte_MatthijsNieuwkerk.mp4,01:43,angry,66.873726,0.013995794,16.790945,0.19274132,13.310713,0.68920934,2.1286666
MarkRutte_MatthijsNieuwkerk.mp4,01:43,angry,61.858,0.65433884,23.263794,0.26296657,5.5454235,8.010772,0.40470937
MarkRutte_MatthijsNieuwkerk.mp4,01:43,neutral,1.2155372e-06,1.7842965e-11,0.008005715,0.0028868488,0.018455748,4.3312764e-05,99.97061
MarkRutte_MatthijsNieuwkerk.mp4,01:43,happy,0.00435953,9.691819e-06,0.0026662052,98.435394,0.09686014,0.00025727222,1.4604545
MarkRutte_MatthijsNieuwkerk.mp4,01:43,happy,0.0017330965,2.929966e-08,2.4462099e-05,99.75547,0.0049826787,0.00043606388,0.2373551
MarkRutte_MatthijsNieuwkerk.mp4,01:43,neutral,2.2144072,1.7686552e-05,0.47521996,0.039235774,24.075275,0.0013305971,73.19452
MarkRutte_MatthijsNieuwkerk.mp4,01:43,fear,1.3553663,0.00942854,68.66623,0.7897001,4.8568707,1.572048,22.75036
MarkRutte_MatthijsNieuwkerk.mp4,01:43,neutral,0.0018593783,2.4835483e-06,0.07973242,5.9575577,0.067200564,0.22237697,93.67127
MarkRutte_MatthijsNieuwkerk.mp4,01:43,happy,0.00019847968,1.0915269e-09,4.2413544e-06,99.62434,0.00047050288,2.6375545e-05,0.37496904
MarkRutte_MatthijsNieuwkerk.mp4,01:43,neutral,2.0977886e-07,6.5235924e-13,0.0016222518,0.002946424,0.0027102446,0.0001775642,99.99253
MarkRutte_MatthijsNieuwkerk.mp4,01:43,neutral,2.189357e-06,9.551318e-11,0.016226193,0.0102171805,0.029425638,0.00013824044,99.94399
MarkRutte_MatthijsNieuwkerk.mp4,01:43,neutral,5.168144e-05,3.2315846e-08,4.5500736,0.0008383203,1.0414407,0.00087949034,94.406715
MarkRutte_MatthijsNieuwkerk.mp4,01:43,angry,68.83612,0.0037654743,14.114134,0.21377729,2.5601258,14.23191,0.040156633
MarkRutte_MatthijsNieuwkerk.mp4,01:43,neutral,0.00087178213,1.8406295e-08,0.28117186,0.0006209513,0.60185105,0.0005989906,99.11488
MarkRutte_MatthijsNieuwkerk.mp4,01:43,fear,14.870282,0.0123309735,50.57221,0.47057152,25.219198,6.3484564,2.5069547
MarkRutte_MatthijsNieuwkerk.mp4,01:43,angry,82.38243,0.0038931707,3.3886545,0.031569812,1.3070121,12.8477545,0.038682263
MarkRutte_MatthijsNieuwkerk.mp4,01:43,angry,67.020355,0.0055537242,18.143196,0.08315672,7.854222,6.8346133,0.058900733
MarkRutte_MatthijsNieuwkerk.mp4,01:43,angry,58.14649,0.052069206,1.704024,0.0072382474,1.3079742,38.73558,0.04662244
MarkRutte_MatthijsNieuwkerk.mp4,01:43,surprise,36.907326,0.00084894174,1.4290966,0.018398425,0.69108754,60.945057,0.008187049
MarkRutte_MatthijsNieuwkerk.mp4,01:43,angry,67.02859,0.00082520454,7.4108644,0.141898,0.59781075,24.81448,0.005529223
MarkRutte_MatthijsNieuwkerk.mp4,01:44,angry,49.322857,7.533369e-05,25.721304,0.33563533,16.048086,8.555713,0.016340273
MarkRutte_MatthijsNieuwkerk.mp4,01:44,angry,55.35671,0.0001673189,3.5134087,0.039561033,0.77887475,40.308414,0.0028737085
MarkRutte_MatthijsNieuwkerk.mp4,01:44,surprise,4.7205606,3.2764106e-06,25.333136,0.0462417,9.122251,60.776066,0.0017381209
MarkRutte_MatthijsNieuwkerk.mp4,01:44,fear,4.805368,3.7222758e-06,65.26108,0.10435843,27.362766,2.4628472,0.0035906276
MarkRutte_MatthijsNieuwkerk.mp4,01:44,fear,29.450539,0.00020120837,55.26507,0.40520757,13.07464,1.7829654,0.021365326
MarkRutte_MatthijsNieuwkerk.mp4,01:44,angry,70.642784,0.003928347,19.988499,0.19962686,3.9605148,5.1220646,0.082587875
MarkRutte_MatthijsNieuwkerk.mp4,01:44,angry,50.59057,7.771158e-05,23.136477,0.31659898,25.61869,0.13091241,0.20668279
MarkRutte_MatthijsNieuwkerk.mp4,01:44,angry,96.186165,0.00012094364,2.8652725,0.1822387,0.37269753,0.39022306,0.0032831598
MarkRutte_MatthijsNieuwkerk.mp4,01:44,neutral,1.2784362e-09,6.1017564e-16,0.031755872,9.424672e-07,0.0010615607,1.2814124e-05,99.96717
MarkRutte_MatthijsNieuwkerk.mp4,01:44,angry,90.781586,0.004253695,2.7665472,0.05496881,0.18285032,6.2063675,0.0034267518
MarkRutte_MatthijsNieuwkerk.mp4,01:44,angry,74.07694,0.0006383331,11.003284,0.31142184,13.584419,0.027137557,0.99615264
MarkRutte_MatthijsNieuwkerk.mp4,01:44,angry,64.20031,0.00018154412,16.387184,1.5916313,16.306046,0.26866674,1.2459793
MarkRutte_MatthijsNieuwkerk.mp4,01:44,sad,22.463732,0.00093229325,33.752296,0.4297482,42.286697,0.051015835,1.0155691
MarkRutte_MatthijsNieuwkerk.mp4,01:44,sad,24.538353,0.0096288305,34.803947,0.2089859,37.837986,0.07290827,2.5281937
MarkRutte_MatthijsNieuwkerk.mp4,01:44,sad,9.377097,0.0012426281,12.74616,0.6125157,67.652115,0.025985396,9.584878
MarkRutte_MatthijsNieuwkerk.mp4,01:44,surprise,0.51998764,2.5951415e-05,0.978369,0.009515838,0.00558024,98.48644,8.18986e-05
MarkRutte_MatthijsNieuwkerk.mp4,01:44,surprise,3.1127264,0.0005979641,2.6631234,0.044194102,0.023927292,94.1546,0.000834124
MarkRutte_MatthijsNieuwkerk.mp4,01:44,surprise,7.2294755,0.009467351,3.863451,0.0892638,0.01447423,88.79348,0.0003860821
MarkRutte_MatthijsNieuwkerk.mp4,01:44,surprise,3.5481865,0.00043459094,10.6269455,0.4470791,0.10053208,85.26899,0.007838323
MarkRutte_MatthijsNieuwkerk.mp4,01:44,surprise,2.408599,8.3525396e-05,4.7120223,0.16715486,0.035428945,92.674095,0.0026174402
MarkRutte_MatthijsNieuwkerk.mp4,01:44,surprise,31.517183,0.007913889,14.251645,0.6960325,0.14525329,53.36535,0.016622916
MarkRutte_MatthijsNieuwkerk.mp4,01:44,fear,32.91748,0.0007313999,36.505013,2.3701913,23.104715,4.2316175,0.8702488
MarkRutte_MatthijsNieuwkerk.mp4,01:44,angry,41.16936,0.00039543974,24.833084,0.58242214,29.233805,1.328915,2.8520212
MarkRutte_MatthijsNieuwkerk.mp4,01:44,fear,10.495061,0.010862843,45.611298,0.147145,38.902435,0.04375614,4.789444
MarkRutte_MatthijsNieuwkerk.mp4,01:44,sad,19.428516,0.0006464561,17.490074,0.09876305,58.549423,0.0685438,4.3640347
MarkRutte_MatthijsNieuwkerk.mp4,01:45,sad,15.988649,0.00052185584,20.442831,0.07465321,58.066887,0.06390699,5.3625507
MarkRutte_MatthijsNieuwkerk.mp4,01:45,sad,12.623729,0.00029543237,23.936989,0.07356268,41.857136,0.012963923,21.495321
MarkRutte_MatthijsNieuwkerk.mp4,01:45,fear,16.715792,0.018078754,45.866673,0.24048501,31.718756,0.2893852,5.150831
MarkRutte_MatthijsNieuwkerk.mp4,01:45,sad,0.008440605,0.0031686586,5.6084046,1.9546728,84.02258,2.9178527e-05,8.402708
MarkRutte_MatthijsNieuwkerk.mp4,01:45,angry,39.365536,0.0022599492,26.191439,0.07957435,31.73513,0.5383109,2.087745
MarkRutte_MatthijsNieuwkerk.mp4,01:45,fear,20.682314,0.00033280576,42.785286,1.1935254,29.326431,0.7536693,5.258443
MarkRutte_MatthijsNieuwkerk.mp4,01:45,fear,3.7840104,8.866537e-05,53.364197,0.17658535,41.93614,0.6669857,0.07198858
MarkRutte_MatthijsNieuwkerk.mp4,01:45,sad,0.09016002,0.0011744205,0.32705638,0.37276268,98.932785,4.953233e-08,0.27606454
MarkRutte_MatthijsNieuwkerk.mp4,01:45,fear,5.8286963,6.231001e-05,80.61995,0.8447532,9.859283,2.5062006,0.34105635
MarkRutte_MatthijsNieuwkerk.mp4,01:45,fear,21.604265,0.00017302693,41.52409,1.0197663,31.828823,0.42822155,3.5946655
MarkRutte_MatthijsNieuwkerk.mp4,01:45,sad,0.017299572,0.00018605628,1.8858473,0.01287461,97.583786,1.4486071e-06,0.500012
MarkRutte_MatthijsNieuwkerk.mp4,01:45,fear,3.7449386,0.0001219453,77.091484,1.6245266,15.876852,1.0962365,0.56584
MarkRutte_MatthijsNieuwkerk.mp4,01:45,sad,3.8835912,0.000104060884,20.564848,1.2303537,73.37171,0.2394617,0.709931
MarkRutte_MatthijsNieuwkerk.mp4,01:45,fear,5.7876277,0.00012005378,75.33035,1.6135689,5.3565392,11.726093,0.18569538
MarkRutte_MatthijsNieuwkerk.mp4,01:45,neutral,4.9751154e-15,4.938013e-25,0.0038861118,3.1266274e-09,3.7656287e-07,5.2908423e-08,99.99612
MarkRutte_MatthijsNieuwkerk.mp4,01:45,fear,9.144993,4.9675094e-05,62.38675,0.06848355,28.128433,0.2563132,0.014976909
MarkRutte_MatthijsNieuwkerk.mp4,01:45,neutral,1.8311385e-07,1.7553163e-13,1.2547667,2.0719244e-05,0.0004872856,0.00018903927,98.74454
MarkRutte_MatthijsNieuwkerk.mp4,01:45,neutral,3.2426855e-05,4.0532577e-10,30.169317,8.100158e-05,6.1233287,1.7275223e-06,63.707237
MarkRutte_MatthijsNieuwkerk.mp4,01:45,angry,87.75514,0.00015063019,3.7263963,0.090973146,7.989212,0.33757415,0.100550845
MarkRutte_MatthijsNieuwkerk.mp4,01:45,angry,86.85575,3.050093e-06,0.06542109,0.02206582,0.013423055,13.043196,0.00014209177
MarkRutte_MatthijsNieuwkerk.mp4,01:45,angry,96.76328,0.00014551244,0.7825788,0.04698264,0.65963155,1.7431729,0.004216057
MarkRutte_MatthijsNieuwkerk.mp4,01:45,surprise,28.566235,0.00015090186,4.82656,0.27207682,1.2193398,64.87685,0.2387856
MarkRutte_MatthijsNieuwkerk.mp4,01:45,fear,23.263649,0.0049293432,56.218094,0.66812104,18.202593,1.0074413,0.63517636
MarkRutte_MatthijsNieuwkerk.mp4,01:46,angry,70.79009,6.731775e-05,3.5147069,0.13731205,25.003304,0.4616388,0.09288625
MarkRutte_MatthijsNieuwkerk.mp4,01:46,fear,16.22196,0.00074290077,53.29344,4.837621,25.059658,0.22725089,0.35932952
MarkRutte_MatthijsNieuwkerk.mp4,01:46,fear,0.50146145,2.6707256e-05,58.83972,8.557083,6.456465,24.788193,0.85705835
MarkRutte_MatthijsNieuwkerk.mp4,01:46,sad,6.264726,0.0008674396,3.7747068,0.27938768,89.54998,0.00075375376,0.12958173
MarkRutte_MatthijsNieuwkerk.mp4,01:46,angry,53.723217,0.0023355877,25.909435,0.5690037,19.713453,0.049539976,0.03301678
MarkRutte_MatthijsNieuwkerk.mp4,01:46,sad,13.799224,0.00036770964,19.571901,0.2685585,65.87197,0.071274646,0.4167075
MarkRutte_MatthijsNieuwkerk.mp4,01:46,fear,1.106492,2.2955957e-05,79.12186,2.2918265,17.156109,0.06289417,0.260802
MarkRutte_MatthijsNieuwkerk.mp4,01:46,fear,1.8987678,7.308313e-05,58.125042,0.21856296,39.75587,0.00024222345,0.0014350094
MarkRutte_MatthijsNieuwkerk.mp4,01:46,sad,0.11141325,0.00012069395,9.632577,0.00010866988,85.566956,1.683933e-05,4.688808
MarkRutte_MatthijsNieuwkerk.mp4,01:47,neutral,0.17079693,8.092386e-15,0.00047093688,1.7187272e-08,2.676536,2.593722e-09,97.1522
MarkRutte_MatthijsNieuwkerk.mp4,01:48,fear,0.0009122925,4.710034e-09,99.90306,0.05562502,0.011888154,0.014109588,0.014407112
MarkRutte_MatthijsNieuwkerk.mp4,01:48,fear,0.4465458,6.1776184e-09,98.98459,0.33672056,0.19802147,0.00016268794,0.033970423
MarkRutte_MatthijsNieuwkerk.mp4,01:49,fear,0.0013843834,3.0824616e-08,94.92049,4.7116857,0.21660168,0.00776239,0.1420775
MarkRutte_MatthijsNieuwkerk.mp4,01:50,sad,2.9034476,5.627548e-05,46.470936,0.2878962,49.608273,0.2013951,0.52800256
MarkRutte_MatthijsNieuwkerk.mp4,01:50,sad,24.63229,7.694397e-05,25.115463,0.010006515,50.0825,0.13219139,0.027475372
MarkRutte_MatthijsNieuwkerk.mp4,01:50,angry,70.52589,0.0013331963,16.297903,0.008135676,12.945936,0.098212175,0.1225836
MarkRutte_MatthijsNieuwkerk.mp4,01:51,angry,50.065334,0.0037305516,41.613865,0.0851981,5.5629706,2.5990622,0.069836326
MarkRutte_MatthijsNieuwkerk.mp4,01:51,angry,81.72946,0.0005138848,9.667494,0.0037308084,8.391281,0.03337512,0.17415623
MarkRutte_MatthijsNieuwkerk.mp4,01:51,angry,63.275764,0.0014277967,25.82095,0.012316413,10.687535,0.11199601,0.09000717
MarkRutte_MatthijsNieuwkerk.mp4,01:51,angry,58.10948,0.00032422115,6.6293716,0.017657682,34.99666,0.0058416016,0.24067098
MarkRutte_MatthijsNieuwkerk.mp4,01:51,angry,76.86191,0.00026773327,5.9765024,0.023895066,16.722622,0.006034214,0.40876955
MarkRutte_MatthijsNieuwkerk.mp4,01:51,angry,60.064644,0.00020401603,9.681053,0.041179433,29.773525,0.024599116,0.41479534
MarkRutte_MatthijsNieuwkerk.mp4,01:51,angry,58.60739,0.0007630453,25.384935,0.07245154,14.850084,0.61060846,0.47377393
MarkRutte_MatthijsNieuwkerk.mp4,01:51,angry,94.625465,0.00011289738,1.7832149,0.007929215,3.5032678,0.071931295,0.008075325
MarkRutte_MatthijsNieuwkerk.mp4,01:51,angry,95.10745,0.00090505794,2.9049957,0.04953301,1.4551988,0.021392973,0.46052012
MarkRutte_MatthijsNieuwkerk.mp4,01:51,angry,69.73115,1.3963566e-05,4.8798976,0.013220006,25.219864,0.033776116,0.12208523
MarkRutte_MatthijsNieuwkerk.mp4,01:51,angry,76.01418,5.828903e-05,5.7793875,0.019277796,18.002316,0.074914776,0.109859765
MarkRutte_MatthijsNieuwkerk.mp4,01:51,angry,94.20232,1.6960304e-05,2.7617602,0.04675728,2.8975766,0.031096477,0.06047404
MarkRutte_MatthijsNieuwkerk.mp4,01:51,sad,16.067877,3.6283185e-05,25.117466,0.27713364,57.849415,0.17771974,0.51036
MarkRutte_MatthijsNieuwkerk.mp4,01:51,angry,70.10368,2.3645809e-05,6.2884555,0.1677079,19.728598,3.642606,0.06893223
MarkRutte_MatthijsNieuwkerk.mp4,01:51,angry,47.23958,0.0013405188,19.106623,0.134422,33.2282,0.0784691,0.2113582
MarkRutte_MatthijsNieuwkerk.mp4,01:51,sad,32.32495,0.004450273,10.417045,0.027823703,56.856922,0.002672738,0.366141
MarkRutte_MatthijsNieuwkerk.mp4,01:51,sad,1.4582939,0.0014706061,35.246555,1.0472722,56.280636,0.0035372712,5.9622297
MarkRutte_MatthijsNieuwkerk.mp4,01:51,sad,1.4700241,0.008022268,45.57854,0.7865348,51.442497,0.001293029,0.7130928
MarkRutte_MatthijsNieuwkerk.mp4,01:51,sad,7.42954,0.0032534685,41.83645,0.6676101,49.53894,0.010174223,0.5140297
MarkRutte_MatthijsNieuwkerk.mp4,01:51,sad,5.9706326,0.0042822375,26.669651,1.4242712,60.03625,0.017679524,5.877233
MarkRutte_MatthijsNieuwkerk.mp4,01:51,sad,0.8600583,0.0013195982,9.453994,0.084514186,83.64372,0.0024112004,5.9539814
MarkRutte_MatthijsNieuwkerk.mp4,01:51,sad,10.3446865,0.0041686255,18.077785,0.34211883,70.05197,0.0047092238,1.1745574
MarkRutte_MatthijsNieuwkerk.mp4,01:51,sad,16.252644,0.0014163569,5.9216924,0.057267655,76.17933,0.0014160193,1.5862309
MarkRutte_MatthijsNieuwkerk.mp4,01:52,sad,19.068047,0.010417195,6.320604,0.044861887,72.163864,0.0006059482,2.3916094
MarkRutte_MatthijsNieuwkerk.mp4,01:52,sad,39.569374,0.006039567,2.4937088,0.030965796,55.647327,8.847287e-05,2.252496
MarkRutte_MatthijsNieuwkerk.mp4,01:52,sad,33.657764,0.046938866,2.6540353,0.264716,59.678585,0.0010143485,3.6969464
MarkRutte_MatthijsNieuwkerk.mp4,01:52,angry,77.04486,0.00688717,1.1493826,0.014490796,21.000568,2.513653e-05,0.7837889
MarkRutte_MatthijsNieuwkerk.mp4,01:52,sad,34.97691,0.04728367,6.8175416,0.00033737483,52.309464,0.000821121,5.8476343
MarkRutte_MatthijsNieuwkerk.mp4,01:52,sad,23.310041,0.00021491703,20.338211,7.968435e-05,48.92493,0.00038335624,7.4261336
MarkRutte_MatthijsNieuwkerk.mp4,01:52,sad,23.743078,0.0002605028,20.167639,9.949745e-05,47.62191,0.0003188756,8.466694
MarkRutte_MatthijsNieuwkerk.mp4,01:52,sad,23.347702,0.00017949114,19.015394,8.311637e-05,49.414806,0.00022329512,8.221617
MarkRutte_MatthijsNieuwkerk.mp4,01:52,sad,22.574482,0.00030877168,12.058183,0.0001489848,60.337494,0.00019589749,5.029185
MarkRutte_MatthijsNieuwkerk.mp4,01:52,sad,10.631978,0.0076062786,3.0185058,0.0012272164,82.220894,0.0004589995,4.119331
MarkRutte_MatthijsNieuwkerk.mp4,01:52,sad,16.888765,0.00015008287,6.9020004,0.00022623487,70.56404,8.0597325e-05,5.644743
MarkRutte_MatthijsNieuwkerk.mp4,01:52,sad,10.547544,0.0073838197,2.9160225,0.0011566759,82.54822,0.0004197765,3.9792514
MarkRutte_MatthijsNieuwkerk.mp4,01:52,sad,17.76357,0.02185033,4.4856744,0.00065218285,73.36772,0.00070404436,4.359823
MarkRutte_MatthijsNieuwkerk.mp4,01:52,sad,17.781971,0.019868083,7.8612027,0.005917928,67.01059,0.009073978,7.311388
MarkRutte_MatthijsNieuwkerk.mp4,01:52,happy,0.06669735,1.7586288e-17,0.0008453365,84.48735,6.661581,0.028982444,8.754549
MarkRutte_MatthijsNieuwkerk.mp4,01:52,sad,19.07421,9.487715e-05,16.803411,5.3799035e-05,58.60032,9.659917e-05,5.521819
MarkRutte_MatthijsNieuwkerk.mp4,01:52,sad,4.3131576,4.3897066e-06,1.6071863,0.00014851581,93.17802,2.1771407e-06,0.9014893
MarkRutte_MatthijsNieuwkerk.mp4,01:52,sad,4.3948793,4.6680198e-06,1.5594466,0.00011686868,93.18002,2.1086055e-06,0.86552763
MarkRutte_MatthijsNieuwkerk.mp4,01:52,sad,22.96517,0.028619356,3.6498823,0.003744978,69.73433,0.004463724,3.613788
MarkRutte_MatthijsNieuwkerk.mp4,01:52,sad,22.189688,0.026042053,3.9028466,0.006276557,68.88929,0.006460475,4.9793925
MarkRutte_MatthijsNieuwkerk.mp4,01:52,sad,21.782124,0.024445677,3.7062883,0.0052965614,69.93436,0.005089142,4.5423975
MarkRutte_MatthijsNieuwkerk.mp4,01:52,sad,25.483412,0.03862789,6.770531,0.005595475,59.302116,0.0087320125,8.390984
MarkRutte_MatthijsNieuwkerk.mp4,01:52,sad,18.961739,0.014824509,2.9230404,0.004071976,74.07037,0.0023715934,4.0235868
MarkRutte_MatthijsNieuwkerk.mp4,01:53,sad,22.927374,0.0240128,6.1200986,0.004079203,62.559383,0.014434445,8.350611
MarkRutte_MatthijsNieuwkerk.mp4,01:53,sad,21.161549,0.021145424,3.2404053,0.0044710785,71.372925,0.0032959678,4.196216
MarkRutte_MatthijsNieuwkerk.mp4,01:53,sad,24.62373,0.023857655,6.5166225,0.006260692,59.696957,0.03841077,9.094163
MarkRutte_MatthijsNieuwkerk.mp4,01:53,sad,23.446789,0.024372622,6.371821,0.0049831686,61.105846,0.01476661,9.031424
MarkRutte_MatthijsNieuwkerk.mp4,01:53,sad,10.955122,0.00015177013,7.7830315,5.6990175e-05,78.6724,7.892556e-05,2.589161
MarkRutte_MatthijsNieuwkerk.mp4,01:53,sad,24.958342,0.020571658,5.241042,0.01024351,56.208874,0.025197336,13.535729
MarkRutte_MatthijsNieuwkerk.mp4,01:53,sad,28.175632,0.023028532,4.364054,0.008601328,53.27074,0.0103557855,14.147596
MarkRutte_MatthijsNieuwkerk.mp4,01:53,sad,3.325597,1.1134053e-05,4.959068,0.0001355945,86.96284,3.043012e-05,4.75232
MarkRutte_MatthijsNieuwkerk.mp4,01:53,angry,48.312668,0.10023834,7.056413,0.005493611,34.07539,0.03727641,10.412515
MarkRutte_MatthijsNieuwkerk.mp4,01:53,angry,46.107628,0.084194556,6.268548,0.0044215475,36.88307,0.012189681,10.639949
MarkRutte_MatthijsNieuwkerk.mp4,01:53,sad,2.2605712,1.8962277e-06,1.5534496,9.248603e-06,94.4992,5.378017e-07,1.6867716
MarkRutte_MatthijsNieuwkerk.mp4,01:53,sad,2.148329,9.54034e-07,1.3919479,2.4886373e-05,94.01987,6.877432e-07,2.4398396
MarkRutte_MatthijsNieuwkerk.mp4,01:53,sad,26.014132,0.04196724,5.8639417,0.01052855,61.913403,0.03660243,6.119427
MarkRutte_MatthijsNieuwkerk.mp4,01:53,sad,29.872194,0.03779181,7.054105,0.007108493,50.318398,0.015957544,12.694449
MarkRutte_MatthijsNieuwkerk.mp4,01:53,sad,21.117012,0.039940365,7.97285,0.0030983752,63.650375,0.00681825,7.209903
MarkRutte_MatthijsNieuwkerk.mp4,01:53,sad,21.203005,0.039923918,8.028721,0.0030444954,63.486145,0.0068334425,7.2323313
MarkRutte_MatthijsNieuwkerk.mp4,01:53,sad,34.36602,0.060511567,8.589327,0.0016706599,48.98851,0.010684767,7.9832783
MarkRutte_MatthijsNieuwkerk.mp4,01:53,sad,4.184984,6.121514e-06,2.673078,2.1145835e-05,89.42034,1.7207315e-06,3.7215683
MarkRutte_MatthijsNieuwkerk.mp4,01:53,sad,18.522055,0.021736901,7.8638234,0.002648036,69.58181,0.015929969,3.9920025
MarkRutte_MatthijsNieuwkerk.mp4,01:53,sad,21.386038,0.03214224,10.079898,0.0041002226,57.186058,0.012734448,11.299026
MarkRutte_MatthijsNieuwkerk.mp4,01:53,sad,29.664436,0.07055485,10.703706,0.0018323446,53.37956,0.0150847295,6.1648293
MarkRutte_MatthijsNieuwkerk.mp4,01:53,sad,32.773796,0.09860365,9.188804,0.0018894309,49.778835,0.013170223,8.144902
MarkRutte_MatthijsNieuwkerk.mp4,01:53,sad,17.683086,0.03379941,9.987192,0.005220935,60.692276,0.01816258,11.580266
MarkRutte_MatthijsNieuwkerk.mp4,01:53,sad,33.454117,0.10068586,9.272087,0.0023092788,49.35909,0.016962057,7.794751
MarkRutte_MatthijsNieuwkerk.mp4,01:53,sad,33.454117,0.10068586,9.272087,0.0023092788,49.35909,0.016962057,7.794751
MarkRutte_MatthijsNieuwkerk.mp4,01:54,sad,11.028245,5.543867e-05,7.8664265,1.5983167e-05,76.214516,6.9224525e-06,4.890731
MarkRutte_MatthijsNieuwkerk.mp4,01:54,sad,4.5119624,1.8947444e-06,1.2647759,2.2180608e-05,91.82926,4.8078e-07,2.3939762
MarkRutte_MatthijsNieuwkerk.mp4,01:54,sad,17.172081,0.037663233,9.850903,0.005090172,61.45989,0.021370256,11.453008
MarkRutte_MatthijsNieuwkerk.mp4,01:54,sad,14.053915,0.030396363,9.261395,0.004268557,65.352455,0.015105333,11.282465
MarkRutte_MatthijsNieuwkerk.mp4,01:54,sad,4.446248,2.1665828e-06,0.98425937,1.6601927e-05,92.72439,2.8579083e-07,1.845083
MarkRutte_MatthijsNieuwkerk.mp4,01:54,sad,10.746835,0.014716791,6.5604277,0.0054805507,76.29243,0.020005062,6.360103
MarkRutte_MatthijsNieuwkerk.mp4,01:54,sad,10.746835,0.014716791,6.5604277,0.0054805507,76.29243,0.020005062,6.360103
MarkRutte_MatthijsNieuwkerk.mp4,01:54,sad,10.746835,0.014716791,6.5604277,0.0054805507,76.29243,0.020005062,6.360103
MarkRutte_MatthijsNieuwkerk.mp4,01:54,sad,9.428353,0.011607748,5.6490784,0.006640092,78.10463,0.01742511,6.7822733
MarkRutte_MatthijsNieuwkerk.mp4,01:54,sad,13.031532,0.013256078,7.89221,0.00615525,68.415504,0.029471098,10.611868
MarkRutte_MatthijsNieuwkerk.mp4,01:54,sad,13.030452,0.013253183,7.891945,0.0061556725,68.41571,0.029466659,10.613017
MarkRutte_MatthijsNieuwkerk.mp4,01:54,sad,19.167393,0.05259585,10.270462,0.0040547396,60.865433,0.012783204,9.627277
MarkRutte_MatthijsNieuwkerk.mp4,01:54,sad,3.7460136,2.1314872e-06,1.2300506,1.941179e-05,92.78856,4.1636028e-07,2.2353568
MarkRutte_MatthijsNieuwkerk.mp4,01:54,sad,11.767475,0.0252893,8.706082,0.003916261,70.400734,0.026478631,9.070028
MarkRutte_MatthijsNieuwkerk.mp4,01:54,sad,4.7544975,6.8818015e-05,15.073403,0.0012933976,69.31664,0.0008024779,10.853286
MarkRutte_MatthijsNieuwkerk.mp4,01:54,sad,1.2323021,0.00032034708,2.317875,0.0016539136,91.47855,0.0002854927,4.969007
MarkRutte_MatthijsNieuwkerk.mp4,01:54,sad,0.8659516,6.172047e-05,1.9925466,0.00053307466,93.50298,7.1357725e-05,3.637856
MarkRutte_MatthijsNieuwkerk.mp4,01:54,sad,0.8176779,5.6648725e-05,2.3601084,0.027476566,82.091034,0.0063407207,14.697308
MarkRutte_MatthijsNieuwkerk.mp4,01:54,sad,4.4373984,0.0004329113,3.7517614,0.0066904686,76.50292,0.0074433563,15.293354
MarkRutte_MatthijsNieuwkerk.mp4,01:54,sad,4.0581417,0.00016603454,3.2521334,0.011237512,64.906136,0.004789356,27.767399
MarkRutte_MatthijsNieuwkerk.mp4,01:54,sad,5.9184747,0.000418464,4.190709,0.017213378,62.421738,0.002221618,27.449226
MarkRutte_MatthijsNieuwkerk.mp4,01:54,sad,5.404782,0.00087312947,4.947684,0.022527624,74.944534,0.011292396,14.668301
MarkRutte_MatthijsNieuwkerk.mp4,01:54,sad,6.171474,0.0011287524,5.753742,0.015438232,75.56072,0.015053678,12.482433
MarkRutte_MatthijsNieuwkerk.mp4,01:54,sad,4.8057714,0.0002464011,3.999876,0.020280562,63.94014,0.0035871817,27.230097
MarkRutte_MatthijsNieuwkerk.mp4,01:54,sad,2.4277458,7.3907104e-06,7.6056104,0.0007575716,81.96964,0.000120047596,7.9961123
MarkRutte_MatthijsNieuwkerk.mp4,01:55,sad,2.1944954,1.0961058e-06,3.8869462,0.00096659595,88.68145,6.29433e-05,5.2360764
MarkRutte_MatthijsNieuwkerk.mp4,01:55,sad,1.9230242,0.0001192755,3.7973115,0.026770402,83.05637,0.0074194525,11.188981
MarkRutte_MatthijsNieuwkerk.mp4,01:55,sad,3.7904596,0.000119512595,4.1135364,0.009709654,79.221306,0.0057850694,12.859076
MarkRutte_MatthijsNieuwkerk.mp4,01:55,sad,1.7608147,5.3796168e-05,3.6329908,0.010940944,86.193016,0.0042568566,8.397931
MarkRutte_MatthijsNieuwkerk.mp4,01:55,neutral,2.4968133,6.389695e-05,5.6933637,0.07741945,42.53637,0.05365779,49.14231
MarkRutte_MatthijsNieuwkerk.mp4,01:55,neutral,3.0069628,8.0122045e-05,4.8929887,0.031033289,39.522514,0.02774705,52.518677
MarkRutte_MatthijsNieuwkerk.mp4,01:55,sad,2.351166,7.65163e-05,6.6560626,0.052247778,50.46733,0.027266223,40.445854
MarkRutte_MatthijsNieuwkerk.mp4,01:55,sad,2.351166,7.65163e-05,6.6560626,0.052247778,50.46733,0.027266223,40.445854
MarkRutte_MatthijsNieuwkerk.mp4,01:55,sad,3.412745,5.7843765e-05,6.419667,0.025923455,66.18856,0.036553852,23.916489
MarkRutte_MatthijsNieuwkerk.mp4,01:55,sad,1.6897758,1.5239905e-06,2.45452,0.00021380217,94.670265,5.0561166e-06,1.1852181
MarkRutte_MatthijsNieuwkerk.mp4,01:55,sad,3.6878645,3.190048e-05,5.2858186,0.015828243,56.50305,0.02546611,34.48194
MarkRutte_MatthijsNieuwkerk.mp4,01:55,sad,6.40429,0.0001359464,4.8127966,0.0076900236,69.19706,0.007183561,19.570845
MarkRutte_MatthijsNieuwkerk.mp4,01:55,sad,2.9756455,7.880939e-05,6.310839,0.03552487,77.065834,0.041023742,13.571053
MarkRutte_MatthijsNieuwkerk.mp4,01:55,sad,5.258584,0.0005151891,5.7301054,0.010318366,81.24709,0.013505104,7.7398753
MarkRutte_MatthijsNieuwkerk.mp4,01:55,sad,2.7018633,2.3168646e-05,6.1547303,0.012782348,73.75203,0.041872077,17.336699
MarkRutte_MatthijsNieuwkerk.mp4,01:55,sad,3.4952023,6.211315e-05,4.6196785,0.008595319,85.42986,0.0118940165,6.4347067
MarkRutte_MatthijsNieuwkerk.mp4,01:55,sad,4.133534,7.016501e-05,5.7866874,0.011807719,81.84329,0.037068687,8.187538
MarkRutte_MatthijsNieuwkerk.mp4,01:55,sad,2.3609612,4.624337e-05,7.0214987,0.03987627,74.833694,0.04520147,15.698727
MarkRutte_MatthijsNieuwkerk.mp4,01:55,sad,2.0289392,6.309563e-05,7.2733035,0.018808533,76.32892,0.02262379,14.327351
MarkRutte_MatthijsNieuwkerk.mp4,01:55,neutral,1.8843586,1.6464894e-05,4.561566,0.01677809,28.248062,0.017576864,65.27164
MarkRutte_MatthijsNieuwkerk.mp4,01:55,sad,6.4496408,0.000604337,5.99169,0.012843479,74.13626,0.0106618535,13.398294
MarkRutte_MatthijsNieuwkerk.mp4,01:55,sad,2.7780669,0.0002944873,6.4440727,0.030651731,85.05909,0.03333092,5.6544952
MarkRutte_MatthijsNieuwkerk.mp4,01:55,sad,4.8120837,0.00053196226,7.8037515,0.03571867,67.29616,0.026044214,20.025719
MarkRutte_MatthijsNieuwkerk.mp4,01:55,sad,5.8696165,0.00013327696,5.6306133,0.008010024,61.2135,0.016434077,27.26169
MarkRutte_MatthijsNieuwkerk.mp4,01:55,sad,6.3941865,0.0010361577,5.369296,0.0046659242,77.1157,0.004558895,11.110564
MarkRutte_MatthijsNieuwkerk.mp4,01:56,sad,1.5578791,0.00013205639,3.566366,0.0073033,70.21788,0.0043082205,24.646133
